/*********************************************************************
*                SEGGER Microcontroller GmbH & Co. KG                *
*        Solutions for real time microcontroller applications        *
*                           www.segger.com                           *
**********************************************************************
*                                                                    *
* C-file generated by                                                *
*                                                                    *
*        Font converter for emWin version 5.20                       *
*        Compiled Feb 19 2013, 11:55:34                              *
*        (C) 1998 - 2013 Segger Microcontroller GmbH & Co. KG        *
*                                                                    *
**********************************************************************
*                                                                    *
* Source file: WQY18.c                                               *
* Font:        文泉驿微米黑                                          *
* Height:      22                                                    *
*                                                                    *
**********************************************************************
*                                                                    *
* Initial font height: 22                                            *
* Range disabled: 0000 - FFFF                                        *
* Read pattern file: C:\Users\xin.fang\Desktop\font\TXT - 副本\font18_22.txt*
*                                                                    *
**********************************************************************
*/

#include "GUI.h"

#ifndef GUI_CONST_STORAGE
  #define GUI_CONST_STORAGE const
#endif

/* The following line needs to be included in any file selecting the
   font.
*/
extern GUI_CONST_STORAGE GUI_FONT GUI_FontWQY18;

/* Start of unicode area <Basic Latin> */
GUI_CONST_STORAGE unsigned char acGUI_FontWQY18_0020[  1] = { /* code 0020, SPACE */
  0x00
};

GUI_CONST_STORAGE unsigned char acGUI_FontWQY18_0021[ 28] = { /* code 0021, EXCLAMATION MARK */
  0xFF, 0x30,
  0xFF, 0x20,
  0xEF, 0x20,
  0xDF, 0x10,
  0xDF, 0x00,
  0xDF, 0x00,
  0xDD, 0x00,
  0xBD, 0x00,
  0xBB, 0x00,
  0xBB, 0x00,
  0x00, 0x00,
  0x00, 0x00,
  0xCE, 0x30,
  0xCE, 0x30
};

GUI_CONST_STORAGE unsigned char acGUI_FontWQY18_0022[ 15] = { /* code 0022, QUOTATION MARK */
  0xFC, 0x00, 0xFC,
  0xDB, 0x00, 0xDB,
  0xC9, 0x00, 0xC9,
  0xB8, 0x00, 0xB8,
  0xA7, 0x00, 0xA7
};

GUI_CONST_STORAGE unsigned char acGUI_FontWQY18_0023[ 84] = { /* code 0023, NUMBER SIGN */
  0x00, 0x01, 0xF4, 0x00, 0x6E, 0x00,
  0x00, 0x03, 0xF2, 0x00, 0x8C, 0x00,
  0x00, 0x05, 0xF0, 0x00, 0xBA, 0x00,
  0x00, 0x08, 0xC0, 0x00, 0xD7, 0x00,
  0x0F, 0xFF, 0xFF, 0xFF, 0xFF, 0xFF,
  0x04, 0x4D, 0xA4, 0x46, 0xF6, 0x44,
  0x00, 0x0E, 0x60, 0x04, 0xF1, 0x00,
  0x00, 0x1F, 0x40, 0x07, 0xE0, 0x00,
  0x44, 0x6F, 0x64, 0x4A, 0xD4, 0x40,
  0xFF, 0xFF, 0xFF, 0xFF, 0xFF, 0xF0,
  0x00, 0x8D, 0x00, 0x0D, 0x80, 0x00,
  0x00, 0xAB, 0x00, 0x0F, 0x50, 0x00,
  0x00, 0xC8, 0x00, 0x2F, 0x30, 0x00,
  0x00, 0xE6, 0x00, 0x4F, 0x10, 0x00
};

GUI_CONST_STORAGE unsigned char acGUI_FontWQY18_0024[ 64] = { /* code 0024, DOLLAR SIGN */
  0x00, 0x0F, 0x40, 0x00,
  0x00, 0x0F, 0x40, 0x00,
  0x07, 0xDF, 0xFD, 0xA5,
  0x8F, 0xAF, 0x99, 0xD6,
  0xEB, 0x0F, 0x40, 0x00,
  0xFA, 0x0F, 0x40, 0x00,
  0xBF, 0x5F, 0x40, 0x00,
  0x1C, 0xFF, 0xA3, 0x00,
  0x00, 0x4F, 0xFF, 0xA1,
  0x00, 0x0F, 0x47, 0xFB,
  0x00, 0x0F, 0x40, 0xAF,
  0x10, 0x0F, 0x41, 0xDD,
  0xEA, 0x7F, 0xAD, 0xF6,
  0x9D, 0xFF, 0xEA, 0x30,
  0x00, 0x0F, 0x40, 0x00,
  0x00, 0x0F, 0x40, 0x00
};

GUI_CONST_STORAGE unsigned char acGUI_FontWQY18_0025[ 98] = { /* code 0025, PERCENT SIGN */
  0x19, 0xFE, 0x90, 0x00, 0x00, 0xBD, 0x10,
  0x8E, 0x55, 0xE7, 0x00, 0x06, 0xF5, 0x00,
  0xD8, 0x00, 0x8C, 0x00, 0x1E, 0xA0, 0x00,
  0xF6, 0x00, 0x6F, 0x00, 0xAE, 0x20, 0x00,
  0xF6, 0x00, 0x6F, 0x04, 0xF6, 0x00, 0x00,
  0xC8, 0x00, 0x9D, 0x0D, 0xC0, 0x00, 0x00,
  0x7E, 0x55, 0xE7, 0x8F, 0x39, 0xFE, 0x90,
  0x09, 0xEE, 0x93, 0xF8, 0x8E, 0x55, 0xE7,
  0x00, 0x00, 0x0C, 0xD1, 0xD8, 0x00, 0x8C,
  0x00, 0x00, 0x6F, 0x40, 0xF6, 0x00, 0x6F,
  0x00, 0x02, 0xEA, 0x00, 0xF6, 0x00, 0x6F,
  0x00, 0x0A, 0xE1, 0x00, 0xC8, 0x00, 0x8D,
  0x00, 0x5F, 0x60, 0x00, 0x7E, 0x55, 0xE8,
  0x01, 0xDC, 0x00, 0x00, 0x09, 0xEE, 0x90
};

GUI_CONST_STORAGE unsigned char acGUI_FontWQY18_0026[ 84] = { /* code 0026, AMPERSAND */
  0x01, 0x8D, 0xFE, 0x91, 0x00, 0x00,
  0x09, 0xFA, 0x6A, 0xF9, 0x00, 0x00,
  0x0E, 0xC0, 0x00, 0xCE, 0x00, 0x00,
  0x0F, 0xC0, 0x00, 0xCE, 0x00, 0x00,
  0x0A, 0xF3, 0x07, 0xF8, 0x00, 0x00,
  0x03, 0xED, 0xBF, 0x90, 0x00, 0x00,
  0x01, 0xBF, 0xF5, 0x00, 0x00, 0x00,
  0x1C, 0xF9, 0xFB, 0x10, 0x0C, 0xE0,
  0x9F, 0x50, 0x7F, 0xB1, 0x0F, 0xA0,
  0xED, 0x00, 0x07, 0xFA, 0x6F, 0x50,
  0xFB, 0x00, 0x00, 0x7F, 0xFC, 0x00,
  0xDF, 0x20, 0x00, 0x3E, 0xFA, 0x00,
  0x5F, 0xE8, 0x7A, 0xFE, 0xAF, 0x80,
  0x05, 0xCF, 0xFD, 0x81, 0x08, 0xF8
};

GUI_CONST_STORAGE unsigned char acGUI_FontWQY18_0027[  5] = { /* code 0027, APOSTROPHE */
  0xFC,
  0xDB,
  0xC9,
  0xB8,
  0xA7
};

GUI_CONST_STORAGE unsigned char acGUI_FontWQY18_0028[ 34] = { /* code 0028, LEFT PARENTHESIS */
  0x00, 0xCB,
  0x06, 0xF4,
  0x0D, 0xC0,
  0x3F, 0x70,
  0x7F, 0x30,
  0xBF, 0x00,
  0xDD, 0x00,
  0xFB, 0x00,
  0xFB, 0x00,
  0xFB, 0x00,
  0xDD, 0x00,
  0xBF, 0x00,
  0x8F, 0x30,
  0x4F, 0x70,
  0x0D, 0xC0,
  0x06, 0xF3,
  0x00, 0xCB
};

GUI_CONST_STORAGE unsigned char acGUI_FontWQY18_0029[ 34] = { /* code 0029, RIGHT PARENTHESIS */
  0xBC, 0x00,
  0x3F, 0x60,
  0x0C, 0xD0,
  0x07, 0xF3,
  0x03, 0xF8,
  0x00, 0xFB,
  0x00, 0xDD,
  0x00, 0xBF,
  0x00, 0xBF,
  0x00, 0xBF,
  0x00, 0xDD,
  0x00, 0xFB,
  0x03, 0xF8,
  0x07, 0xF4,
  0x0C, 0xD0,
  0x3F, 0x60,
  0xBC, 0x00
};

GUI_CONST_STORAGE unsigned char acGUI_FontWQY18_002A[ 45] = { /* code 002A, ASTERISK */
  0x00, 0x00, 0xEE, 0x00, 0x00,
  0x00, 0x00, 0xDD, 0x00, 0x00,
  0x11, 0x00, 0xBB, 0x00, 0x11,
  0x5F, 0xB7, 0xBB, 0x7B, 0xF6,
  0x4B, 0xBD, 0xFF, 0xDB, 0xB5,
  0x00, 0x07, 0xEF, 0x70, 0x00,
  0x00, 0x3F, 0x88, 0xF3, 0x00,
  0x00, 0xCF, 0x21, 0xFD, 0x10,
  0x00, 0x79, 0x00, 0x98, 0x10
};

GUI_CONST_STORAGE unsigned char acGUI_FontWQY18_002B[ 45] = { /* code 002B, PLUS SIGN */
  0x00, 0x00, 0x93, 0x00, 0x00,
  0x00, 0x00, 0xF6, 0x00, 0x00,
  0x00, 0x00, 0xF6, 0x00, 0x00,
  0x00, 0x00, 0xF6, 0x00, 0x00,
  0x9F, 0xFF, 0xFF, 0xFF, 0xF0,
  0x36, 0x66, 0xF9, 0x66, 0x60,
  0x00, 0x00, 0xF6, 0x00, 0x00,
  0x00, 0x00, 0xF6, 0x00, 0x00,
  0x00, 0x00, 0xF6, 0x00, 0x00
};

GUI_CONST_STORAGE unsigned char acGUI_FontWQY18_002C[ 10] = { /* code 002C, COMMA */
  0x1F, 0xE0,
  0x3F, 0xA0,
  0x7F, 0x40,
  0xAE, 0x00,
  0xD7, 0x00
};

GUI_CONST_STORAGE unsigned char acGUI_FontWQY18_002D[  4] = { /* code 002D, HYPHEN-MINUS */
  0xFF, 0xFF,
  0x99, 0x99
};

GUI_CONST_STORAGE unsigned char acGUI_FontWQY18_002E[  2] = { /* code 002E, FULL STOP */
  0xCC,
  0xCC
};

GUI_CONST_STORAGE unsigned char acGUI_FontWQY18_002F[ 56] = { /* code 002F, SOLIDUS */
  0x00, 0x00, 0x00, 0xCD,
  0x00, 0x00, 0x03, 0xF7,
  0x00, 0x00, 0x09, 0xF1,
  0x00, 0x00, 0x1F, 0xA0,
  0x00, 0x00, 0x6F, 0x30,
  0x00, 0x00, 0xCC, 0x00,
  0x00, 0x03, 0xF6, 0x00,
  0x00, 0x09, 0xF1, 0x00,
  0x00, 0x1F, 0x90, 0x00,
  0x00, 0x7F, 0x30, 0x00,
  0x00, 0xDC, 0x00, 0x00,
  0x04, 0xF6, 0x00, 0x00,
  0x0A, 0xE1, 0x00, 0x00,
  0x1F, 0x90, 0x00, 0x00
};

GUI_CONST_STORAGE unsigned char acGUI_FontWQY18_0030[ 56] = { /* code 0030, DIGIT ZERO */
  0x01, 0xAF, 0xFA, 0x10,
  0x0C, 0xE8, 0x8E, 0xC0,
  0x6F, 0x60, 0x06, 0xF4,
  0xAF, 0x10, 0x01, 0xF9,
  0xDD, 0x00, 0x00, 0xDC,
  0xEB, 0x00, 0x00, 0xBE,
  0xFB, 0x00, 0x00, 0xBF,
  0xFB, 0x00, 0x00, 0xBF,
  0xEB, 0x00, 0x00, 0xBE,
  0xCD, 0x00, 0x00, 0xDD,
  0x9F, 0x10, 0x01, 0xFA,
  0x5F, 0x60, 0x06, 0xF5,
  0x0C, 0xE8, 0x8E, 0xC0,
  0x01, 0xAF, 0xFA, 0x10
};

GUI_CONST_STORAGE unsigned char acGUI_FontWQY18_0031[ 42] = { /* code 0031, DIGIT ONE */
  0x00, 0x5F, 0x90,
  0x07, 0xFF, 0x90,
  0x9F, 0x7F, 0x90,
  0x86, 0x0F, 0x90,
  0x00, 0x0F, 0x90,
  0x00, 0x0F, 0x90,
  0x00, 0x0F, 0x90,
  0x00, 0x0F, 0x90,
  0x00, 0x0F, 0x90,
  0x00, 0x0F, 0x90,
  0x00, 0x0F, 0x90,
  0x00, 0x0F, 0x90,
  0x00, 0x0F, 0x90,
  0x00, 0x0F, 0x90
};

GUI_CONST_STORAGE unsigned char acGUI_FontWQY18_0032[ 56] = { /* code 0032, DIGIT TWO */
  0x17, 0xDF, 0xD7, 0x00,
  0xBF, 0x97, 0xCF, 0x60,
  0x43, 0x00, 0x1E, 0xD0,
  0x00, 0x00, 0x0B, 0xF0,
  0x00, 0x00, 0x0C, 0xE0,
  0x00, 0x00, 0x1F, 0xA0,
  0x00, 0x00, 0x8F, 0x50,
  0x00, 0x03, 0xFB, 0x00,
  0x00, 0x1D, 0xE2, 0x00,
  0x00, 0xAF, 0x40, 0x00,
  0x06, 0xF8, 0x00, 0x00,
  0x3F, 0xB0, 0x00, 0x00,
  0xDF, 0x97, 0x77, 0x74,
  0xFF, 0xFF, 0xFF, 0xF7
};

GUI_CONST_STORAGE unsigned char acGUI_FontWQY18_0033[ 56] = { /* code 0033, DIGIT THREE */
  0x17, 0xCF, 0xFC, 0x60,
  0xBF, 0xA7, 0x8D, 0xF7,
  0x32, 0x00, 0x01, 0xED,
  0x00, 0x00, 0x00, 0xBF,
  0x00, 0x00, 0x00, 0xEC,
  0x00, 0x00, 0x3B, 0xE3,
  0x00, 0xFF, 0xFB, 0x20,
  0x00, 0x77, 0x9E, 0xE3,
  0x00, 0x00, 0x02, 0xFB,
  0x00, 0x00, 0x00, 0xBF,
  0x00, 0x00, 0x00, 0xCF,
  0x10, 0x00, 0x03, 0xFB,
  0xFB, 0x77, 0x9E, 0xE3,
  0x7C, 0xFF, 0xEA, 0x30
};

GUI_CONST_STORAGE unsigned char acGUI_FontWQY18_0034[ 70] = { /* code 0034, DIGIT FOUR */
  0x00, 0x00, 0x06, 0xF9, 0x00,
  0x00, 0x00, 0x1E, 0xF9, 0x00,
  0x00, 0x00, 0xAB, 0xD9, 0x00,
  0x00, 0x04, 0xF4, 0xF9, 0x00,
  0x00, 0x0D, 0xA0, 0xF9, 0x00,
  0x00, 0x8E, 0x10, 0xF9, 0x00,
  0x02, 0xF7, 0x00, 0xF9, 0x00,
  0x0B, 0xC0, 0x00, 0xF9, 0x00,
  0x6F, 0x30, 0x00, 0xF9, 0x00,
  0xED, 0x77, 0x77, 0xFC, 0x77,
  0xFF, 0xFF, 0xFF, 0xFF, 0xFF,
  0x00, 0x00, 0x00, 0xF9, 0x00,
  0x00, 0x00, 0x00, 0xF9, 0x00,
  0x00, 0x00, 0x00, 0xF9, 0x00
};

GUI_CONST_STORAGE unsigned char acGUI_FontWQY18_0035[ 56] = { /* code 0035, DIGIT FIVE */
  0x8F, 0xFF, 0xFF, 0xF0,
  0x9F, 0x77, 0x77, 0x70,
  0xBD, 0x00, 0x00, 0x00,
  0xBC, 0x00, 0x00, 0x00,
  0xDA, 0x00, 0x00, 0x00,
  0xEE, 0xEF, 0xEA, 0x20,
  0x79, 0x77, 0xAF, 0xE3,
  0x00, 0x00, 0x05, 0xFB,
  0x00, 0x00, 0x00, 0xCE,
  0x00, 0x00, 0x00, 0xBF,
  0x00, 0x00, 0x00, 0xDD,
  0x10, 0x00, 0x04, 0xF9,
  0xFA, 0x77, 0x9F, 0xD1,
  0x7C, 0xFF, 0xD8, 0x10
};

GUI_CONST_STORAGE unsigned char acGUI_FontWQY18_0036[ 56] = { /* code 0036, DIGIT SIX */
  0x00, 0x3A, 0xEF, 0xE0,
  0x04, 0xFE, 0x97, 0x80,
  0x0E, 0xD1, 0x00, 0x00,
  0x6F, 0x50, 0x00, 0x00,
  0xAF, 0x00, 0x00, 0x00,
  0xDD, 0x4D, 0xFD, 0x50,
  0xED, 0xD7, 0x6C, 0xF4,
  0xFF, 0x30, 0x01, 0xEB,
  0xFC, 0x00, 0x00, 0xAF,
  0xEB, 0x00, 0x00, 0x9F,
  0xBE, 0x00, 0x00, 0xBE,
  0x5F, 0x60, 0x02, 0xFA,
  0x0C, 0xF9, 0x8D, 0xE2,
  0x01, 0x9E, 0xFB, 0x30
};

GUI_CONST_STORAGE unsigned char acGUI_FontWQY18_0037[ 56] = { /* code 0037, DIGIT SEVEN */
  0xFF, 0xFF, 0xFF, 0xFF,
  0x77, 0x77, 0x77, 0xEE,
  0x00, 0x00, 0x01, 0xF9,
  0x00, 0x00, 0x07, 0xF3,
  0x00, 0x00, 0x0C, 0xD0,
  0x00, 0x00, 0x3F, 0x80,
  0x00, 0x00, 0x8F, 0x30,
  0x00, 0x00, 0xDD, 0x00,
  0x00, 0x04, 0xF7, 0x00,
  0x00, 0x09, 0xF2, 0x00,
  0x00, 0x0E, 0xB0, 0x00,
  0x00, 0x5F, 0x70, 0x00,
  0x00, 0xBF, 0x10, 0x00,
  0x01, 0xFB, 0x00, 0x00
};

GUI_CONST_STORAGE unsigned char acGUI_FontWQY18_0038[ 56] = { /* code 0038, DIGIT EIGHT */
  0x05, 0xCF, 0xFC, 0x50,
  0x7F, 0xC7, 0x7C, 0xF7,
  0xEC, 0x00, 0x00, 0xCE,
  0xFA, 0x00, 0x00, 0xAF,
  0xCE, 0x10, 0x01, 0xEC,
  0x4F, 0xC4, 0x4C, 0xE3,
  0x04, 0xFF, 0xFE, 0x20,
  0x1B, 0xF9, 0xCF, 0xA0,
  0x8F, 0x50, 0x08, 0xF7,
  0xEB, 0x00, 0x00, 0xCE,
  0xFA, 0x00, 0x00, 0xAF,
  0xDD, 0x00, 0x01, 0xEC,
  0x6F, 0xC7, 0x8C, 0xF5,
  0x05, 0xCF, 0xFB, 0x40
};

GUI_CONST_STORAGE unsigned char acGUI_FontWQY18_0039[ 56] = { /* code 0039, DIGIT NINE */
  0x03, 0xBF, 0xE9, 0x10,
  0x2E, 0xD8, 0x8F, 0xC0,
  0xAF, 0x20, 0x06, 0xF5,
  0xDB, 0x00, 0x00, 0xEB,
  0xF9, 0x00, 0x00, 0xBE,
  0xFA, 0x00, 0x00, 0xBF,
  0xBE, 0x10, 0x03, 0xFF,
  0x4F, 0xC6, 0x7D, 0xDE,
  0x05, 0xDF, 0xD4, 0xCD,
  0x00, 0x00, 0x00, 0xEA,
  0x00, 0x00, 0x04, 0xF6,
  0x00, 0x00, 0x1C, 0xE0,
  0x06, 0x67, 0xDF, 0x40,
  0x0E, 0xFE, 0xA3, 0x00
};

GUI_CONST_STORAGE unsigned char acGUI_FontWQY18_003A[ 10] = { /* code 003A, COLON */
  0xCC,
  0xCC,
  0x00,
  0x00,
  0x00,
  0x00,
  0x00,
  0x00,
  0xCC,
  0xCC
};

GUI_CONST_STORAGE unsigned char acGUI_FontWQY18_003B[ 26] = { /* code 003B, SEMICOLON */
  0x0C, 0xC0,
  0x0C, 0xC0,
  0x00, 0x00,
  0x00, 0x00,
  0x00, 0x00,
  0x00, 0x00,
  0x00, 0x00,
  0x00, 0x00,
  0x1F, 0xE0,
  0x3F, 0xA0,
  0x7F, 0x40,
  0xAE, 0x00,
  0xD7, 0x00
};

GUI_CONST_STORAGE unsigned char acGUI_FontWQY18_003C[ 36] = { /* code 003C, LESS-THAN SIGN */
  0x00, 0x00, 0x00, 0x4B,
  0x00, 0x00, 0x3B, 0xFB,
  0x00, 0x3A, 0xFA, 0x30,
  0x3A, 0xF9, 0x20, 0x00,
  0xFE, 0x30, 0x00, 0x00,
  0x5C, 0xF9, 0x20, 0x00,
  0x00, 0x4B, 0xFA, 0x30,
  0x00, 0x00, 0x4B, 0xFB,
  0x00, 0x00, 0x00, 0x4B
};

GUI_CONST_STORAGE unsigned char acGUI_FontWQY18_003D[ 24] = { /* code 003D, EQUALS SIGN */
  0xFF, 0xFF, 0xFF, 0xFF,
  0x66, 0x66, 0x66, 0x66,
  0x00, 0x00, 0x00, 0x00,
  0x00, 0x00, 0x00, 0x00,
  0xFF, 0xFF, 0xFF, 0xFF,
  0x66, 0x66, 0x66, 0x66
};

GUI_CONST_STORAGE unsigned char acGUI_FontWQY18_003E[ 36] = { /* code 003E, GREATER-THAN SIGN */
  0xB4, 0x00, 0x00, 0x00,
  0xBF, 0xB3, 0x00, 0x00,
  0x03, 0xAF, 0xA3, 0x00,
  0x00, 0x02, 0x9F, 0xA3,
  0x00, 0x00, 0x03, 0xEF,
  0x00, 0x02, 0x9F, 0xC5,
  0x03, 0xAF, 0xB4, 0x00,
  0xBF, 0xB4, 0x00, 0x00,
  0xB4, 0x00, 0x00, 0x00
};

GUI_CONST_STORAGE unsigned char acGUI_FontWQY18_003F[ 56] = { /* code 003F, QUESTION MARK */
  0x5A, 0xEF, 0xD7, 0x00,
  0xBD, 0x87, 0xBF, 0x70,
  0x10, 0x00, 0x0C, 0xD0,
  0x00, 0x00, 0x09, 0xF0,
  0x00, 0x00, 0x0B, 0xE0,
  0x00, 0x00, 0x5F, 0x80,
  0x00, 0x07, 0xFB, 0x00,
  0x00, 0x6F, 0xB1, 0x00,
  0x00, 0xDD, 0x10, 0x00,
  0x00, 0xF9, 0x00, 0x00,
  0x00, 0x00, 0x00, 0x00,
  0x00, 0x00, 0x00, 0x00,
  0x00, 0xCE, 0x30, 0x00,
  0x00, 0xCE, 0x30, 0x00
};

GUI_CONST_STORAGE unsigned char acGUI_FontWQY18_0040[112] = { /* code 0040, COMMERCIAL AT */
  0x00, 0x00, 0x5B, 0xEF, 0xEB, 0x50, 0x00,
  0x00, 0x1C, 0xE8, 0x54, 0x59, 0xFB, 0x10,
  0x01, 0xDB, 0x10, 0x00, 0x00, 0x3E, 0xA0,
  0x0A, 0xC0, 0x00, 0x00, 0x00, 0x04, 0xF4,
  0x3F, 0x30, 0x04, 0xCF, 0xEB, 0x20, 0xBA,
  0x8C, 0x00, 0x3F, 0x94, 0x7F, 0x20, 0x7D,
  0xC8, 0x00, 0xBC, 0x00, 0x6F, 0x20, 0x6F,
  0xE6, 0x00, 0xE8, 0x00, 0x6F, 0x10, 0x6F,
  0xF6, 0x00, 0xF7, 0x00, 0x7F, 0x00, 0x7D,
  0xF6, 0x00, 0xD9, 0x00, 0xAF, 0x00, 0xAA,
  0xC8, 0x00, 0x8E, 0x55, 0xFC, 0x76, 0xF3,
  0x9D, 0x00, 0x1A, 0xFD, 0x53, 0xEE, 0x60,
  0x3F, 0x50, 0x00, 0x00, 0x00, 0x00, 0x00,
  0x09, 0xE4, 0x00, 0x00, 0x00, 0x00, 0x00,
  0x00, 0xAF, 0xB6, 0x44, 0x69, 0xD0, 0x00,
  0x00, 0x04, 0xAD, 0xFF, 0xEB, 0x70, 0x00
};

GUI_CONST_STORAGE unsigned char acGUI_FontWQY18_0041[ 98] = { /* code 0041, LATIN CAPITAL LETTER A */
  0x00, 0x00, 0x00, 0xEE, 0x10, 0x00, 0x00,
  0x00, 0x00, 0x06, 0xFF, 0x60, 0x00, 0x00,
  0x00, 0x00, 0x0B, 0xCC, 0xC0, 0x00, 0x00,
  0x00, 0x00, 0x2F, 0x77, 0xF2, 0x00, 0x00,
  0x00, 0x00, 0x8F, 0x22, 0xF8, 0x00, 0x00,
  0x00, 0x00, 0xEB, 0x00, 0xBE, 0x00, 0x00,
  0x00, 0x05, 0xF6, 0x00, 0x5F, 0x50, 0x00,
  0x00, 0x0B, 0xE1, 0x00, 0x0E, 0xB0, 0x00,
  0x00, 0x2F, 0xFF, 0xFF, 0xFF, 0xF2, 0x00,
  0x00, 0x7F, 0x66, 0x66, 0x66, 0xF7, 0x00,
  0x00, 0xDC, 0x00, 0x00, 0x00, 0xBD, 0x00,
  0x04, 0xF6, 0x00, 0x00, 0x00, 0x6F, 0x40,
  0x0A, 0xF1, 0x00, 0x00, 0x00, 0x1F, 0xA0,
  0x1F, 0xA0, 0x00, 0x00, 0x00, 0x0A, 0xF1
};

GUI_CONST_STORAGE unsigned char acGUI_FontWQY18_0042[ 70] = { /* code 0042, LATIN CAPITAL LETTER B */
  0xFF, 0xFF, 0xFE, 0xB4, 0x00,
  0xFD, 0x66, 0x68, 0xEF, 0x70,
  0xFB, 0x00, 0x00, 0x1E, 0xD0,
  0xFB, 0x00, 0x00, 0x0B, 0xF0,
  0xFB, 0x00, 0x00, 0x0C, 0xD0,
  0xFB, 0x00, 0x02, 0x8F, 0x50,
  0xFF, 0xFF, 0xFF, 0xD4, 0x00,
  0xFD, 0x66, 0x69, 0xED, 0x20,
  0xFB, 0x00, 0x00, 0x3F, 0xB0,
  0xFB, 0x00, 0x00, 0x0D, 0xF0,
  0xFB, 0x00, 0x00, 0x0D, 0xF0,
  0xFB, 0x00, 0x00, 0x3F, 0xB0,
  0xFD, 0x66, 0x69, 0xEE, 0x30,
  0xFF, 0xFF, 0xFE, 0xA3, 0x00
};

GUI_CONST_STORAGE unsigned char acGUI_FontWQY18_0043[ 70] = { /* code 0043, LATIN CAPITAL LETTER C */
  0x00, 0x06, 0xCE, 0xFE, 0xB6,
  0x01, 0xCF, 0xC7, 0x68, 0xD9,
  0x0B, 0xF7, 0x00, 0x00, 0x01,
  0x5F, 0xA0, 0x00, 0x00, 0x00,
  0xAF, 0x30, 0x00, 0x00, 0x00,
  0xDE, 0x00, 0x00, 0x00, 0x00,
  0xFD, 0x00, 0x00, 0x00, 0x00,
  0xFD, 0x00, 0x00, 0x00, 0x00,
  0xEE, 0x00, 0x00, 0x00, 0x00,
  0xBF, 0x30, 0x00, 0x00, 0x00,
  0x6F, 0x90, 0x00, 0x00, 0x00,
  0x0C, 0xF7, 0x00, 0x00, 0x00,
  0x02, 0xDF, 0xC8, 0x67, 0x9D,
  0x00, 0x17, 0xCF, 0xFF, 0xD9
};

GUI_CONST_STORAGE unsigned char acGUI_FontWQY18_0044[ 70] = { /* code 0044, LATIN CAPITAL LETTER D */
  0xFF, 0xFF, 0xFC, 0x71, 0x00,
  0xFD, 0x66, 0x7B, 0xFD, 0x20,
  0xFB, 0x00, 0x00, 0x5F, 0xD0,
  0xFB, 0x00, 0x00, 0x07, 0xF6,
  0xFB, 0x00, 0x00, 0x02, 0xFB,
  0xFB, 0x00, 0x00, 0x00, 0xEE,
  0xFB, 0x00, 0x00, 0x00, 0xDF,
  0xFB, 0x00, 0x00, 0x00, 0xDF,
  0xFB, 0x00, 0x00, 0x00, 0xED,
  0xFB, 0x00, 0x00, 0x03, 0xFA,
  0xFB, 0x00, 0x00, 0x09, 0xF5,
  0xFB, 0x00, 0x00, 0x7F, 0xC0,
  0xFD, 0x66, 0x8C, 0xFC, 0x10,
  0xFF, 0xFF, 0xEB, 0x60, 0x00
};

GUI_CONST_STORAGE unsigned char acGUI_FontWQY18_0045[ 56] = { /* code 0045, LATIN CAPITAL LETTER E */
  0xFF, 0xFF, 0xFF, 0xF0,
  0xFD, 0x66, 0x66, 0x60,
  0xFB, 0x00, 0x00, 0x00,
  0xFB, 0x00, 0x00, 0x00,
  0xFB, 0x00, 0x00, 0x00,
  0xFB, 0x00, 0x00, 0x00,
  0xFF, 0xFF, 0xFF, 0xF0,
  0xFD, 0x66, 0x66, 0x60,
  0xFB, 0x00, 0x00, 0x00,
  0xFB, 0x00, 0x00, 0x00,
  0xFB, 0x00, 0x00, 0x00,
  0xFB, 0x00, 0x00, 0x00,
  0xFD, 0x66, 0x66, 0x60,
  0xFF, 0xFF, 0xFF, 0xF0
};

GUI_CONST_STORAGE unsigned char acGUI_FontWQY18_0046[ 56] = { /* code 0046, LATIN CAPITAL LETTER F */
  0xFF, 0xFF, 0xFF, 0xF0,
  0xFD, 0x66, 0x66, 0x60,
  0xFB, 0x00, 0x00, 0x00,
  0xFB, 0x00, 0x00, 0x00,
  0xFB, 0x00, 0x00, 0x00,
  0xFB, 0x00, 0x00, 0x00,
  0xFF, 0xFF, 0xFF, 0xF0,
  0xFD, 0x66, 0x66, 0x60,
  0xFB, 0x00, 0x00, 0x00,
  0xFB, 0x00, 0x00, 0x00,
  0xFB, 0x00, 0x00, 0x00,
  0xFB, 0x00, 0x00, 0x00,
  0xFB, 0x00, 0x00, 0x00,
  0xFB, 0x00, 0x00, 0x00
};

GUI_CONST_STORAGE unsigned char acGUI_FontWQY18_0047[ 84] = { /* code 0047, LATIN CAPITAL LETTER G */
  0x00, 0x05, 0xAE, 0xFF, 0xDA, 0x40,
  0x01, 0xBF, 0xC8, 0x67, 0xAE, 0x60,
  0x0B, 0xF7, 0x00, 0x00, 0x00, 0x00,
  0x4F, 0xA0, 0x00, 0x00, 0x00, 0x00,
  0xAF, 0x30, 0x00, 0x00, 0x00, 0x00,
  0xDE, 0x00, 0x00, 0x00, 0x00, 0x00,
  0xFD, 0x00, 0x00, 0x00, 0x00, 0x00,
  0xFD, 0x00, 0x00, 0xFF, 0xFF, 0xF0,
  0xEE, 0x00, 0x00, 0x66, 0x6D, 0xF0,
  0xAF, 0x30, 0x00, 0x00, 0x0B, 0xF0,
  0x5F, 0x90, 0x00, 0x00, 0x0B, 0xF0,
  0x0C, 0xF7, 0x00, 0x00, 0x0B, 0xF0,
  0x01, 0xDF, 0xC8, 0x66, 0x8E, 0xF0,
  0x00, 0x07, 0xCF, 0xFF, 0xDB, 0x70
};

GUI_CONST_STORAGE unsigned char acGUI_FontWQY18_0048[ 70] = { /* code 0048, LATIN CAPITAL LETTER H */
  0xFB, 0x00, 0x00, 0x00, 0xBF,
  0xFB, 0x00, 0x00, 0x00, 0xBF,
  0xFB, 0x00, 0x00, 0x00, 0xBF,
  0xFB, 0x00, 0x00, 0x00, 0xBF,
  0xFB, 0x00, 0x00, 0x00, 0xBF,
  0xFB, 0x00, 0x00, 0x00, 0xBF,
  0xFF, 0xFF, 0xFF, 0xFF, 0xFF,
  0xFD, 0x66, 0x66, 0x66, 0xDF,
  0xFB, 0x00, 0x00, 0x00, 0xBF,
  0xFB, 0x00, 0x00, 0x00, 0xBF,
  0xFB, 0x00, 0x00, 0x00, 0xBF,
  0xFB, 0x00, 0x00, 0x00, 0xBF,
  0xFB, 0x00, 0x00, 0x00, 0xBF,
  0xFB, 0x00, 0x00, 0x00, 0xBF
};

GUI_CONST_STORAGE unsigned char acGUI_FontWQY18_0049[ 42] = { /* code 0049, LATIN CAPITAL LETTER I */
  0x9F, 0xFF, 0xF6,
  0x03, 0xFC, 0x20,
  0x00, 0xFB, 0x00,
  0x00, 0xFB, 0x00,
  0x00, 0xFB, 0x00,
  0x00, 0xFB, 0x00,
  0x00, 0xFB, 0x00,
  0x00, 0xFB, 0x00,
  0x00, 0xFB, 0x00,
  0x00, 0xFB, 0x00,
  0x00, 0xFB, 0x00,
  0x00, 0xFB, 0x00,
  0x03, 0xFC, 0x20,
  0x9F, 0xFF, 0xF6
};

GUI_CONST_STORAGE unsigned char acGUI_FontWQY18_004A[ 54] = { /* code 004A, LATIN CAPITAL LETTER J */
  0x00, 0x0F, 0xB0,
  0x00, 0x0F, 0xB0,
  0x00, 0x0F, 0xB0,
  0x00, 0x0F, 0xB0,
  0x00, 0x0F, 0xB0,
  0x00, 0x0F, 0xB0,
  0x00, 0x0F, 0xB0,
  0x00, 0x0F, 0xB0,
  0x00, 0x0F, 0xB0,
  0x00, 0x0F, 0xB0,
  0x00, 0x0F, 0xB0,
  0x00, 0x0F, 0xB0,
  0x00, 0x0F, 0xB0,
  0x00, 0x0F, 0xB0,
  0x00, 0x0F, 0xB0,
  0x00, 0x3F, 0x80,
  0x76, 0xDF, 0x30,
  0xEF, 0xC4, 0x00
};

GUI_CONST_STORAGE unsigned char acGUI_FontWQY18_004B[ 70] = { /* code 004B, LATIN CAPITAL LETTER K */
  0xFB, 0x00, 0x00, 0x2E, 0xC1,
  0xFB, 0x00, 0x01, 0xDE, 0x10,
  0xFB, 0x00, 0x0B, 0xE3, 0x00,
  0xFB, 0x00, 0x8F, 0x50, 0x00,
  0xFB, 0x06, 0xF8, 0x00, 0x00,
  0xFB, 0x3F, 0xA0, 0x00, 0x00,
  0xFC, 0xDF, 0x70, 0x00, 0x00,
  0xFF, 0xBC, 0xE2, 0x00, 0x00,
  0xFC, 0x03, 0xFB, 0x00, 0x00,
  0xFB, 0x00, 0x8F, 0x60, 0x00,
  0xFB, 0x00, 0x1D, 0xE1, 0x00,
  0xFB, 0x00, 0x04, 0xFA, 0x00,
  0xFB, 0x00, 0x00, 0xAF, 0x40,
  0xFB, 0x00, 0x00, 0x1E, 0xD1
};

GUI_CONST_STORAGE unsigned char acGUI_FontWQY18_004C[ 56] = { /* code 004C, LATIN CAPITAL LETTER L */
  0xFB, 0x00, 0x00, 0x00,
  0xFB, 0x00, 0x00, 0x00,
  0xFB, 0x00, 0x00, 0x00,
  0xFB, 0x00, 0x00, 0x00,
  0xFB, 0x00, 0x00, 0x00,
  0xFB, 0x00, 0x00, 0x00,
  0xFB, 0x00, 0x00, 0x00,
  0xFB, 0x00, 0x00, 0x00,
  0xFB, 0x00, 0x00, 0x00,
  0xFB, 0x00, 0x00, 0x00,
  0xFB, 0x00, 0x00, 0x00,
  0xFB, 0x00, 0x00, 0x00,
  0xFD, 0x66, 0x66, 0x63,
  0xFF, 0xFF, 0xFF, 0xF9
};

GUI_CONST_STORAGE unsigned char acGUI_FontWQY18_004D[ 98] = { /* code 004D, LATIN CAPITAL LETTER M */
  0xFF, 0xD0, 0x00, 0x00, 0x00, 0xBF, 0xF0,
  0xFF, 0xF3, 0x00, 0x00, 0x01, 0xFF, 0xF0,
  0xFB, 0xF8, 0x00, 0x00, 0x06, 0xFB, 0xF0,
  0xF9, 0xBD, 0x00, 0x00, 0x0B, 0xB9, 0xF0,
  0xFB, 0x7F, 0x30, 0x00, 0x2F, 0x6B, 0xF0,
  0xFB, 0x2F, 0x70, 0x00, 0x7F, 0x1B, 0xF0,
  0xFB, 0x0B, 0xC0, 0x00, 0xBA, 0x0B, 0xF0,
  0xFB, 0x07, 0xF2, 0x02, 0xF5, 0x0B, 0xF0,
  0xFB, 0x02, 0xF7, 0x07, 0xF1, 0x0B, 0xF0,
  0xFB, 0x00, 0xCC, 0x0C, 0xA0, 0x0B, 0xF0,
  0xFB, 0x00, 0x7F, 0x4F, 0x50, 0x0B, 0xF0,
  0xFB, 0x00, 0x2F, 0xEE, 0x00, 0x0B, 0xF0,
  0xFB, 0x00, 0x0C, 0xF9, 0x00, 0x0B, 0xF0,
  0xFB, 0x00, 0x07, 0xF4, 0x00, 0x0B, 0xF0
};

GUI_CONST_STORAGE unsigned char acGUI_FontWQY18_004E[ 84] = { /* code 004E, LATIN CAPITAL LETTER N */
  0x19, 0x90, 0x00, 0x00, 0x06, 0x90,
  0x2F, 0xF7, 0x00, 0x00, 0x09, 0xF0,
  0x2F, 0xFE, 0x20, 0x00, 0x09, 0xF0,
  0x2F, 0x8F, 0xA0, 0x00, 0x09, 0xF0,
  0x2F, 0x6A, 0xF3, 0x00, 0x09, 0xF0,
  0x2F, 0x61, 0xEC, 0x00, 0x09, 0xF0,
  0x2F, 0x60, 0x7F, 0x70, 0x09, 0xF0,
  0x2F, 0x70, 0x0D, 0xE1, 0x09, 0xF0,
  0x2F, 0x70, 0x04, 0xF9, 0x09, 0xF0,
  0x2F, 0x70, 0x00, 0xAF, 0x38, 0xF0,
  0x2F, 0x70, 0x00, 0x2E, 0xC8, 0xF0,
  0x2F, 0x70, 0x00, 0x07, 0xFD, 0xF0,
  0x2F, 0x70, 0x00, 0x00, 0xDF, 0xF0,
  0x2F, 0x70, 0x00, 0x00, 0x4F, 0xF0
};

GUI_CONST_STORAGE unsigned char acGUI_FontWQY18_004F[ 84] = { /* code 004F, LATIN CAPITAL LETTER O */
  0x00, 0x18, 0xDF, 0xFD, 0x81, 0x00,
  0x03, 0xEF, 0xA6, 0x6A, 0xFE, 0x20,
  0x1D, 0xE3, 0x00, 0x00, 0x3E, 0xD0,
  0x7F, 0x70, 0x00, 0x00, 0x07, 0xF6,
  0xBF, 0x20, 0x00, 0x00, 0x02, 0xFB,
  0xEE, 0x00, 0x00, 0x00, 0x00, 0xEE,
  0xFD, 0x00, 0x00, 0x00, 0x00, 0xDF,
  0xFD, 0x00, 0x00, 0x00, 0x00, 0xDF,
  0xEE, 0x00, 0x00, 0x00, 0x00, 0xEE,
  0xBF, 0x20, 0x00, 0x00, 0x02, 0xFB,
  0x6F, 0x70, 0x00, 0x00, 0x07, 0xF6,
  0x0D, 0xE3, 0x00, 0x00, 0x3E, 0xD0,
  0x03, 0xEF, 0xA6, 0x6A, 0xFE, 0x20,
  0x00, 0x18, 0xDF, 0xFC, 0x81, 0x00
};

GUI_CONST_STORAGE unsigned char acGUI_FontWQY18_0050[ 56] = { /* code 0050, LATIN CAPITAL LETTER P */
  0xFF, 0xFF, 0xEB, 0x40,
  0xFD, 0x66, 0x9E, 0xF5,
  0xFB, 0x00, 0x03, 0xFC,
  0xFB, 0x00, 0x00, 0xDF,
  0xFB, 0x00, 0x00, 0xDE,
  0xFB, 0x00, 0x04, 0xFB,
  0xFD, 0x66, 0x9F, 0xE3,
  0xFF, 0xFF, 0xD9, 0x20,
  0xFB, 0x00, 0x00, 0x00,
  0xFB, 0x00, 0x00, 0x00,
  0xFB, 0x00, 0x00, 0x00,
  0xFB, 0x00, 0x00, 0x00,
  0xFB, 0x00, 0x00, 0x00,
  0xFB, 0x00, 0x00, 0x00
};

GUI_CONST_STORAGE unsigned char acGUI_FontWQY18_0051[108] = { /* code 0051, LATIN CAPITAL LETTER Q */
  0x00, 0x18, 0xDF, 0xFD, 0x81, 0x00,
  0x03, 0xEF, 0xA6, 0x6A, 0xFE, 0x20,
  0x1D, 0xE3, 0x00, 0x00, 0x3E, 0xD0,
  0x7F, 0x70, 0x00, 0x00, 0x07, 0xF6,
  0xBF, 0x20, 0x00, 0x00, 0x02, 0xFB,
  0xEE, 0x00, 0x00, 0x00, 0x00, 0xEE,
  0xFD, 0x00, 0x00, 0x00, 0x00, 0xDF,
  0xFD, 0x00, 0x00, 0x00, 0x00, 0xDF,
  0xEE, 0x00, 0x00, 0x00, 0x00, 0xEE,
  0xBF, 0x20, 0x00, 0x00, 0x02, 0xFB,
  0x6F, 0x70, 0x00, 0x00, 0x07, 0xF6,
  0x0D, 0xE3, 0x00, 0x00, 0x3E, 0xD0,
  0x03, 0xEF, 0xA6, 0x6A, 0xFE, 0x20,
  0x00, 0x18, 0xDF, 0xFF, 0xB1, 0x00,
  0x00, 0x00, 0x00, 0x1F, 0xD1, 0x00,
  0x00, 0x00, 0x00, 0x07, 0xFA, 0x00,
  0x00, 0x00, 0x00, 0x00, 0xBF, 0xA0,
  0x00, 0x00, 0x00, 0x00, 0x1B, 0x40
};

GUI_CONST_STORAGE unsigned char acGUI_FontWQY18_0052[ 70] = { /* code 0052, LATIN CAPITAL LETTER R */
  0xFF, 0xFF, 0xEB, 0x40, 0x00,
  0xFD, 0x66, 0x9E, 0xF5, 0x00,
  0xFB, 0x00, 0x03, 0xFC, 0x00,
  0xFB, 0x00, 0x00, 0xDF, 0x00,
  0xFB, 0x00, 0x00, 0xDE, 0x00,
  0xFB, 0x00, 0x03, 0xFA, 0x00,
  0xFD, 0x66, 0x9E, 0xD2, 0x00,
  0xFF, 0xFF, 0xFA, 0x10, 0x00,
  0xFB, 0x00, 0xDE, 0x10, 0x00,
  0xFB, 0x00, 0x5F, 0x80, 0x00,
  0xFB, 0x00, 0x0C, 0xF3, 0x00,
  0xFB, 0x00, 0x03, 0xFB, 0x00,
  0xFB, 0x00, 0x00, 0xAF, 0x50,
  0xFB, 0x00, 0x00, 0x2F, 0xE1
};

GUI_CONST_STORAGE unsigned char acGUI_FontWQY18_0053[ 70] = { /* code 0053, LATIN CAPITAL LETTER S */
  0x00, 0x5B, 0xFF, 0xEB, 0x50,
  0x06, 0xFC, 0x76, 0x9D, 0x70,
  0x0D, 0xE1, 0x00, 0x00, 0x00,
  0x0F, 0xB0, 0x00, 0x00, 0x00,
  0x0D, 0xD0, 0x00, 0x00, 0x00,
  0x07, 0xFB, 0x30, 0x00, 0x00,
  0x00, 0x9F, 0xFB, 0x50, 0x00,
  0x00, 0x03, 0x9F, 0xFB, 0x10,
  0x00, 0x00, 0x01, 0xAF, 0xA0,
  0x00, 0x00, 0x00, 0x0D, 0xE0,
  0x00, 0x00, 0x00, 0x0B, 0xF0,
  0x01, 0x00, 0x00, 0x1E, 0xB0,
  0x2E, 0xA7, 0x68, 0xEF, 0x30,
  0x19, 0xDF, 0xFE, 0xA3, 0x00
};

GUI_CONST_STORAGE unsigned char acGUI_FontWQY18_0054[ 70] = { /* code 0054, LATIN CAPITAL LETTER T */
  0xFF, 0xFF, 0xFF, 0xFF, 0xFF,
  0x66, 0x66, 0xFD, 0x66, 0x66,
  0x00, 0x00, 0xFB, 0x00, 0x00,
  0x00, 0x00, 0xFB, 0x00, 0x00,
  0x00, 0x00, 0xFB, 0x00, 0x00,
  0x00, 0x00, 0xFB, 0x00, 0x00,
  0x00, 0x00, 0xFB, 0x00, 0x00,
  0x00, 0x00, 0xFB, 0x00, 0x00,
  0x00, 0x00, 0xFB, 0x00, 0x00,
  0x00, 0x00, 0xFB, 0x00, 0x00,
  0x00, 0x00, 0xFB, 0x00, 0x00,
  0x00, 0x00, 0xFB, 0x00, 0x00,
  0x00, 0x00, 0xFB, 0x00, 0x00,
  0x00, 0x00, 0xFB, 0x00, 0x00
};

GUI_CONST_STORAGE unsigned char acGUI_FontWQY18_0055[ 70] = { /* code 0055, LATIN CAPITAL LETTER U */
  0xFB, 0x00, 0x00, 0x00, 0xBF,
  0xFB, 0x00, 0x00, 0x00, 0xBF,
  0xFB, 0x00, 0x00, 0x00, 0xBF,
  0xFB, 0x00, 0x00, 0x00, 0xBF,
  0xFB, 0x00, 0x00, 0x00, 0xBF,
  0xFB, 0x00, 0x00, 0x00, 0xBF,
  0xFB, 0x00, 0x00, 0x00, 0xBF,
  0xFB, 0x00, 0x00, 0x00, 0xBF,
  0xFB, 0x00, 0x00, 0x00, 0xBF,
  0xFB, 0x00, 0x00, 0x00, 0xBF,
  0xCE, 0x00, 0x00, 0x00, 0xEC,
  0x7F, 0x70, 0x00, 0x07, 0xF7,
  0x0B, 0xFA, 0x76, 0xAF, 0xB0,
  0x00, 0x7C, 0xFF, 0xC7, 0x00
};

GUI_CONST_STORAGE unsigned char acGUI_FontWQY18_0056[ 98] = { /* code 0056, LATIN CAPITAL LETTER V */
  0x1F, 0xB0, 0x00, 0x00, 0x00, 0xBF, 0x10,
  0x0B, 0xF2, 0x00, 0x00, 0x02, 0xFB, 0x00,
  0x06, 0xF7, 0x00, 0x00, 0x07, 0xF6, 0x00,
  0x01, 0xFB, 0x00, 0x00, 0x0B, 0xF1, 0x00,
  0x00, 0xAF, 0x20, 0x00, 0x2F, 0xA0, 0x00,
  0x00, 0x5F, 0x70, 0x00, 0x7F, 0x50, 0x00,
  0x00, 0x0E, 0xB0, 0x00, 0xBE, 0x00, 0x00,
  0x00, 0x0A, 0xF2, 0x02, 0xFA, 0x00, 0x00,
  0x00, 0x04, 0xF7, 0x07, 0xF4, 0x00, 0x00,
  0x00, 0x00, 0xEB, 0x0B, 0xE0, 0x00, 0x00,
  0x00, 0x00, 0x9F, 0x2F, 0x90, 0x00, 0x00,
  0x00, 0x00, 0x3F, 0xAF, 0x30, 0x00, 0x00,
  0x00, 0x00, 0x0D, 0xFD, 0x00, 0x00, 0x00,
  0x00, 0x00, 0x08, 0xF8, 0x00, 0x00, 0x00
};

GUI_CONST_STORAGE unsigned char acGUI_FontWQY18_0057[140] = { /* code 0057, LATIN CAPITAL LETTER W */
  0x2F, 0xB0, 0x00, 0x00, 0x8F, 0x80, 0x00, 0x00, 0xBF, 0x20,
  0x0D, 0xE0, 0x00, 0x00, 0xDF, 0xC0, 0x00, 0x00, 0xED, 0x00,
  0x09, 0xF3, 0x00, 0x02, 0xFC, 0xF1, 0x00, 0x04, 0xF8, 0x00,
  0x04, 0xF7, 0x00, 0x06, 0xF5, 0xF5, 0x00, 0x07, 0xF4, 0x00,
  0x01, 0xFB, 0x00, 0x0A, 0xE0, 0xE9, 0x00, 0x0C, 0xF0, 0x00,
  0x00, 0xBF, 0x00, 0x0E, 0xA0, 0xAD, 0x00, 0x1F, 0xB0, 0x00,
  0x00, 0x7F, 0x40, 0x3F, 0x50, 0x6F, 0x20, 0x4F, 0x70, 0x00,
  0x00, 0x3F, 0x80, 0x7F, 0x10, 0x2F, 0x60, 0x8F, 0x30, 0x00,
  0x00, 0x0E, 0xC0, 0xCC, 0x00, 0x0D, 0xA0, 0xCD, 0x00, 0x00,
  0x00, 0x0A, 0xF1, 0xF8, 0x00, 0x09, 0xE1, 0xF9, 0x00, 0x00,
  0x00, 0x06, 0xF7, 0xF4, 0x00, 0x05, 0xF6, 0xF5, 0x00, 0x00,
  0x00, 0x02, 0xFC, 0xE0, 0x00, 0x01, 0xFC, 0xF1, 0x00, 0x00,
  0x00, 0x00, 0xDF, 0xB0, 0x00, 0x00, 0xCF, 0xC0, 0x00, 0x00,
  0x00, 0x00, 0x9F, 0x70, 0x00, 0x00, 0x7F, 0x80, 0x00, 0x00
};

GUI_CONST_STORAGE unsigned char acGUI_FontWQY18_0058[ 84] = { /* code 0058, LATIN CAPITAL LETTER X */
  0x1D, 0xD1, 0x00, 0x00, 0x0C, 0xD1,
  0x04, 0xF8, 0x00, 0x00, 0x7F, 0x40,
  0x00, 0xAF, 0x30, 0x02, 0xFA, 0x00,
  0x00, 0x1E, 0xC0, 0x0B, 0xE1, 0x00,
  0x00, 0x05, 0xF7, 0x6F, 0x60, 0x00,
  0x00, 0x00, 0xBF, 0xEB, 0x00, 0x00,
  0x00, 0x00, 0x2F, 0xF2, 0x00, 0x00,
  0x00, 0x00, 0x7F, 0xF7, 0x00, 0x00,
  0x00, 0x01, 0xEA, 0xAF, 0x20, 0x00,
  0x00, 0x09, 0xF2, 0x2F, 0xA0, 0x00,
  0x00, 0x3F, 0x80, 0x09, 0xF3, 0x00,
  0x00, 0xCE, 0x10, 0x01, 0xFC, 0x00,
  0x05, 0xF5, 0x00, 0x00, 0x7F, 0x60,
  0x1E, 0xC0, 0x00, 0x00, 0x1E, 0xE1
};

GUI_CONST_STORAGE unsigned char acGUI_FontWQY18_0059[ 84] = { /* code 0059, LATIN CAPITAL LETTER Y */
  0x1E, 0xD0, 0x00, 0x00, 0x0D, 0xE1,
  0x07, 0xF5, 0x00, 0x00, 0x6F, 0x70,
  0x01, 0xEC, 0x00, 0x00, 0xDE, 0x00,
  0x00, 0x8F, 0x30, 0x06, 0xF6, 0x00,
  0x00, 0x1F, 0xA0, 0x0D, 0xD0, 0x00,
  0x00, 0x08, 0xF2, 0x6F, 0x50, 0x00,
  0x00, 0x01, 0xF9, 0xDC, 0x00, 0x00,
  0x00, 0x00, 0x8F, 0xF4, 0x00, 0x00,
  0x00, 0x00, 0x1F, 0xC0, 0x00, 0x00,
  0x00, 0x00, 0x0F, 0xB0, 0x00, 0x00,
  0x00, 0x00, 0x0F, 0xB0, 0x00, 0x00,
  0x00, 0x00, 0x0F, 0xB0, 0x00, 0x00,
  0x00, 0x00, 0x0F, 0xB0, 0x00, 0x00,
  0x00, 0x00, 0x0F, 0xB0, 0x00, 0x00
};

GUI_CONST_STORAGE unsigned char acGUI_FontWQY18_005A[ 56] = { /* code 005A, LATIN CAPITAL LETTER Z */
  0xFF, 0xFF, 0xFF, 0xFF,
  0x66, 0x66, 0x67, 0xFD,
  0x00, 0x00, 0x07, 0xF5,
  0x00, 0x00, 0x1E, 0xC0,
  0x00, 0x00, 0x8F, 0x40,
  0x00, 0x02, 0xFB, 0x00,
  0x00, 0x0A, 0xF3, 0x00,
  0x00, 0x3F, 0xA0, 0x00,
  0x00, 0xBF, 0x20, 0x00,
  0x04, 0xF9, 0x00, 0x00,
  0x0C, 0xF1, 0x00, 0x00,
  0x5F, 0x80, 0x00, 0x00,
  0xDF, 0x76, 0x66, 0x66,
  0xFF, 0xFF, 0xFF, 0xFF
};

GUI_CONST_STORAGE unsigned char acGUI_FontWQY18_005B[ 34] = { /* code 005B, LEFT SQUARE BRACKET */
  0xFF, 0xFF,
  0xFD, 0x66,
  0xFB, 0x00,
  0xFB, 0x00,
  0xFB, 0x00,
  0xFB, 0x00,
  0xFB, 0x00,
  0xFB, 0x00,
  0xFB, 0x00,
  0xFB, 0x00,
  0xFB, 0x00,
  0xFB, 0x00,
  0xFB, 0x00,
  0xFB, 0x00,
  0xFB, 0x00,
  0xFD, 0x66,
  0xFF, 0xFF
};

GUI_CONST_STORAGE unsigned char acGUI_FontWQY18_005C[ 70] = { /* code 005C, REVERSE SOLIDUS */
  0x1F, 0x90, 0x00, 0x00, 0x00,
  0x0A, 0xE1, 0x00, 0x00, 0x00,
  0x03, 0xF6, 0x00, 0x00, 0x00,
  0x00, 0xCC, 0x00, 0x00, 0x00,
  0x00, 0x6F, 0x30, 0x00, 0x00,
  0x00, 0x1F, 0x90, 0x00, 0x00,
  0x00, 0x09, 0xF1, 0x00, 0x00,
  0x00, 0x03, 0xF6, 0x00, 0x00,
  0x00, 0x00, 0xCC, 0x00, 0x00,
  0x00, 0x00, 0x6F, 0x30, 0x00,
  0x00, 0x00, 0x1E, 0xA0, 0x00,
  0x00, 0x00, 0x09, 0xF1, 0x00,
  0x00, 0x00, 0x03, 0xF7, 0x00,
  0x00, 0x00, 0x00, 0xCD, 0x00
};

GUI_CONST_STORAGE unsigned char acGUI_FontWQY18_005D[ 34] = { /* code 005D, RIGHT SQUARE BRACKET */
  0xFF, 0xFF,
  0x66, 0xDF,
  0x00, 0xBF,
  0x00, 0xBF,
  0x00, 0xBF,
  0x00, 0xBF,
  0x00, 0xBF,
  0x00, 0xBF,
  0x00, 0xBF,
  0x00, 0xBF,
  0x00, 0xBF,
  0x00, 0xBF,
  0x00, 0xBF,
  0x00, 0xBF,
  0x00, 0xBF,
  0x66, 0xDF,
  0xFF, 0xFF
};

GUI_CONST_STORAGE unsigned char acGUI_FontWQY18_005E[ 45] = { /* code 005E, CIRCUMFLEX ACCENT */
  0x00, 0x00, 0xAC, 0x00, 0x00,
  0x00, 0x03, 0xFF, 0x50, 0x00,
  0x00, 0x0A, 0xB9, 0xC0, 0x00,
  0x00, 0x4F, 0x43, 0xF5, 0x00,
  0x00, 0xBB, 0x00, 0xAC, 0x00,
  0x04, 0xF5, 0x00, 0x3F, 0x40,
  0x0B, 0xC0, 0x00, 0x0B, 0xB0,
  0x4F, 0x50, 0x00, 0x05, 0xF4,
  0xBC, 0x00, 0x00, 0x00, 0xCB
};

GUI_CONST_STORAGE unsigned char acGUI_FontWQY18_005F[  8] = { /* code 005F, LOW LINE */
  0xFF, 0xFF, 0xFF, 0xFF,
  0x44, 0x44, 0x44, 0x44
};

GUI_CONST_STORAGE unsigned char acGUI_FontWQY18_0060[  6] = { /* code 0060, GRAVE ACCENT */
  0xBF, 0x80,
  0x1D, 0xF2,
  0x01, 0xBC
};

GUI_CONST_STORAGE unsigned char acGUI_FontWQY18_0061[ 40] = { /* code 0061, LATIN SMALL LETTER A */
  0x05, 0xBE, 0xFE, 0x91,
  0x0B, 0xC7, 0x6A, 0xF9,
  0x01, 0x00, 0x00, 0xCE,
  0x00, 0x00, 0x00, 0x9F,
  0x04, 0xAD, 0xEF, 0xFF,
  0x7F, 0xE9, 0x76, 0xDF,
  0xEE, 0x10, 0x00, 0xBF,
  0xFC, 0x00, 0x02, 0xEF,
  0xBF, 0xA6, 0x8E, 0xCF,
  0x1A, 0xEF, 0xC4, 0x5F
};

GUI_CONST_STORAGE unsigned char acGUI_FontWQY18_0062[ 75] = { /* code 0062, LATIN SMALL LETTER B */
  0xFB, 0x00, 0x00, 0x00, 0x00,
  0xFB, 0x00, 0x00, 0x00, 0x00,
  0xFB, 0x00, 0x00, 0x00, 0x00,
  0xFB, 0x00, 0x00, 0x00, 0x00,
  0xFA, 0x00, 0x00, 0x00, 0x00,
  0xF9, 0x4C, 0xFE, 0xA2, 0x00,
  0xFD, 0xE8, 0x68, 0xEE, 0x20,
  0xFF, 0x30, 0x00, 0x4F, 0x90,
  0xFC, 0x00, 0x00, 0x0E, 0xD0,
  0xFB, 0x00, 0x00, 0x0B, 0xF0,
  0xFB, 0x00, 0x00, 0x0B, 0xF0,
  0xFC, 0x00, 0x00, 0x0E, 0xD0,
  0xFF, 0x30, 0x00, 0x5F, 0x90,
  0xFC, 0xE8, 0x68, 0xEE, 0x20,
  0xF5, 0x4C, 0xFE, 0xA2, 0x00
};

GUI_CONST_STORAGE unsigned char acGUI_FontWQY18_0063[ 40] = { /* code 0063, LATIN SMALL LETTER C */
  0x01, 0x7C, 0xFF, 0xD9,
  0x1B, 0xFB, 0x78, 0xA8,
  0x7F, 0x70, 0x00, 0x00,
  0xCE, 0x00, 0x00, 0x00,
  0xFB, 0x00, 0x00, 0x00,
  0xFB, 0x00, 0x00, 0x00,
  0xDE, 0x00, 0x00, 0x00,
  0x7F, 0x60, 0x00, 0x00,
  0x1D, 0xFB, 0x77, 0xAC,
  0x01, 0x7C, 0xFF, 0xD8
};

GUI_CONST_STORAGE unsigned char acGUI_FontWQY18_0064[ 75] = { /* code 0064, LATIN SMALL LETTER D */
  0x00, 0x00, 0x00, 0x0B, 0xF0,
  0x00, 0x00, 0x00, 0x0B, 0xF0,
  0x00, 0x00, 0x00, 0x0B, 0xF0,
  0x00, 0x00, 0x00, 0x0B, 0xF0,
  0x00, 0x00, 0x00, 0x0B, 0xF0,
  0x02, 0xAE, 0xFC, 0x49, 0xF0,
  0x2E, 0xE8, 0x68, 0xED, 0xF0,
  0x9F, 0x50, 0x00, 0x3F, 0xF0,
  0xDE, 0x00, 0x00, 0x0C, 0xF0,
  0xFB, 0x00, 0x00, 0x0B, 0xF0,
  0xFB, 0x00, 0x00, 0x0B, 0xF0,
  0xDE, 0x00, 0x00, 0x0C, 0xF0,
  0x9F, 0x40, 0x00, 0x3F, 0xF0,
  0x2E, 0xE8, 0x68, 0xEC, 0xF0,
  0x02, 0xAE, 0xFC, 0x47, 0xF0
};

GUI_CONST_STORAGE unsigned char acGUI_FontWQY18_0065[ 50] = { /* code 0065, LATIN SMALL LETTER E */
  0x01, 0x8D, 0xFE, 0xA2, 0x00,
  0x0B, 0xF9, 0x68, 0xEE, 0x20,
  0x7F, 0x40, 0x00, 0x2F, 0xA0,
  0xCD, 0x00, 0x00, 0x0C, 0xE0,
  0xFF, 0xFF, 0xFF, 0xFF, 0xF0,
  0xFD, 0x66, 0x66, 0x66, 0x60,
  0xCE, 0x00, 0x00, 0x00, 0x00,
  0x7F, 0x60, 0x00, 0x00, 0x00,
  0x0B, 0xFB, 0x77, 0x8C, 0x70,
  0x00, 0x7C, 0xFF, 0xEB, 0x30
};

GUI_CONST_STORAGE unsigned char acGUI_FontWQY18_0066[ 60] = { /* code 0066, LATIN SMALL LETTER F */
  0x00, 0x1A, 0xEF, 0xB0,
  0x00, 0x9F, 0x86, 0x60,
  0x00, 0xDC, 0x00, 0x00,
  0x00, 0xFB, 0x00, 0x00,
  0x00, 0xFB, 0x00, 0x00,
  0x9E, 0xFF, 0xFF, 0x00,
  0x44, 0xFC, 0x44, 0x00,
  0x00, 0xFB, 0x00, 0x00,
  0x00, 0xFB, 0x00, 0x00,
  0x00, 0xFB, 0x00, 0x00,
  0x00, 0xFB, 0x00, 0x00,
  0x00, 0xFB, 0x00, 0x00,
  0x00, 0xFB, 0x00, 0x00,
  0x00, 0xFB, 0x00, 0x00,
  0x00, 0xFB, 0x00, 0x00
};

GUI_CONST_STORAGE unsigned char acGUI_FontWQY18_0067[ 70] = { /* code 0067, LATIN SMALL LETTER G */
  0x00, 0x7D, 0xFF, 0xFF, 0xF2,
  0x07, 0xF8, 0x48, 0xFB, 0x30,
  0x0D, 0xC0, 0x00, 0xCC, 0x00,
  0x0F, 0xB0, 0x00, 0xBF, 0x00,
  0x0E, 0xD0, 0x00, 0xDE, 0x00,
  0x07, 0xFA, 0x6A, 0xF8, 0x00,
  0x00, 0xBF, 0xFE, 0x80, 0x00,
  0x08, 0xC2, 0x00, 0x00, 0x00,
  0x0F, 0xA0, 0x00, 0x00, 0x00,
  0x09, 0xFF, 0xFF, 0xEA, 0x10,
  0x5E, 0xB7, 0x77, 0xAF, 0xB0,
  0xDB, 0x00, 0x00, 0x0A, 0xF0,
  0xFA, 0x00, 0x00, 0x0B, 0xD0,
  0xAF, 0x74, 0x45, 0xBF, 0x60
};

GUI_CONST_STORAGE unsigned char acGUI_FontWQY18_0068[ 60] = { /* code 0068, LATIN SMALL LETTER H */
  0xFB, 0x00, 0x00, 0x00,
  0xFB, 0x00, 0x00, 0x00,
  0xFB, 0x00, 0x00, 0x00,
  0xFB, 0x00, 0x00, 0x00,
  0xFB, 0x00, 0x00, 0x00,
  0xF9, 0x4C, 0xFE, 0x91,
  0xFD, 0xE8, 0x6B, 0xF9,
  0xFF, 0x30, 0x00, 0xDE,
  0xFC, 0x00, 0x00, 0xBF,
  0xFB, 0x00, 0x00, 0xBF,
  0xFB, 0x00, 0x00, 0xBF,
  0xFB, 0x00, 0x00, 0xBF,
  0xFB, 0x00, 0x00, 0xBF,
  0xFB, 0x00, 0x00, 0xBF,
  0xFB, 0x00, 0x00, 0xBF
};

GUI_CONST_STORAGE unsigned char acGUI_FontWQY18_0069[ 28] = { /* code 0069, LATIN SMALL LETTER I */
  0x1D, 0xA0,
  0x1D, 0xA0,
  0x00, 0x00,
  0x00, 0x00,
  0x0F, 0xB0,
  0x0F, 0xB0,
  0x0F, 0xB0,
  0x0F, 0xB0,
  0x0F, 0xB0,
  0x0F, 0xB0,
  0x0F, 0xB0,
  0x0F, 0xB0,
  0x0F, 0xB0,
  0x0F, 0xB0
};

GUI_CONST_STORAGE unsigned char acGUI_FontWQY18_006A[ 36] = { /* code 006A, LATIN SMALL LETTER J */
  0x01, 0xDA,
  0x01, 0xDA,
  0x00, 0x00,
  0x00, 0x00,
  0x00, 0xFB,
  0x00, 0xFB,
  0x00, 0xFB,
  0x00, 0xFB,
  0x00, 0xFB,
  0x00, 0xFB,
  0x00, 0xFB,
  0x00, 0xFB,
  0x00, 0xFB,
  0x00, 0xFB,
  0x00, 0xFB,
  0x00, 0xFB,
  0x00, 0xF9,
  0x79, 0xF6
};

GUI_CONST_STORAGE unsigned char acGUI_FontWQY18_006B[ 75] = { /* code 006B, LATIN SMALL LETTER K */
  0xFB, 0x00, 0x00, 0x00, 0x00,
  0xFB, 0x00, 0x00, 0x00, 0x00,
  0xFB, 0x00, 0x00, 0x00, 0x00,
  0xFB, 0x00, 0x00, 0x00, 0x00,
  0xFB, 0x00, 0x00, 0x00, 0x00,
  0xFB, 0x00, 0x07, 0xF8, 0x00,
  0xFB, 0x00, 0x5F, 0x80, 0x00,
  0xFA, 0x05, 0xFA, 0x00, 0x00,
  0xF9, 0x3F, 0xA0, 0x00, 0x00,
  0xFB, 0xEF, 0x30, 0x00, 0x00,
  0xFF, 0xAE, 0xC0, 0x00, 0x00,
  0xFB, 0x05, 0xF9, 0x00, 0x00,
  0xFB, 0x00, 0x8F, 0x50, 0x00,
  0xFB, 0x00, 0x0C, 0xE3, 0x00,
  0xFB, 0x00, 0x02, 0xEC, 0x10
};

GUI_CONST_STORAGE unsigned char acGUI_FontWQY18_006C[ 15] = { /* code 006C, LATIN SMALL LETTER L */
  0xFB,
  0xFB,
  0xFB,
  0xFB,
  0xFB,
  0xFB,
  0xFB,
  0xFB,
  0xFB,
  0xFB,
  0xFB,
  0xFB,
  0xFB,
  0xFB,
  0xFB
};

GUI_CONST_STORAGE unsigned char acGUI_FontWQY18_006D[ 70] = { /* code 006D, LATIN SMALL LETTER M */
  0xF7, 0x4C, 0xFE, 0x80, 0x4C, 0xFE, 0x91,
  0xFD, 0xE7, 0x6B, 0xFA, 0xE8, 0x6B, 0xF9,
  0xFF, 0x30, 0x00, 0xEF, 0x50, 0x00, 0xDE,
  0xFC, 0x00, 0x00, 0xBF, 0x00, 0x00, 0xBF,
  0xFB, 0x00, 0x00, 0xBF, 0x00, 0x00, 0xBF,
  0xFB, 0x00, 0x00, 0xBF, 0x00, 0x00, 0xBF,
  0xFB, 0x00, 0x00, 0xBF, 0x00, 0x00, 0xBF,
  0xFB, 0x00, 0x00, 0xBF, 0x00, 0x00, 0xBF,
  0xFB, 0x00, 0x00, 0xBF, 0x00, 0x00, 0xBF,
  0xFB, 0x00, 0x00, 0xBF, 0x00, 0x00, 0xBF
};

GUI_CONST_STORAGE unsigned char acGUI_FontWQY18_006E[ 40] = { /* code 006E, LATIN SMALL LETTER N */
  0xF7, 0x4C, 0xFE, 0x91,
  0xFD, 0xE8, 0x6B, 0xF9,
  0xFF, 0x30, 0x00, 0xDE,
  0xFC, 0x00, 0x00, 0xBF,
  0xFB, 0x00, 0x00, 0xBF,
  0xFB, 0x00, 0x00, 0xBF,
  0xFB, 0x00, 0x00, 0xBF,
  0xFB, 0x00, 0x00, 0xBF,
  0xFB, 0x00, 0x00, 0xBF,
  0xFB, 0x00, 0x00, 0xBF
};

GUI_CONST_STORAGE unsigned char acGUI_FontWQY18_006F[ 50] = { /* code 006F, LATIN SMALL LETTER O */
  0x01, 0x9E, 0xFE, 0x91, 0x00,
  0x1D, 0xE8, 0x68, 0xED, 0x10,
  0x8F, 0x40, 0x00, 0x4F, 0x70,
  0xDE, 0x00, 0x00, 0x0E, 0xC0,
  0xFB, 0x00, 0x00, 0x0B, 0xF0,
  0xFB, 0x00, 0x00, 0x0B, 0xF0,
  0xCE, 0x00, 0x00, 0x0E, 0xD0,
  0x7F, 0x50, 0x00, 0x4F, 0x80,
  0x1D, 0xE8, 0x68, 0xED, 0x10,
  0x01, 0x8E, 0xFE, 0x91, 0x00
};

GUI_CONST_STORAGE unsigned char acGUI_FontWQY18_0070[ 70] = { /* code 0070, LATIN SMALL LETTER P */
  0xF7, 0x4C, 0xFE, 0xB2, 0x00,
  0xFD, 0xE8, 0x68, 0xEE, 0x20,
  0xFF, 0x30, 0x00, 0x4F, 0x90,
  0xFC, 0x00, 0x00, 0x0E, 0xD0,
  0xFB, 0x00, 0x00, 0x0B, 0xF0,
  0xFB, 0x00, 0x00, 0x0B, 0xF0,
  0xFC, 0x00, 0x00, 0x0E, 0xD0,
  0xFF, 0x30, 0x00, 0x5F, 0x90,
  0xFD, 0xE8, 0x68, 0xEE, 0x20,
  0xF9, 0x4C, 0xFE, 0xA2, 0x00,
  0xFB, 0x00, 0x00, 0x00, 0x00,
  0xFB, 0x00, 0x00, 0x00, 0x00,
  0xFB, 0x00, 0x00, 0x00, 0x00,
  0xFB, 0x00, 0x00, 0x00, 0x00
};

GUI_CONST_STORAGE unsigned char acGUI_FontWQY18_0071[ 70] = { /* code 0071, LATIN SMALL LETTER Q */
  0x02, 0xAE, 0xFC, 0x47, 0xF0,
  0x2E, 0xE8, 0x68, 0xEC, 0xF0,
  0x9F, 0x50, 0x00, 0x3F, 0xF0,
  0xDE, 0x00, 0x00, 0x0C, 0xF0,
  0xFB, 0x00, 0x00, 0x0B, 0xF0,
  0xFB, 0x00, 0x00, 0x0B, 0xF0,
  0xDE, 0x00, 0x00, 0x0C, 0xF0,
  0x9F, 0x40, 0x00, 0x3F, 0xF0,
  0x2E, 0xE8, 0x68, 0xED, 0xF0,
  0x02, 0xAE, 0xFC, 0x49, 0xF0,
  0x00, 0x00, 0x00, 0x0B, 0xF0,
  0x00, 0x00, 0x00, 0x0B, 0xF0,
  0x00, 0x00, 0x00, 0x0B, 0xF0,
  0x00, 0x00, 0x00, 0x0B, 0xF0
};

GUI_CONST_STORAGE unsigned char acGUI_FontWQY18_0072[ 30] = { /* code 0072, LATIN SMALL LETTER R */
  0xF6, 0x2B, 0xFE,
  0xF9, 0xDB, 0x87,
  0xFF, 0x70, 0x00,
  0xFD, 0x00, 0x00,
  0xFB, 0x00, 0x00,
  0xFB, 0x00, 0x00,
  0xFB, 0x00, 0x00,
  0xFB, 0x00, 0x00,
  0xFB, 0x00, 0x00,
  0xFB, 0x00, 0x00
};

GUI_CONST_STORAGE unsigned char acGUI_FontWQY18_0073[ 40] = { /* code 0073, LATIN SMALL LETTER S */
  0x01, 0xAE, 0xFC, 0x60,
  0x0B, 0xF7, 0x6A, 0x90,
  0x0F, 0xB0, 0x00, 0x00,
  0x0D, 0xF4, 0x00, 0x00,
  0x03, 0xDF, 0xB3, 0x00,
  0x00, 0x17, 0xEF, 0x60,
  0x00, 0x00, 0x1E, 0xE0,
  0x00, 0x00, 0x0B, 0xF0,
  0x2D, 0x86, 0x9F, 0xA0,
  0x1A, 0xEF, 0xE9, 0x10
};

GUI_CONST_STORAGE unsigned char acGUI_FontWQY18_0074[ 39] = { /* code 0074, LATIN SMALL LETTER T */
  0x02, 0x40, 0x00,
  0x08, 0xB0, 0x00,
  0x0D, 0xB0, 0x00,
  0xCF, 0xFF, 0xFD,
  0x4F, 0xC4, 0x43,
  0x0F, 0xB0, 0x00,
  0x0F, 0xB0, 0x00,
  0x0F, 0xB0, 0x00,
  0x0F, 0xB0, 0x00,
  0x0F, 0xB0, 0x00,
  0x0F, 0xC0, 0x00,
  0x0B, 0xF9, 0x68,
  0x01, 0xBF, 0xFC
};

GUI_CONST_STORAGE unsigned char acGUI_FontWQY18_0075[ 40] = { /* code 0075, LATIN SMALL LETTER U */
  0xFB, 0x00, 0x00, 0xBF,
  0xFB, 0x00, 0x00, 0xBF,
  0xFB, 0x00, 0x00, 0xBF,
  0xFB, 0x00, 0x00, 0xBF,
  0xFB, 0x00, 0x00, 0xBF,
  0xFB, 0x00, 0x00, 0xBF,
  0xFB, 0x00, 0x00, 0xCF,
  0xED, 0x00, 0x03, 0xFF,
  0x9F, 0xB6, 0x8E, 0xDF,
  0x19, 0xEF, 0xC5, 0x7F
};

GUI_CONST_STORAGE unsigned char acGUI_FontWQY18_0076[ 60] = { /* code 0076, LATIN SMALL LETTER V */
  0x1F, 0xA0, 0x00, 0x00, 0xAF, 0x10,
  0x0B, 0xF1, 0x00, 0x01, 0xFA, 0x00,
  0x05, 0xF6, 0x00, 0x06, 0xF5, 0x00,
  0x00, 0xEB, 0x00, 0x0B, 0xE0, 0x00,
  0x00, 0x9F, 0x10, 0x2F, 0x90, 0x00,
  0x00, 0x3F, 0x70, 0x7F, 0x30, 0x00,
  0x00, 0x0D, 0xB0, 0xCD, 0x00, 0x00,
  0x00, 0x08, 0xF3, 0xF7, 0x00, 0x00,
  0x00, 0x02, 0xFB, 0xF2, 0x00, 0x00,
  0x00, 0x00, 0xBF, 0xB0, 0x00, 0x00
};

GUI_CONST_STORAGE unsigned char acGUI_FontWQY18_0077[ 80] = { /* code 0077, LATIN SMALL LETTER W */
  0x2F, 0x90, 0x00, 0x7F, 0x90, 0x00, 0x9F, 0x20,
  0x0D, 0xD0, 0x00, 0xBE, 0xD0, 0x00, 0xDD, 0x00,
  0x08, 0xF2, 0x00, 0xF9, 0xF1, 0x02, 0xF8, 0x00,
  0x04, 0xF6, 0x04, 0xF2, 0xF5, 0x06, 0xF4, 0x00,
  0x00, 0xF9, 0x08, 0xD0, 0xC8, 0x09, 0xF0, 0x00,
  0x00, 0xBD, 0x0C, 0x90, 0x9C, 0x0D, 0xB0, 0x00,
  0x00, 0x7F, 0x2F, 0x60, 0x5F, 0x3F, 0x70, 0x00,
  0x00, 0x3F, 0x8F, 0x20, 0x2F, 0x9F, 0x20, 0x00,
  0x00, 0x0E, 0xDD, 0x00, 0x0D, 0xDD, 0x00, 0x00,
  0x00, 0x09, 0xF9, 0x00, 0x09, 0xF9, 0x00, 0x00
};

GUI_CONST_STORAGE unsigned char acGUI_FontWQY18_0078[ 50] = { /* code 0078, LATIN SMALL LETTER X */
  0xAF, 0x40, 0x00, 0x4F, 0xA0,
  0x1D, 0xD1, 0x01, 0xDD, 0x10,
  0x03, 0xFA, 0x0A, 0xF3, 0x00,
  0x00, 0x7F, 0x9F, 0x70, 0x00,
  0x00, 0x0B, 0xFB, 0x00, 0x00,
  0x00, 0x1D, 0xFD, 0x10, 0x00,
  0x00, 0x9F, 0x7F, 0x90, 0x00,
  0x04, 0xF8, 0x08, 0xF4, 0x00,
  0x1D, 0xD0, 0x00, 0xDD, 0x10,
  0xAF, 0x40, 0x00, 0x4F, 0xA0
};

GUI_CONST_STORAGE unsigned char acGUI_FontWQY18_0079[ 84] = { /* code 0079, LATIN SMALL LETTER Y */
  0x1F, 0xA0, 0x00, 0x00, 0xAF, 0x10,
  0x0A, 0xF1, 0x00, 0x01, 0xFA, 0x00,
  0x04, 0xF7, 0x00, 0x06, 0xF4, 0x00,
  0x00, 0xDC, 0x00, 0x0C, 0xE0, 0x00,
  0x00, 0x7F, 0x30, 0x2F, 0x80, 0x00,
  0x00, 0x2F, 0x80, 0x8F, 0x20, 0x00,
  0x00, 0x0B, 0xD0, 0xDC, 0x00, 0x00,
  0x00, 0x04, 0xF6, 0xF6, 0x00, 0x00,
  0x00, 0x00, 0xDD, 0xF1, 0x00, 0x00,
  0x00, 0x00, 0x8F, 0x90, 0x00, 0x00,
  0x00, 0x00, 0x6F, 0x40, 0x00, 0x00,
  0x00, 0x00, 0xBD, 0x00, 0x00, 0x00,
  0x00, 0x02, 0xF8, 0x00, 0x00, 0x00,
  0x16, 0x7D, 0xE1, 0x00, 0x00, 0x00
};

GUI_CONST_STORAGE unsigned char acGUI_FontWQY18_007A[ 40] = { /* code 007A, LATIN SMALL LETTER Z */
  0xBF, 0xFF, 0xFF, 0xF0,
  0x34, 0x44, 0x4E, 0xD0,
  0x00, 0x00, 0x9F, 0x30,
  0x00, 0x04, 0xF7, 0x00,
  0x00, 0x1D, 0xC0, 0x00,
  0x00, 0xAE, 0x20, 0x00,
  0x05, 0xF6, 0x00, 0x00,
  0x2E, 0xB0, 0x00, 0x00,
  0xBF, 0x54, 0x44, 0x40,
  0xFF, 0xFF, 0xFF, 0xF2
};

GUI_CONST_STORAGE unsigned char acGUI_FontWQY18_007B[ 51] = { /* code 007B, LEFT CURLY BRACKET */
  0x00, 0x1B, 0xF0,
  0x00, 0xBF, 0x70,
  0x00, 0xFB, 0x00,
  0x00, 0xFB, 0x00,
  0x00, 0xFB, 0x00,
  0x00, 0xFB, 0x00,
  0x00, 0xFA, 0x00,
  0x17, 0xF5, 0x00,
  0xFE, 0x50, 0x00,
  0x6C, 0xD3, 0x00,
  0x01, 0xF9, 0x00,
  0x00, 0xFB, 0x00,
  0x00, 0xFB, 0x00,
  0x00, 0xFB, 0x00,
  0x00, 0xFB, 0x00,
  0x00, 0xBF, 0x70,
  0x00, 0x2B, 0xF0
};

GUI_CONST_STORAGE unsigned char acGUI_FontWQY18_007C[ 19] = { /* code 007C, VERTICAL LINE */
  0xF6,
  0xF6,
  0xF6,
  0xF6,
  0xF6,
  0xF6,
  0xF6,
  0xF6,
  0xF6,
  0xF6,
  0xF6,
  0xF6,
  0xF6,
  0xF6,
  0xF6,
  0xF6,
  0xF6,
  0xF6,
  0xF6
};

GUI_CONST_STORAGE unsigned char acGUI_FontWQY18_007D[ 51] = { /* code 007D, RIGHT CURLY BRACKET */
  0xFB, 0x10, 0x00,
  0x7F, 0xB0, 0x00,
  0x0B, 0xF0, 0x00,
  0x0B, 0xF0, 0x00,
  0x0B, 0xF0, 0x00,
  0x0B, 0xF0, 0x00,
  0x0A, 0xF0, 0x00,
  0x05, 0xF7, 0x00,
  0x00, 0x5E, 0xF0,
  0x02, 0xDC, 0x60,
  0x09, 0xF1, 0x00,
  0x0B, 0xF0, 0x00,
  0x0B, 0xF0, 0x00,
  0x0B, 0xF0, 0x00,
  0x0B, 0xF0, 0x00,
  0x7F, 0xB0, 0x00,
  0xFB, 0x20, 0x00
};

GUI_CONST_STORAGE unsigned char acGUI_FontWQY18_007E[ 12] = { /* code 007E, TILDE */
  0x5D, 0xF9, 0x10, 0x05,
  0xF8, 0x7E, 0xE7, 0x8F,
  0x60, 0x01, 0x9F, 0xD5
};

/* Start of unicode area <CJK Unified Ideographs> */
GUI_CONST_STORAGE unsigned char acGUI_FontWQY18_4E0A[153] = { /* code 4E0A */
  0x00, 0x00, 0x00, 0x02, 0x10, 0x00, 0x00, 0x00, 0x00,
  0x00, 0x00, 0x00, 0x2F, 0x70, 0x00, 0x00, 0x00, 0x00,
  0x00, 0x00, 0x00, 0x2F, 0x70, 0x00, 0x00, 0x00, 0x00,
  0x00, 0x00, 0x00, 0x2F, 0x70, 0x00, 0x00, 0x00, 0x00,
  0x00, 0x00, 0x00, 0x2F, 0x70, 0x00, 0x00, 0x00, 0x00,
  0x00, 0x00, 0x00, 0x2F, 0x70, 0x00, 0x00, 0x00, 0x00,
  0x00, 0x00, 0x00, 0x2F, 0xED, 0xDD, 0xDD, 0xDA, 0x00,
  0x00, 0x00, 0x00, 0x2F, 0xC9, 0x99, 0x99, 0x97, 0x00,
  0x00, 0x00, 0x00, 0x2F, 0x70, 0x00, 0x00, 0x00, 0x00,
  0x00, 0x00, 0x00, 0x2F, 0x70, 0x00, 0x00, 0x00, 0x00,
  0x00, 0x00, 0x00, 0x2F, 0x70, 0x00, 0x00, 0x00, 0x00,
  0x00, 0x00, 0x00, 0x2F, 0x70, 0x00, 0x00, 0x00, 0x00,
  0x00, 0x00, 0x00, 0x2F, 0x70, 0x00, 0x00, 0x00, 0x00,
  0x00, 0x00, 0x00, 0x2F, 0x70, 0x00, 0x00, 0x00, 0x00,
  0x00, 0x00, 0x00, 0x2F, 0x70, 0x00, 0x00, 0x00, 0x00,
  0x59, 0x99, 0x99, 0xAF, 0xC9, 0x99, 0x99, 0x99, 0x60,
  0x7D, 0xDD, 0xDD, 0xDD, 0xDD, 0xDD, 0xDD, 0xDD, 0x80
};

GUI_CONST_STORAGE unsigned char acGUI_FontWQY18_4E0B[153] = { /* code 4E0B */
  0x36, 0x66, 0x66, 0x66, 0x66, 0x66, 0x66, 0x66, 0x40,
  0x9F, 0xFF, 0xFF, 0xFF, 0xFF, 0xFF, 0xFF, 0xFF, 0xB0,
  0x12, 0x22, 0x22, 0x2D, 0xA2, 0x22, 0x22, 0x22, 0x10,
  0x00, 0x00, 0x00, 0x0D, 0x90, 0x00, 0x00, 0x00, 0x00,
  0x00, 0x00, 0x00, 0x0D, 0x90, 0x00, 0x00, 0x00, 0x00,
  0x00, 0x00, 0x00, 0x0D, 0x90, 0x00, 0x00, 0x00, 0x00,
  0x00, 0x00, 0x00, 0x0D, 0xD4, 0x00, 0x00, 0x00, 0x00,
  0x00, 0x00, 0x00, 0x0D, 0xFF, 0x91, 0x00, 0x00, 0x00,
  0x00, 0x00, 0x00, 0x0D, 0xA7, 0xFD, 0x40, 0x00, 0x00,
  0x00, 0x00, 0x00, 0x0D, 0x90, 0x3D, 0xF8, 0x00, 0x00,
  0x00, 0x00, 0x00, 0x0D, 0x90, 0x01, 0xBF, 0x80, 0x00,
  0x00, 0x00, 0x00, 0x0D, 0x90, 0x00, 0x09, 0x20, 0x00,
  0x00, 0x00, 0x00, 0x0D, 0x90, 0x00, 0x00, 0x00, 0x00,
  0x00, 0x00, 0x00, 0x0D, 0x90, 0x00, 0x00, 0x00, 0x00,
  0x00, 0x00, 0x00, 0x0D, 0x90, 0x00, 0x00, 0x00, 0x00,
  0x00, 0x00, 0x00, 0x0D, 0x90, 0x00, 0x00, 0x00, 0x00,
  0x00, 0x00, 0x00, 0x0A, 0x70, 0x00, 0x00, 0x00, 0x00
};

GUI_CONST_STORAGE unsigned char acGUI_FontWQY18_4E2D[144] = { /* code 4E2D */
  0x00, 0x00, 0x00, 0x37, 0x10, 0x00, 0x00, 0x00,
  0x00, 0x00, 0x00, 0x6F, 0x20, 0x00, 0x00, 0x00,
  0x00, 0x00, 0x00, 0x6F, 0x20, 0x00, 0x00, 0x00,
  0x77, 0x77, 0x77, 0xAF, 0x87, 0x77, 0x77, 0x70,
  0xDE, 0xDD, 0xDD, 0xEF, 0xDD, 0xDD, 0xDE, 0xF0,
  0xD9, 0x00, 0x00, 0x6F, 0x20, 0x00, 0x07, 0xF0,
  0xD9, 0x00, 0x00, 0x6F, 0x20, 0x00, 0x07, 0xF0,
  0xD9, 0x00, 0x00, 0x6F, 0x20, 0x00, 0x07, 0xF0,
  0xD9, 0x00, 0x00, 0x6F, 0x20, 0x00, 0x07, 0xF0,
  0xD9, 0x00, 0x00, 0x6F, 0x20, 0x00, 0x07, 0xF0,
  0xDF, 0xFF, 0xFF, 0xFF, 0xFF, 0xFF, 0xFF, 0xF0,
  0xDB, 0x66, 0x66, 0x9F, 0x76, 0x66, 0x6A, 0xF0,
  0xA7, 0x00, 0x00, 0x6F, 0x20, 0x00, 0x05, 0x90,
  0x00, 0x00, 0x00, 0x6F, 0x20, 0x00, 0x00, 0x00,
  0x00, 0x00, 0x00, 0x6F, 0x20, 0x00, 0x00, 0x00,
  0x00, 0x00, 0x00, 0x6F, 0x20, 0x00, 0x00, 0x00,
  0x00, 0x00, 0x00, 0x6F, 0x20, 0x00, 0x00, 0x00,
  0x00, 0x00, 0x00, 0x5D, 0x20, 0x00, 0x00, 0x00
};

GUI_CONST_STORAGE unsigned char acGUI_FontWQY18_4E91[153] = { /* code 4E91 */
  0x00, 0x22, 0x22, 0x22, 0x22, 0x22, 0x22, 0x20, 0x00,
  0x04, 0xFF, 0xFF, 0xFF, 0xFF, 0xFF, 0xFF, 0xF4, 0x00,
  0x01, 0x66, 0x66, 0x66, 0x66, 0x66, 0x66, 0x61, 0x00,
  0x00, 0x00, 0x00, 0x00, 0x00, 0x00, 0x00, 0x00, 0x00,
  0x00, 0x00, 0x00, 0x00, 0x00, 0x00, 0x00, 0x00, 0x00,
  0x00, 0x00, 0x00, 0x00, 0x00, 0x00, 0x00, 0x00, 0x00,
  0xDF, 0xFF, 0xFF, 0xFF, 0xFF, 0xFF, 0xFF, 0xFF, 0xD0,
  0x56, 0x66, 0x66, 0xBF, 0x76, 0x66, 0x66, 0x66, 0x50,
  0x00, 0x00, 0x01, 0xEC, 0x00, 0x00, 0x00, 0x00, 0x00,
  0x00, 0x00, 0x07, 0xF5, 0x00, 0x03, 0x40, 0x00, 0x00,
  0x00, 0x00, 0x2E, 0xB0, 0x00, 0x0B, 0xE1, 0x00, 0x00,
  0x00, 0x00, 0xBF, 0x30, 0x00, 0x04, 0xF8, 0x00, 0x00,
  0x00, 0x06, 0xF9, 0x00, 0x00, 0x00, 0xBF, 0x10, 0x00,
  0x00, 0x4F, 0xC0, 0x00, 0x00, 0x14, 0x9F, 0x70, 0x00,
  0x02, 0xEF, 0x98, 0x9B, 0xCE, 0xFF, 0xFF, 0xD0, 0x00,
  0x00, 0xEF, 0xFF, 0xDC, 0xB8, 0x64, 0x17, 0xF4, 0x00,
  0x00, 0x12, 0x00, 0x00, 0x00, 0x00, 0x02, 0x71, 0x00
};

GUI_CONST_STORAGE unsigned char acGUI_FontWQY18_4F34[162] = { /* code 4F34 */
  0x00, 0x00, 0x31, 0x00, 0x00, 0x06, 0x30, 0x00, 0x00,
  0x00, 0x00, 0xCC, 0x05, 0x10, 0x0F, 0x70, 0x05, 0x20,
  0x00, 0x03, 0xF7, 0x2F, 0x80, 0x0F, 0x70, 0x0E, 0xA0,
  0x00, 0x08, 0xF1, 0x08, 0xF2, 0x0F, 0x70, 0x6F, 0x40,
  0x00, 0x1E, 0xA0, 0x01, 0xF9, 0x0F, 0x71, 0xEC, 0x00,
  0x00, 0x7F, 0x60, 0x00, 0x51, 0x0F, 0x70, 0x53, 0x00,
  0x01, 0xEF, 0x60, 0x89, 0x99, 0x9F, 0xC9, 0x99, 0x93,
  0x0A, 0xFF, 0x60, 0xAB, 0xBB, 0xBF, 0xDB, 0xBB, 0xB4,
  0x1F, 0xAF, 0x60, 0x00, 0x00, 0x0F, 0x70, 0x00, 0x00,
  0x07, 0x2F, 0x60, 0x00, 0x00, 0x0F, 0x70, 0x00, 0x00,
  0x00, 0x2F, 0x61, 0x22, 0x22, 0x2F, 0x82, 0x22, 0x22,
  0x00, 0x2F, 0x69, 0xFF, 0xFF, 0xFF, 0xFF, 0xFF, 0xFF,
  0x00, 0x2F, 0x62, 0x44, 0x44, 0x4F, 0x94, 0x44, 0x44,
  0x00, 0x2F, 0x60, 0x00, 0x00, 0x0F, 0x70, 0x00, 0x00,
  0x00, 0x2F, 0x60, 0x00, 0x00, 0x0F, 0x70, 0x00, 0x00,
  0x00, 0x2F, 0x60, 0x00, 0x00, 0x0F, 0x70, 0x00, 0x00,
  0x00, 0x2F, 0x60, 0x00, 0x00, 0x0F, 0x70, 0x00, 0x00,
  0x00, 0x1B, 0x40, 0x00, 0x00, 0x0B, 0x60, 0x00, 0x00
};

GUI_CONST_STORAGE unsigned char acGUI_FontWQY18_51B0[162] = { /* code 51B0 */
  0x00, 0x00, 0x00, 0x00, 0x02, 0x61, 0x00, 0x00, 0x00,
  0x3A, 0x10, 0x00, 0x00, 0x06, 0xF2, 0x00, 0x00, 0x00,
  0x5F, 0x90, 0x00, 0x00, 0x06, 0xF2, 0x00, 0x00, 0x00,
  0x09, 0xF3, 0x00, 0x00, 0x06, 0xF2, 0x00, 0x07, 0x00,
  0x01, 0xEB, 0x24, 0x44, 0x36, 0xF3, 0x00, 0x9F, 0x30,
  0x00, 0x63, 0x7F, 0xFF, 0xB6, 0xF8, 0x09, 0xF7, 0x00,
  0x00, 0x00, 0x24, 0x4C, 0xB6, 0xFD, 0xBF, 0x70, 0x00,
  0x00, 0x00, 0x00, 0x0E, 0x86, 0xFF, 0xD4, 0x00, 0x00,
  0x00, 0x00, 0x00, 0x4F, 0x36, 0xFC, 0xA0, 0x00, 0x00,
  0x00, 0x21, 0x00, 0x9D, 0x06, 0xF6, 0xF3, 0x00, 0x00,
  0x00, 0x9C, 0x01, 0xF7, 0x06, 0xF2, 0xBC, 0x00, 0x00,
  0x00, 0xEA, 0x08, 0xE1, 0x06, 0xF2, 0x2F, 0x70, 0x00,
  0x04, 0xF6, 0x2F, 0x70, 0x06, 0xF2, 0x07, 0xF5, 0x00,
  0x0B, 0xF1, 0xCD, 0x10, 0x06, 0xF2, 0x00, 0xBF, 0x50,
  0x3F, 0xA7, 0xF4, 0x00, 0x06, 0xF2, 0x00, 0x1D, 0xE1,
  0xAF, 0x41, 0x50, 0x00, 0x06, 0xF2, 0x00, 0x01, 0x40,
  0x9D, 0x00, 0x00, 0x02, 0xCE, 0xF0, 0x00, 0x00, 0x00,
  0x02, 0x00, 0x00, 0x00, 0xAB, 0x60, 0x00, 0x00, 0x00
};

GUI_CONST_STORAGE unsigned char acGUI_FontWQY18_51BB[162] = { /* code 51BB */
  0x00, 0x00, 0x00, 0x00, 0x04, 0x10, 0x00, 0x00, 0x00,
  0x3A, 0x10, 0x00, 0x00, 0x2F, 0x60, 0x00, 0x00, 0x00,
  0x5F, 0x90, 0x00, 0x00, 0x8F, 0x20, 0x00, 0x00, 0x00,
  0x09, 0xF3, 0x2D, 0xDD, 0xFF, 0xDD, 0xDD, 0xDD, 0x00,
  0x01, 0xEB, 0x17, 0x7B, 0xFA, 0x77, 0x77, 0x77, 0x00,
  0x00, 0x63, 0x00, 0x0C, 0xE0, 0x33, 0x00, 0x00, 0x00,
  0x00, 0x00, 0x00, 0x5F, 0x70, 0xBB, 0x00, 0x00, 0x00,
  0x00, 0x00, 0x00, 0xDD, 0x00, 0xBB, 0x00, 0x00, 0x00,
  0x00, 0x00, 0x08, 0xF5, 0x00, 0xBB, 0x00, 0x00, 0x00,
  0x00, 0x21, 0x0E, 0xFD, 0xDD, 0xFF, 0xDD, 0xDD, 0x30,
  0x00, 0x9C, 0x06, 0x77, 0x77, 0xDD, 0x77, 0x77, 0x20,
  0x00, 0xEA, 0x00, 0x03, 0x00, 0xBB, 0x03, 0x00, 0x00,
  0x04, 0xF6, 0x00, 0x5F, 0x40, 0xBB, 0x1E, 0xA0, 0x00,
  0x0B, 0xF1, 0x01, 0xED, 0x00, 0xBB, 0x07, 0xF7, 0x00,
  0x3F, 0xA0, 0x1C, 0xF4, 0x00, 0xBB, 0x00, 0xAF, 0x40,
  0xAF, 0x40, 0xAF, 0x80, 0x00, 0xBB, 0x00, 0x1D, 0xD0,
  0x9D, 0x00, 0x27, 0x00, 0x6B, 0xF9, 0x00, 0x04, 0x60,
  0x02, 0x00, 0x00, 0x00, 0x3A, 0xA3, 0x00, 0x00, 0x00
};

GUI_CONST_STORAGE unsigned char acGUI_FontWQY18_5377[162] = { /* code 5377 */
  0x00, 0x00, 0x00, 0x00, 0x41, 0x00, 0x00, 0x00, 0x00,
  0x00, 0x3C, 0x40, 0x03, 0xF5, 0x00, 0x3D, 0x40, 0x00,
  0x00, 0x1C, 0xE2, 0x07, 0xF1, 0x00, 0xCF, 0x20, 0x00,
  0x00, 0x02, 0x70, 0x0C, 0xB0, 0x09, 0xF7, 0x00, 0x00,
  0x4F, 0xFF, 0xFF, 0xFF, 0xFF, 0xFF, 0xFF, 0xFF, 0x40,
  0x27, 0x77, 0x77, 0xEE, 0x77, 0x77, 0x77, 0x77, 0x20,
  0x00, 0x00, 0x05, 0xF6, 0x00, 0x00, 0x00, 0x00, 0x00,
  0xAB, 0xBB, 0xBE, 0xFB, 0xBB, 0xBB, 0xBB, 0xBB, 0xA0,
  0x89, 0x9B, 0xFE, 0x99, 0x99, 0x9A, 0xFE, 0x99, 0x80,
  0x00, 0x3E, 0xE3, 0x00, 0x00, 0x00, 0x8F, 0x70, 0x00,
  0x07, 0xFE, 0xDB, 0xBB, 0xBB, 0xBB, 0xA8, 0xFC, 0x50,
  0x9F, 0xA3, 0xFB, 0x99, 0x99, 0x9D, 0xD0, 0x5D, 0xD0,
  0x24, 0x02, 0xF6, 0x00, 0x00, 0x09, 0xD0, 0x00, 0x20,
  0x00, 0x02, 0xF6, 0x00, 0x28, 0x7D, 0xD0, 0x20, 0x00,
  0x00, 0x02, 0xF6, 0x00, 0x1C, 0xEE, 0x50, 0x9D, 0x00,
  0x00, 0x02, 0xF6, 0x00, 0x00, 0x00, 0x03, 0xEA, 0x00,
  0x00, 0x01, 0xFF, 0xFE, 0xDD, 0xEF, 0xFF, 0xF3, 0x00,
  0x00, 0x00, 0x25, 0x67, 0x77, 0x77, 0x65, 0x20, 0x00
};

GUI_CONST_STORAGE unsigned char acGUI_FontWQY18_540D[162] = { /* code 540D */
  0x00, 0x00, 0x00, 0x03, 0x10, 0x00, 0x00, 0x00, 0x00,
  0x00, 0x00, 0x00, 0x2E, 0xB0, 0x00, 0x00, 0x00, 0x00,
  0x00, 0x00, 0x02, 0xDF, 0xED, 0xDD, 0xDD, 0xDD, 0xA0,
  0x00, 0x00, 0x3E, 0xE9, 0x99, 0x99, 0x99, 0xBF, 0x90,
  0x00, 0x07, 0xFF, 0x30, 0x00, 0x00, 0x02, 0xED, 0x10,
  0x02, 0xCF, 0xCF, 0xD3, 0x00, 0x00, 0x3E, 0xE2, 0x00,
  0x00, 0x97, 0x03, 0xDF, 0x20, 0x08, 0xFD, 0x20, 0x00,
  0x00, 0x00, 0x00, 0x16, 0x17, 0xEF, 0x91, 0x00, 0x00,
  0x00, 0x00, 0x01, 0x5A, 0xFF, 0xB4, 0x00, 0x00, 0x00,
  0x04, 0x69, 0xCF, 0xFF, 0xA4, 0x00, 0x00, 0x00, 0x00,
  0x0A, 0xFF, 0xEF, 0xFF, 0xFF, 0xFF, 0xFF, 0xFF, 0xD0,
  0x02, 0x52, 0x2F, 0x96, 0x66, 0x66, 0x66, 0x6B, 0xD0,
  0x00, 0x00, 0x2F, 0x60, 0x00, 0x00, 0x00, 0x09, 0xD0,
  0x00, 0x00, 0x2F, 0x60, 0x00, 0x00, 0x00, 0x09, 0xD0,
  0x00, 0x00, 0x2F, 0x60, 0x00, 0x00, 0x00, 0x09, 0xD0,
  0x00, 0x00, 0x2F, 0xED, 0xDD, 0xDD, 0xDD, 0xDE, 0xD0,
  0x00, 0x00, 0x2F, 0xB9, 0x99, 0x99, 0x99, 0x9D, 0xD0,
  0x00, 0x00, 0x1B, 0x40, 0x00, 0x00, 0x00, 0x07, 0xA0
};

GUI_CONST_STORAGE unsigned char acGUI_FontWQY18_591A[144] = { /* code 591A */
  0x00, 0x00, 0x00, 0x00, 0x55, 0x00, 0x00, 0x00,
  0x00, 0x00, 0x00, 0x09, 0xF7, 0x00, 0x00, 0x00,
  0x00, 0x00, 0x04, 0xDF, 0xFD, 0xDD, 0xDD, 0xB0,
  0x00, 0x05, 0xBF, 0xA7, 0x77, 0x77, 0x8F, 0xC0,
  0x03, 0xEF, 0xDF, 0x70, 0x00, 0x01, 0xBE, 0x20,
  0x00, 0x42, 0x08, 0xF3, 0x00, 0x6E, 0xC2, 0x00,
  0x00, 0x00, 0x00, 0x23, 0x8D, 0xF8, 0x00, 0x00,
  0x01, 0x35, 0x7A, 0xEF, 0xD7, 0x10, 0x00, 0x00,
  0x0C, 0xFF, 0xEB, 0x73, 0x4D, 0x60, 0x00, 0x00,
  0x03, 0x53, 0x00, 0x18, 0xFF, 0xA9, 0x99, 0x95,
  0x00, 0x00, 0x06, 0xDF, 0xBB, 0xBB, 0xBC, 0xF7,
  0x00, 0x16, 0xDF, 0xB2, 0x00, 0x00, 0x0B, 0xE2,
  0x01, 0xEF, 0xCF, 0xB1, 0x00, 0x01, 0xBE, 0x30,
  0x00, 0x53, 0x05, 0xE9, 0x00, 0x7E, 0xC2, 0x00,
  0x00, 0x00, 0x00, 0x33, 0x8E, 0xE7, 0x00, 0x00,
  0x00, 0x03, 0x69, 0xDF, 0xD7, 0x10, 0x00, 0x00,
  0x7D, 0xFF, 0xFD, 0x84, 0x00, 0x00, 0x00, 0x00,
  0x4A, 0x75, 0x10, 0x00, 0x00, 0x00, 0x00, 0x00
};

GUI_CONST_STORAGE unsigned char acGUI_FontWQY18_5927[180] = { /* code 5927 */
  0x00, 0x00, 0x00, 0x00, 0x24, 0x00, 0x00, 0x00, 0x00, 0x00,
  0x00, 0x00, 0x00, 0x00, 0x7F, 0x20, 0x00, 0x00, 0x00, 0x00,
  0x00, 0x00, 0x00, 0x00, 0x7F, 0x20, 0x00, 0x00, 0x00, 0x00,
  0x00, 0x00, 0x00, 0x00, 0x7F, 0x20, 0x00, 0x00, 0x00, 0x00,
  0x00, 0x00, 0x00, 0x00, 0x7F, 0x20, 0x00, 0x00, 0x00, 0x00,
  0x06, 0xFF, 0xFF, 0xFF, 0xFF, 0xFF, 0xFF, 0xFF, 0xF7, 0x00,
  0x03, 0x77, 0x77, 0x77, 0xBF, 0xB7, 0x77, 0x77, 0x74, 0x00,
  0x00, 0x00, 0x00, 0x00, 0xAF, 0xB0, 0x00, 0x00, 0x00, 0x00,
  0x00, 0x00, 0x00, 0x00, 0xEF, 0xF2, 0x00, 0x00, 0x00, 0x00,
  0x00, 0x00, 0x00, 0x04, 0xF8, 0xE9, 0x00, 0x00, 0x00, 0x00,
  0x00, 0x00, 0x00, 0x0C, 0xF1, 0x8F, 0x20, 0x00, 0x00, 0x00,
  0x00, 0x00, 0x00, 0x7F, 0x80, 0x1E, 0xB0, 0x00, 0x00, 0x00,
  0x00, 0x00, 0x04, 0xFC, 0x00, 0x06, 0xF7, 0x00, 0x00, 0x00,
  0x00, 0x00, 0x4E, 0xE2, 0x00, 0x00, 0xBF, 0x70, 0x00, 0x00,
  0x00, 0x07, 0xFE, 0x30, 0x00, 0x00, 0x1D, 0xF8, 0x00, 0x00,
  0x02, 0xBF, 0xC2, 0x00, 0x00, 0x00, 0x01, 0xCF, 0xD5, 0x00,
  0x0E, 0xF9, 0x10, 0x00, 0x00, 0x00, 0x00, 0x19, 0xFF, 0x10,
  0x05, 0x30, 0x00, 0x00, 0x00, 0x00, 0x00, 0x00, 0x36, 0x00
};

GUI_CONST_STORAGE unsigned char acGUI_FontWQY18_5939[162] = { /* code 5939 */
  0x00, 0x00, 0x00, 0x01, 0x62, 0x00, 0x00, 0x00, 0x00,
  0x00, 0x00, 0x00, 0x02, 0xF6, 0x00, 0x00, 0x00, 0x00,
  0x00, 0x00, 0x00, 0x02, 0xF6, 0x00, 0x00, 0x00, 0x00,
  0x06, 0xFF, 0xFF, 0xFF, 0xFF, 0xFF, 0xFF, 0xF9, 0x00,
  0x02, 0x66, 0x66, 0x67, 0xF8, 0x66, 0x66, 0x63, 0x00,
  0x00, 0x04, 0x00, 0x03, 0xF4, 0x00, 0x06, 0x20, 0x00,
  0x00, 0x6F, 0x60, 0x04, 0xF4, 0x00, 0x4F, 0x80, 0x00,
  0x00, 0x0C, 0xE1, 0x05, 0xF3, 0x01, 0xDD, 0x10, 0x00,
  0x00, 0x04, 0xF4, 0x07, 0xF1, 0x04, 0xF4, 0x00, 0x00,
  0x12, 0x22, 0x32, 0x2B, 0xE2, 0x22, 0x32, 0x22, 0x10,
  0x6F, 0xFF, 0xFF, 0xFF, 0xFF, 0xFF, 0xFF, 0xFF, 0x70,
  0x14, 0x44, 0x44, 0xAF, 0x9F, 0x84, 0x44, 0x44, 0x20,
  0x00, 0x00, 0x03, 0xFB, 0x0C, 0xD1, 0x00, 0x00, 0x00,
  0x00, 0x00, 0x2E, 0xE2, 0x03, 0xEC, 0x10, 0x00, 0x00,
  0x00, 0x05, 0xEF, 0x50, 0x00, 0x3E, 0xD4, 0x00, 0x00,
  0x02, 0xAF, 0xE4, 0x00, 0x00, 0x03, 0xDF, 0xB4, 0x00,
  0x9F, 0xFA, 0x20, 0x00, 0x00, 0x00, 0x08, 0xFF, 0xC0,
  0x5A, 0x40, 0x00, 0x00, 0x00, 0x00, 0x00, 0x18, 0x40
};

GUI_CONST_STORAGE unsigned char acGUI_FontWQY18_5BA2[162] = { /* code 5BA2 */
  0x00, 0x00, 0x00, 0x00, 0x35, 0x00, 0x00, 0x00, 0x00,
  0x00, 0x00, 0x00, 0x00, 0x9F, 0x30, 0x00, 0x00, 0x00,
  0x07, 0xBB, 0xBB, 0xBB, 0xCF, 0xDB, 0xBB, 0xBB, 0xB7,
  0x09, 0xE9, 0x99, 0x9A, 0x99, 0x99, 0x99, 0x99, 0xE9,
  0x09, 0xD0, 0x00, 0x5E, 0x50, 0x00, 0x00, 0x00, 0xD9,
  0x07, 0xA0, 0x06, 0xFF, 0xDD, 0xDD, 0xDD, 0xA0, 0xA7,
  0x00, 0x01, 0xAF, 0xB6, 0x66, 0x66, 0x8F, 0x90, 0x00,
  0x00, 0x6E, 0xEB, 0xF9, 0x20, 0x04, 0xEB, 0x10, 0x00,
  0x00, 0x8A, 0x20, 0x4D, 0xFB, 0xBF, 0xA1, 0x00, 0x00,
  0x00, 0x00, 0x01, 0x59, 0xFF, 0xFE, 0x84, 0x00, 0x00,
  0x07, 0x9B, 0xEF, 0xFD, 0x93, 0x4A, 0xFF, 0xFB, 0x85,
  0x0A, 0xEC, 0x96, 0x20, 0x00, 0x00, 0x04, 0x9D, 0xF9,
  0x00, 0x05, 0xDD, 0xDD, 0xDD, 0xDD, 0xDD, 0xD3, 0x11,
  0x00, 0x06, 0xF7, 0x66, 0x66, 0x66, 0x68, 0xF4, 0x00,
  0x00, 0x06, 0xF2, 0x00, 0x00, 0x00, 0x04, 0xF4, 0x00,
  0x00, 0x06, 0xF7, 0x66, 0x66, 0x66, 0x68, 0xF4, 0x00,
  0x00, 0x06, 0xFD, 0xDD, 0xDD, 0xDD, 0xDE, 0xF4, 0x00,
  0x00, 0x04, 0xB1, 0x00, 0x00, 0x00, 0x03, 0xB3, 0x00
};

GUI_CONST_STORAGE unsigned char acGUI_FontWQY18_5BC6[162] = { /* code 5BC6 */
  0x00, 0x00, 0x00, 0x03, 0x50, 0x00, 0x00, 0x00, 0x00,
  0x00, 0x00, 0x00, 0x09, 0xF3, 0x00, 0x00, 0x00, 0x00,
  0x7B, 0xBB, 0xBB, 0xBC, 0xFD, 0xBB, 0xBB, 0xBB, 0x70,
  0x9E, 0x99, 0x99, 0x9A, 0x99, 0x99, 0x99, 0x9E, 0x90,
  0x9D, 0x00, 0x00, 0x2E, 0xB2, 0x01, 0xA3, 0x0D, 0x90,
  0x7A, 0x10, 0x9D, 0x04, 0xEC, 0x2C, 0xF6, 0x0A, 0x70,
  0x03, 0xF6, 0x9D, 0x00, 0x27, 0xEE, 0x43, 0xB2, 0x00,
  0x1D, 0xE1, 0x9D, 0x05, 0xCF, 0xB2, 0x02, 0xEB, 0x00,
  0x3E, 0x50, 0xAE, 0xDF, 0xD5, 0x00, 0xB8, 0x6F, 0x60,
  0x15, 0x8C, 0xFF, 0xE6, 0x23, 0x48, 0xF7, 0x0C, 0x80,
  0xBF, 0xEA, 0x8F, 0xFF, 0xFF, 0xFF, 0xB1, 0x01, 0x00,
  0x23, 0x00, 0x01, 0x23, 0x74, 0x20, 0x00, 0x00, 0x00,
  0x04, 0x40, 0x00, 0x04, 0xF6, 0x00, 0x00, 0x44, 0x00,
  0x0B, 0xB0, 0x00, 0x04, 0xF6, 0x00, 0x00, 0xBB, 0x00,
  0x0B, 0xB0, 0x00, 0x04, 0xF6, 0x00, 0x00, 0xBB, 0x00,
  0x0B, 0xE9, 0x99, 0x9B, 0xFB, 0x99, 0x99, 0xEB, 0x00,
  0x08, 0xBB, 0xBB, 0xBB, 0xBB, 0xBB, 0xBB, 0xEB, 0x00,
  0x00, 0x00, 0x00, 0x00, 0x00, 0x00, 0x00, 0x77, 0x00
};

GUI_CONST_STORAGE unsigned char acGUI_FontWQY18_5C0F[162] = { /* code 5C0F */
  0x00, 0x00, 0x00, 0x00, 0x63, 0x00, 0x00, 0x00, 0x00,
  0x00, 0x00, 0x00, 0x00, 0xF7, 0x00, 0x00, 0x00, 0x00,
  0x00, 0x00, 0x00, 0x00, 0xF7, 0x00, 0x00, 0x00, 0x00,
  0x00, 0x00, 0x00, 0x00, 0xF7, 0x00, 0x00, 0x00, 0x00,
  0x00, 0x04, 0x60, 0x00, 0xF7, 0x00, 0x56, 0x00, 0x00,
  0x00, 0x0A, 0xE0, 0x00, 0xF7, 0x00, 0xAE, 0x10, 0x00,
  0x00, 0x0E, 0xA0, 0x00, 0xF7, 0x00, 0x4F, 0x70, 0x00,
  0x00, 0x3F, 0x60, 0x00, 0xF7, 0x00, 0x0C, 0xD0, 0x00,
  0x00, 0x9F, 0x10, 0x00, 0xF7, 0x00, 0x06, 0xF4, 0x00,
  0x00, 0xEB, 0x00, 0x00, 0xF7, 0x00, 0x01, 0xFB, 0x00,
  0x06, 0xF5, 0x00, 0x00, 0xF7, 0x00, 0x00, 0xAF, 0x10,
  0x0D, 0xE0, 0x00, 0x00, 0xF7, 0x00, 0x00, 0x5F, 0x60,
  0x6F, 0x80, 0x00, 0x00, 0xF7, 0x00, 0x00, 0x1F, 0xB0,
  0x7E, 0x10, 0x00, 0x00, 0xF7, 0x00, 0x00, 0x0C, 0xA0,
  0x01, 0x00, 0x00, 0x00, 0xF7, 0x00, 0x00, 0x01, 0x00,
  0x00, 0x00, 0x00, 0x00, 0xF7, 0x00, 0x00, 0x00, 0x00,
  0x00, 0x00, 0xBC, 0xBC, 0xF6, 0x00, 0x00, 0x00, 0x00,
  0x00, 0x00, 0x49, 0xAB, 0x81, 0x00, 0x00, 0x00, 0x00
};

GUI_CONST_STORAGE unsigned char acGUI_FontWQY18_5C18[162] = { /* code 5C18 */
  0x00, 0x00, 0x00, 0x01, 0x41, 0x00, 0x00, 0x00, 0x00,
  0x00, 0x00, 0x00, 0x06, 0xF4, 0x00, 0x00, 0x00, 0x00,
  0x00, 0x08, 0xB0, 0x06, 0xF4, 0x00, 0xA9, 0x00, 0x00,
  0x00, 0x1F, 0xA0, 0x06, 0xF4, 0x00, 0x8F, 0x50, 0x00,
  0x00, 0xAF, 0x30, 0x06, 0xF4, 0x00, 0x0C, 0xE1, 0x00,
  0x04, 0xF9, 0x00, 0x06, 0xF4, 0x00, 0x04, 0xF7, 0x00,
  0x1E, 0xD1, 0x00, 0x06, 0xF4, 0x00, 0x00, 0xBE, 0x10,
  0x07, 0x30, 0x00, 0x03, 0x72, 0x00, 0x00, 0x45, 0x00,
  0x00, 0x00, 0x00, 0x01, 0x93, 0x00, 0x00, 0x00, 0x00,
  0x00, 0x00, 0x00, 0x02, 0xF6, 0x00, 0x00, 0x00, 0x00,
  0x00, 0x00, 0x00, 0x02, 0xF6, 0x00, 0x00, 0x00, 0x00,
  0x06, 0x99, 0x99, 0x9A, 0xFB, 0x99, 0x99, 0x97, 0x00,
  0x07, 0xBB, 0xBB, 0xBC, 0xFD, 0xBB, 0xBB, 0xB8, 0x00,
  0x00, 0x00, 0x00, 0x02, 0xF6, 0x00, 0x00, 0x00, 0x00,
  0x00, 0x00, 0x00, 0x02, 0xF6, 0x00, 0x00, 0x00, 0x00,
  0x44, 0x44, 0x44, 0x45, 0xF8, 0x44, 0x44, 0x44, 0x40,
  0xFF, 0xFF, 0xFF, 0xFF, 0xFF, 0xFF, 0xFF, 0xFF, 0xF0,
  0x22, 0x22, 0x22, 0x22, 0x22, 0x22, 0x22, 0x22, 0x20
};

GUI_CONST_STORAGE unsigned char acGUI_FontWQY18_5E26[162] = { /* code 5E26 */
  0x00, 0x04, 0x40, 0x02, 0x72, 0x00, 0x75, 0x00, 0x00,
  0x00, 0x0B, 0xB0, 0x04, 0xF4, 0x00, 0xD9, 0x00, 0x00,
  0x69, 0x9E, 0xE9, 0x9B, 0xFB, 0x99, 0xED, 0x99, 0x60,
  0x8D, 0xDF, 0xFD, 0xDE, 0xFE, 0xDD, 0xFE, 0xDD, 0x80,
  0x00, 0x0B, 0xB0, 0x04, 0xF4, 0x00, 0xD9, 0x00, 0x00,
  0x00, 0x0B, 0xB0, 0x04, 0xF4, 0x00, 0xD9, 0x00, 0x00,
  0x24, 0x45, 0x54, 0x44, 0x44, 0x44, 0x55, 0x44, 0x20,
  0x9F, 0xFF, 0xFF, 0xFF, 0xFF, 0xFF, 0xFF, 0xFF, 0x90,
  0x9D, 0x22, 0x22, 0x24, 0x73, 0x22, 0x22, 0x2D, 0x90,
  0x9D, 0x00, 0x00, 0x06, 0xF2, 0x00, 0x00, 0x0D, 0x90,
  0x23, 0x79, 0x99, 0x9B, 0xFA, 0x99, 0x99, 0x52, 0x10,
  0x00, 0xBE, 0xBB, 0xBD, 0xFC, 0xBB, 0xBF, 0x70, 0x00,
  0x00, 0xBB, 0x00, 0x06, 0xF2, 0x00, 0x0D, 0x70, 0x00,
  0x00, 0xBB, 0x00, 0x06, 0xF2, 0x00, 0x0D, 0x70, 0x00,
  0x00, 0xBB, 0x00, 0x06, 0xF2, 0x12, 0x1E, 0x70, 0x00,
  0x00, 0xBB, 0x00, 0x06, 0xF2, 0x8F, 0xFF, 0x30, 0x00,
  0x00, 0x66, 0x00, 0x06, 0xF2, 0x15, 0x63, 0x00, 0x00,
  0x00, 0x00, 0x00, 0x05, 0xD2, 0x00, 0x00, 0x00, 0x00
};

GUI_CONST_STORAGE unsigned char acGUI_FontWQY18_5F3A[153] = { /* code 5F3A */
  0x7B, 0xBB, 0xB7, 0x0A, 0xDD, 0xDD, 0xDD, 0xD5, 0x00,
  0x7B, 0xBB, 0xE9, 0x0B, 0xD7, 0x77, 0x77, 0xF6, 0x00,
  0x00, 0x00, 0xB9, 0x0B, 0xB0, 0x00, 0x00, 0xF6, 0x00,
  0x00, 0x00, 0xB9, 0x0B, 0xC4, 0x44, 0x44, 0xF6, 0x00,
  0x17, 0x77, 0xD9, 0x0B, 0xFF, 0xFF, 0xFF, 0xF6, 0x00,
  0x4F, 0xDD, 0xD8, 0x00, 0x00, 0x6F, 0x00, 0x00, 0x00,
  0x5F, 0x20, 0x00, 0x16, 0x66, 0x9F, 0x66, 0x65, 0x00,
  0x7F, 0x00, 0x00, 0x4F, 0xFF, 0xFF, 0xFF, 0xFD, 0x00,
  0x8E, 0x22, 0x21, 0x4F, 0x20, 0x6F, 0x00, 0x7D, 0x00,
  0xAF, 0xFF, 0xF7, 0x4F, 0x20, 0x6F, 0x00, 0x7D, 0x00,
  0x12, 0x22, 0xF7, 0x4F, 0x32, 0x7F, 0x22, 0x8D, 0x00,
  0x00, 0x00, 0xF7, 0x4F, 0xFF, 0xFF, 0xFF, 0xFD, 0x00,
  0x00, 0x00, 0xF7, 0x02, 0x22, 0x7F, 0x22, 0x52, 0x00,
  0x00, 0x01, 0xF6, 0x00, 0x00, 0x6F, 0x01, 0xF9, 0x00,
  0x00, 0x03, 0xF5, 0x00, 0x12, 0x8F, 0x67, 0xDF, 0x30,
  0x09, 0xCD, 0xF2, 0xBF, 0xFF, 0xFF, 0xEC, 0x9D, 0xC0,
  0x03, 0x89, 0x50, 0x77, 0x64, 0x31, 0x00, 0x05, 0x50
};

GUI_CONST_STORAGE unsigned char acGUI_FontWQY18_626C[162] = { /* code 626C */
  0x00, 0x04, 0x40, 0x00, 0x00, 0x00, 0x00, 0x00, 0x00,
  0x00, 0x0B, 0xB0, 0x04, 0xBB, 0xBB, 0xBB, 0xBB, 0x30,
  0x00, 0x0B, 0xB0, 0x04, 0xBB, 0xBB, 0xBC, 0xFF, 0x30,
  0x03, 0x4C, 0xC4, 0x30, 0x00, 0x00, 0x2C, 0xE4, 0x00,
  0x0D, 0xFF, 0xFF, 0xB0, 0x00, 0x04, 0xED, 0x30, 0x00,
  0x02, 0x2C, 0xC2, 0x10, 0x01, 0x9F, 0xA1, 0x00, 0x00,
  0x00, 0x0B, 0xB0, 0x00, 0x7E, 0xE5, 0x00, 0x00, 0x00,
  0x00, 0x0B, 0xB0, 0x0B, 0xFF, 0xCB, 0xBB, 0xBB, 0xB4,
  0x00, 0x0B, 0xB1, 0x34, 0x99, 0xEE, 0x9D, 0xEA, 0xF6,
  0x00, 0x0C, 0xEF, 0x90, 0x00, 0xE8, 0x0C, 0xB2, 0xF6,
  0x09, 0xEF, 0xE7, 0x00, 0x07, 0xF2, 0x1F, 0x72, 0xF6,
  0x0B, 0xBD, 0xB0, 0x00, 0x2E, 0xA0, 0x7F, 0x22, 0xF6,
  0x00, 0x0B, 0xB0, 0x01, 0xCE, 0x11, 0xEA, 0x03, 0xF5,
  0x00, 0x0B, 0xB0, 0x1B, 0xF3, 0x09, 0xF3, 0x04, 0xF4,
  0x00, 0x0B, 0xB0, 0x7E, 0x40, 0x6F, 0x80, 0x05, 0xF3,
  0x00, 0x0B, 0xB0, 0x02, 0x06, 0xFB, 0x00, 0x08, 0xF1,
  0x09, 0xCF, 0xA0, 0x00, 0x5F, 0xB1, 0x0D, 0xBF, 0xC0,
  0x04, 0xAA, 0x30, 0x00, 0x07, 0x10, 0x08, 0x98, 0x20
};

GUI_CONST_STORAGE unsigned char acGUI_FontWQY18_65E0[153] = { /* code 65E0 */
  0x06, 0x77, 0x77, 0x77, 0x77, 0x77, 0x77, 0x76, 0x00,
  0x0B, 0xFF, 0xFF, 0xFF, 0xFF, 0xFF, 0xFF, 0xFB, 0x00,
  0x00, 0x00, 0x00, 0x09, 0xE0, 0x00, 0x00, 0x00, 0x00,
  0x00, 0x00, 0x00, 0x0A, 0xD0, 0x00, 0x00, 0x00, 0x00,
  0x00, 0x00, 0x00, 0x0B, 0xC0, 0x00, 0x00, 0x00, 0x00,
  0x00, 0x00, 0x00, 0x0E, 0xA0, 0x00, 0x00, 0x00, 0x00,
  0x8D, 0xDD, 0xDD, 0xDF, 0xED, 0xDD, 0xDD, 0xDD, 0x80,
  0x57, 0x77, 0x77, 0xBF, 0x9F, 0xB7, 0x77, 0x77, 0x50,
  0x00, 0x00, 0x00, 0xAF, 0x1F, 0x70, 0x00, 0x00, 0x00,
  0x00, 0x00, 0x01, 0xFA, 0x0F, 0x70, 0x00, 0x00, 0x00,
  0x00, 0x00, 0x09, 0xF3, 0x0F, 0x70, 0x00, 0x00, 0x00,
  0x00, 0x00, 0x4F, 0xA0, 0x0F, 0x70, 0x00, 0x00, 0x00,
  0x00, 0x02, 0xED, 0x10, 0x0F, 0x70, 0x00, 0x03, 0x20,
  0x00, 0x3E, 0xE3, 0x00, 0x0F, 0x70, 0x00, 0x0A, 0xE0,
  0x06, 0xEE, 0x30, 0x00, 0x0F, 0x90, 0x00, 0x3E, 0xB0,
  0x9F, 0xC2, 0x00, 0x00, 0x0D, 0xFF, 0xFF, 0xFF, 0x50,
  0x38, 0x00, 0x00, 0x00, 0x01, 0x56, 0x66, 0x42, 0x00
};

GUI_CONST_STORAGE unsigned char acGUI_FontWQY18_6674[162] = { /* code 6674 */
  0x00, 0x00, 0x00, 0x00, 0x00, 0x26, 0x00, 0x00, 0x00,
  0x00, 0x00, 0x00, 0x24, 0x44, 0x8F, 0x44, 0x44, 0x20,
  0xBF, 0xFF, 0xF7, 0x7F, 0xFF, 0xFF, 0xFF, 0xFF, 0x70,
  0xBB, 0x66, 0xF7, 0x00, 0x00, 0x6F, 0x00, 0x00, 0x00,
  0xB9, 0x00, 0xF7, 0x0A, 0xBB, 0xDF, 0xBB, 0xBB, 0x00,
  0xB9, 0x00, 0xF7, 0x07, 0x77, 0xAF, 0x77, 0x77, 0x00,
  0xB9, 0x00, 0xF8, 0x66, 0x66, 0x9F, 0x66, 0x66, 0x60,
  0xBD, 0x99, 0xF9, 0xDD, 0xDD, 0xDD, 0xDD, 0xDD, 0xD0,
  0xBE, 0xBB, 0xF7, 0x00, 0x00, 0x00, 0x00, 0x00, 0x00,
  0xB9, 0x00, 0xF7, 0x0B, 0xDD, 0xDD, 0xDD, 0xDA, 0x00,
  0xB9, 0x00, 0xF7, 0x0D, 0x94, 0x44, 0x44, 0xBB, 0x00,
  0xB9, 0x00, 0xF7, 0x0D, 0xB7, 0x77, 0x77, 0xCB, 0x00,
  0xBB, 0x44, 0xF7, 0x0D, 0xC9, 0x99, 0x99, 0xDB, 0x00,
  0xBF, 0xFF, 0xF7, 0x0D, 0x82, 0x22, 0x22, 0xAB, 0x00,
  0xBA, 0x22, 0xF7, 0x0D, 0xFF, 0xFF, 0xFF, 0xFB, 0x00,
  0x87, 0x00, 0x42, 0x0D, 0x70, 0x00, 0x00, 0xAB, 0x00,
  0x00, 0x00, 0x00, 0x0D, 0x70, 0x00, 0x8B, 0xEA, 0x00,
  0x00, 0x00, 0x00, 0x0A, 0x60, 0x00, 0x5A, 0x92, 0x00
};

GUI_CONST_STORAGE unsigned char acGUI_FontWQY18_66B4[153] = { /* code 66B4 */
  0x00, 0x0D, 0xFF, 0xFF, 0xFF, 0xFF, 0xFF, 0xFF, 0x00,
  0x00, 0x0D, 0x94, 0x44, 0x44, 0x44, 0x44, 0x9F, 0x00,
  0x00, 0x0D, 0xED, 0xDD, 0xDD, 0xDD, 0xDD, 0xEF, 0x00,
  0x00, 0x0D, 0x94, 0x44, 0x44, 0x44, 0x44, 0x9F, 0x00,
  0x00, 0x0D, 0xED, 0xDD, 0xDD, 0xDD, 0xDD, 0xEF, 0x00,
  0x00, 0x05, 0x67, 0xF9, 0x66, 0x68, 0xF7, 0x66, 0x00,
  0x00, 0x69, 0x9A, 0xFB, 0x99, 0x9B, 0xFA, 0x99, 0x70,
  0x00, 0x69, 0x9A, 0xFB, 0x99, 0x9B, 0xFA, 0x99, 0x70,
  0x03, 0x66, 0x67, 0xF9, 0x66, 0x68, 0xF7, 0x66, 0x63,
  0x09, 0xFF, 0xFF, 0xFF, 0xFF, 0xFF, 0xFF, 0xFF, 0xF9,
  0x00, 0x02, 0xDE, 0x20, 0x19, 0x30, 0x4F, 0xA1, 0x00,
  0x01, 0x7F, 0xD7, 0xB1, 0x2F, 0x62, 0xC6, 0xEE, 0x82,
  0x0D, 0xF9, 0x12, 0xEB, 0xBF, 0xBC, 0xD1, 0x19, 0xFC,
  0x03, 0x30, 0x16, 0xDF, 0xCF, 0xDF, 0xD6, 0x00, 0x22,
  0x00, 0x0A, 0xFF, 0xB4, 0x2F, 0x52, 0x9F, 0xD5, 0x00,
  0x00, 0x09, 0x82, 0x4A, 0xBF, 0x30, 0x02, 0xB7, 0x00,
  0x00, 0x00, 0x00, 0x2A, 0xB8, 0x00, 0x00, 0x00, 0x00
};

GUI_CONST_STORAGE unsigned char acGUI_FontWQY18_6709[162] = { /* code 6709 */
  0x00, 0x00, 0x00, 0x05, 0x10, 0x00, 0x00, 0x00, 0x00,
  0x00, 0x00, 0x00, 0x6F, 0x30, 0x00, 0x00, 0x00, 0x00,
  0x36, 0x66, 0x66, 0xDE, 0x66, 0x66, 0x66, 0x66, 0x30,
  0x9F, 0xFF, 0xFF, 0xFF, 0xFF, 0xFF, 0xFF, 0xFF, 0x90,
  0x00, 0x00, 0x1E, 0xB0, 0x00, 0x00, 0x00, 0x00, 0x00,
  0x00, 0x00, 0xAF, 0x30, 0x00, 0x00, 0x00, 0x00, 0x00,
  0x00, 0x07, 0xFE, 0xBB, 0xBB, 0xBB, 0xBB, 0xB3, 0x00,
  0x00, 0x5F, 0xFD, 0xBB, 0xBB, 0xBB, 0xBC, 0xF4, 0x00,
  0x05, 0xFE, 0xF6, 0x00, 0x00, 0x00, 0x04, 0xF4, 0x00,
  0x6F, 0xD3, 0xFA, 0x77, 0x77, 0x77, 0x79, 0xF4, 0x00,
  0x4A, 0x12, 0xFD, 0xBB, 0xBB, 0xBB, 0xBC, 0xF4, 0x00,
  0x00, 0x02, 0xF6, 0x00, 0x00, 0x00, 0x04, 0xF4, 0x00,
  0x00, 0x02, 0xFA, 0x77, 0x77, 0x77, 0x79, 0xF4, 0x00,
  0x00, 0x02, 0xFE, 0xDD, 0xDD, 0xDD, 0xDE, 0xF4, 0x00,
  0x00, 0x02, 0xF6, 0x00, 0x00, 0x00, 0x04, 0xF4, 0x00,
  0x00, 0x02, 0xF6, 0x00, 0x00, 0x00, 0x05, 0xF3, 0x00,
  0x00, 0x02, 0xF6, 0x00, 0x00, 0xCD, 0xDE, 0xF1, 0x00,
  0x00, 0x01, 0xB4, 0x00, 0x00, 0x59, 0x99, 0x40, 0x00
};

GUI_CONST_STORAGE unsigned char acGUI_FontWQY18_672A[162] = { /* code 672A */
  0x00, 0x00, 0x00, 0x00, 0x26, 0x10, 0x00, 0x00, 0x00,
  0x00, 0x00, 0x00, 0x00, 0x6F, 0x20, 0x00, 0x00, 0x00,
  0x00, 0x00, 0x00, 0x00, 0x6F, 0x20, 0x00, 0x00, 0x00,
  0x00, 0x37, 0x77, 0x77, 0xAF, 0x87, 0x77, 0x77, 0x30,
  0x00, 0x5D, 0xDD, 0xDD, 0xEF, 0xDD, 0xDD, 0xDD, 0x50,
  0x00, 0x00, 0x00, 0x00, 0x6F, 0x20, 0x00, 0x00, 0x00,
  0x00, 0x00, 0x00, 0x00, 0x6F, 0x20, 0x00, 0x00, 0x00,
  0x01, 0x66, 0x66, 0x66, 0x9F, 0x76, 0x66, 0x66, 0x61,
  0x04, 0xFF, 0xFF, 0xFF, 0xFF, 0xFF, 0xFF, 0xFF, 0xF2,
  0x00, 0x00, 0x00, 0x0A, 0xFF, 0xF7, 0x00, 0x00, 0x00,
  0x00, 0x00, 0x00, 0x6F, 0xBF, 0x9F, 0x40, 0x00, 0x00,
  0x00, 0x00, 0x05, 0xF9, 0x6F, 0x2B, 0xE3, 0x00, 0x00,
  0x00, 0x00, 0x5F, 0xB0, 0x6F, 0x21, 0xDE, 0x40, 0x00,
  0x00, 0x08, 0xFB, 0x10, 0x6F, 0x20, 0x1D, 0xF7, 0x00,
  0x03, 0xCF, 0xA1, 0x00, 0x6F, 0x20, 0x01, 0xBF, 0xD6,
  0x1D, 0xF7, 0x00, 0x00, 0x6F, 0x20, 0x00, 0x07, 0xFB,
  0x03, 0x20, 0x00, 0x00, 0x6F, 0x20, 0x00, 0x00, 0x23,
  0x00, 0x00, 0x00, 0x00, 0x4B, 0x10, 0x00, 0x00, 0x00
};

GUI_CONST_STORAGE unsigned char acGUI_FontWQY18_6C99[162] = { /* code 6C99 */
  0x00, 0x20, 0x00, 0x00, 0x00, 0x35, 0x00, 0x00, 0x00,
  0x09, 0xF8, 0x10, 0x00, 0x00, 0x9D, 0x00, 0x00, 0x00,
  0x01, 0x9F, 0xD3, 0x00, 0x00, 0x9D, 0x00, 0x00, 0x00,
  0x00, 0x05, 0xE4, 0x05, 0x70, 0x9D, 0x0A, 0xA0, 0x00,
  0x00, 0x00, 0x00, 0x0C, 0xB0, 0x9D, 0x06, 0xF4, 0x00,
  0x2A, 0x30, 0x00, 0x3F, 0x60, 0x9D, 0x00, 0xCD, 0x00,
  0x5E, 0xF8, 0x00, 0x9E, 0x10, 0x9D, 0x00, 0x5F, 0x60,
  0x01, 0xAF, 0x43, 0xF8, 0x00, 0x9D, 0x00, 0x0D, 0xD0,
  0x00, 0x04, 0x05, 0xE1, 0x00, 0x9D, 0x00, 0x06, 0x81,
  0x00, 0x00, 0x00, 0x00, 0x00, 0x9D, 0x00, 0x13, 0x00,
  0x00, 0x09, 0x40, 0x00, 0x00, 0x9D, 0x00, 0xBE, 0x00,
  0x00, 0x2F, 0x90, 0x00, 0x00, 0x00, 0x0A, 0xF7, 0x00,
  0x00, 0x8F, 0x30, 0x00, 0x00, 0x00, 0xAF, 0xA0, 0x00,
  0x02, 0xFC, 0x00, 0x00, 0x00, 0x2C, 0xF9, 0x00, 0x00,
  0x0A, 0xF4, 0x00, 0x00, 0x18, 0xFF, 0x70, 0x00, 0x00,
  0x4F, 0xB0, 0x00, 0x39, 0xEF, 0xB3, 0x00, 0x00, 0x00,
  0xCF, 0x30, 0x4D, 0xFF, 0xB4, 0x00, 0x00, 0x00, 0x00,
  0x26, 0x00, 0x1A, 0x62, 0x00, 0x00, 0x00, 0x00, 0x00
};

GUI_CONST_STORAGE unsigned char acGUI_FontWQY18_6D6E[162] = { /* code 6D6E */
  0x00, 0x10, 0x00, 0x00, 0x00, 0x00, 0x00, 0x14, 0x30,
  0x02, 0xEB, 0x20, 0x57, 0x79, 0x9B, 0xDE, 0xFF, 0xD0,
  0x00, 0x6F, 0xE3, 0x7F, 0xED, 0xCB, 0x97, 0x52, 0x00,
  0x00, 0x03, 0xD3, 0x03, 0x00, 0x16, 0x00, 0x03, 0xB2,
  0x00, 0x00, 0x00, 0x5F, 0x30, 0x2F, 0x20, 0x0B, 0xE0,
  0x03, 0x40, 0x00, 0x0B, 0xC0, 0x0E, 0x50, 0x6F, 0x60,
  0x0B, 0xFA, 0x10, 0x03, 0xA1, 0x09, 0x30, 0x49, 0x00,
  0x00, 0x7F, 0x60, 0x47, 0x77, 0x77, 0x77, 0x77, 0x30,
  0x00, 0x03, 0x00, 0x6B, 0xBB, 0xBB, 0xBB, 0xFF, 0x60,
  0x00, 0x00, 0x00, 0x00, 0x00, 0x00, 0x2B, 0xF8, 0x00,
  0x00, 0x06, 0x50, 0x00, 0x00, 0x05, 0xED, 0x40, 0x00,
  0x00, 0x0C, 0xB3, 0x66, 0x66, 0x6B, 0xE7, 0x66, 0x66,
  0x00, 0x3F, 0x77, 0xFF, 0xFF, 0xFF, 0xFF, 0xFF, 0xFF,
  0x00, 0x9F, 0x21, 0x22, 0x22, 0x2A, 0xC2, 0x22, 0x22,
  0x01, 0xFB, 0x00, 0x00, 0x00, 0x09, 0xB0, 0x00, 0x00,
  0x08, 0xF5, 0x00, 0x00, 0x00, 0x09, 0xB0, 0x00, 0x00,
  0x0E, 0xD0, 0x00, 0x00, 0x6B, 0xBE, 0xA0, 0x00, 0x00,
  0x03, 0x40, 0x00, 0x00, 0x39, 0xB9, 0x20, 0x00, 0x00
};

GUI_CONST_STORAGE unsigned char acGUI_FontWQY18_70ED[180] = { /* code 70ED */
  0x00, 0x01, 0x74, 0x00, 0x00, 0x26, 0x00, 0x00, 0x00, 0x00,
  0x00, 0x02, 0xF7, 0x00, 0x00, 0x6F, 0x00, 0x00, 0x00, 0x00,
  0x00, 0x02, 0xF7, 0x00, 0x12, 0x7F, 0x22, 0x21, 0x00, 0x00,
  0x05, 0x67, 0xFA, 0x62, 0x9F, 0xFF, 0xFF, 0xF7, 0x00, 0x00,
  0x0D, 0xFF, 0xFF, 0xF6, 0x24, 0x8F, 0x44, 0xE7, 0x00, 0x00,
  0x00, 0x02, 0xF7, 0x00, 0x11, 0x6F, 0x00, 0xD7, 0x00, 0x00,
  0x00, 0x02, 0xF7, 0x01, 0xBE, 0xBE, 0x00, 0xD7, 0x00, 0x00,
  0x00, 0x03, 0xFD, 0xE7, 0x1B, 0xFD, 0x00, 0xD7, 0x00, 0x00,
  0x09, 0xDF, 0xFC, 0x61, 0x00, 0xEF, 0x80, 0xD7, 0x00, 0x00,
  0x09, 0x86, 0xF7, 0x00, 0x03, 0xFB, 0xF6, 0xD7, 0x17, 0x10,
  0x00, 0x02, 0xF7, 0x00, 0x0A, 0xF1, 0x61, 0xD7, 0x3F, 0x10,
  0x00, 0x46, 0xF7, 0x00, 0x4F, 0x80, 0x00, 0xBA, 0x8E, 0x00,
  0x00, 0xEF, 0xF3, 0x02, 0xEC, 0x10, 0x00, 0x7F, 0xF9, 0x00,
  0x00, 0x34, 0x10, 0x00, 0x71, 0x00, 0x00, 0x06, 0x71, 0x00,
  0x00, 0x4D, 0x30, 0x6A, 0x00, 0x4D, 0x10, 0x1B, 0x70, 0x00,
  0x01, 0xED, 0x10, 0x6F, 0x50, 0x2F, 0x80, 0x0B, 0xF4, 0x00,
  0x0B, 0xF4, 0x00, 0x0E, 0xB0, 0x0A, 0xF1, 0x01, 0xED, 0x00,
  0x03, 0x60, 0x00, 0x07, 0x50, 0x03, 0x60, 0x00, 0x55, 0x00
};

GUI_CONST_STORAGE unsigned char acGUI_FontWQY18_7279[162] = { /* code 7279 */
  0x00, 0x01, 0x63, 0x00, 0x00, 0x00, 0x75, 0x00, 0x00,
  0x00, 0x63, 0xF7, 0x00, 0x00, 0x00, 0xD9, 0x00, 0x00,
  0x02, 0xF6, 0xF7, 0x00, 0x24, 0x44, 0xEB, 0x44, 0x41,
  0x04, 0xF3, 0xF7, 0x00, 0x7F, 0xFF, 0xFF, 0xFF, 0xF6,
  0x07, 0xFC, 0xFD, 0xB0, 0x12, 0x22, 0xDA, 0x22, 0x21,
  0x0A, 0xEC, 0xFD, 0xB0, 0x00, 0x00, 0xD9, 0x00, 0x00,
  0x0D, 0x82, 0xF7, 0x03, 0x99, 0x99, 0xED, 0x99, 0x99,
  0x3F, 0x52, 0xF7, 0x04, 0xBB, 0xBB, 0xBB, 0xBB, 0xBB,
  0x19, 0x12, 0xF7, 0x00, 0x00, 0x00, 0x00, 0x4B, 0x10,
  0x00, 0x02, 0xFA, 0xC2, 0x22, 0x22, 0x22, 0x7F, 0x32,
  0x00, 0x03, 0xFF, 0xC5, 0xFF, 0xFF, 0xFF, 0xFF, 0xFF,
  0x04, 0xAF, 0xFA, 0x01, 0x66, 0x66, 0x66, 0x9F, 0x76,
  0x0D, 0xE9, 0xF7, 0x00, 0x07, 0xA0, 0x00, 0x6F, 0x20,
  0x03, 0x12, 0xF7, 0x00, 0x06, 0xF4, 0x00, 0x6F, 0x20,
  0x00, 0x02, 0xF7, 0x00, 0x00, 0xE9, 0x00, 0x6F, 0x20,
  0x00, 0x02, 0xF7, 0x00, 0x00, 0x20, 0x00, 0x6F, 0x20,
  0x00, 0x02, 0xF7, 0x00, 0x00, 0x01, 0xEC, 0xEF, 0x10,
  0x00, 0x01, 0xB6, 0x00, 0x00, 0x00, 0x8A, 0xA5, 0x00
};

GUI_CONST_STORAGE unsigned char acGUI_FontWQY18_77E5[162] = { /* code 77E5 */
  0x00, 0x00, 0x30, 0x00, 0x00, 0x00, 0x00, 0x00, 0x00,
  0x00, 0x03, 0xF5, 0x00, 0x00, 0x00, 0x00, 0x00, 0x00,
  0x00, 0x0A, 0xE0, 0x00, 0x00, 0x5D, 0xDD, 0xDD, 0xD5,
  0x00, 0x3F, 0xED, 0xDD, 0xD0, 0x6F, 0x77, 0x77, 0xF6,
  0x00, 0xCE, 0x7D, 0xC7, 0x70, 0x6F, 0x00, 0x00, 0xF6,
  0x08, 0xF5, 0x0C, 0x90, 0x00, 0x6F, 0x00, 0x00, 0xF6,
  0x0A, 0x80, 0x0D, 0x80, 0x00, 0x6F, 0x00, 0x00, 0xF6,
  0x00, 0x00, 0x0F, 0x70, 0x00, 0x6F, 0x00, 0x00, 0xF6,
  0x0B, 0xDD, 0xDF, 0xED, 0xD5, 0x6F, 0x00, 0x00, 0xF6,
  0x07, 0x77, 0x9F, 0x97, 0x73, 0x6F, 0x00, 0x00, 0xF6,
  0x00, 0x00, 0x6F, 0x10, 0x00, 0x6F, 0x00, 0x00, 0xF6,
  0x00, 0x00, 0xAF, 0xA0, 0x00, 0x6F, 0x00, 0x00, 0xF6,
  0x00, 0x01, 0xEC, 0xFB, 0x10, 0x6F, 0x00, 0x00, 0xF6,
  0x00, 0x07, 0xF4, 0x5F, 0xB1, 0x6F, 0x00, 0x00, 0xF6,
  0x00, 0x3F, 0xB0, 0x06, 0xF4, 0x6F, 0xFF, 0xFF, 0xF6,
  0x01, 0xDE, 0x20, 0x00, 0x40, 0x6F, 0x66, 0x66, 0xF6,
  0x0C, 0xE3, 0x00, 0x00, 0x00, 0x4B, 0x00, 0x00, 0x93,
  0x02, 0x30, 0x00, 0x00, 0x00, 0x00, 0x00, 0x00, 0x00
};

GUI_CONST_STORAGE unsigned char acGUI_FontWQY18_7801[153] = { /* code 7801 */
  0x02, 0x22, 0x22, 0x22, 0x4B, 0xBB, 0xBB, 0xBB, 0x50,
  0x0D, 0xFF, 0xFF, 0xFF, 0x4B, 0xBB, 0xBB, 0xCF, 0x50,
  0x03, 0x4A, 0xE4, 0x44, 0x00, 0x00, 0x00, 0x3F, 0x30,
  0x00, 0x0C, 0x90, 0x00, 0x05, 0xE3, 0x00, 0x6F, 0x00,
  0x00, 0x2F, 0x50, 0x00, 0x08, 0xF1, 0x00, 0x8D, 0x00,
  0x00, 0x7F, 0x10, 0x00, 0x0A, 0xD0, 0x00, 0xBB, 0x00,
  0x00, 0xCC, 0x66, 0x61, 0x0C, 0xA0, 0x00, 0xD9, 0x00,
  0x04, 0xFF, 0xFF, 0xF4, 0x0F, 0x70, 0x00, 0xF7, 0x00,
  0x0C, 0xEF, 0x22, 0xF4, 0x2F, 0xED, 0xDD, 0xFE, 0xDA,
  0x1E, 0x6F, 0x22, 0xF4, 0x27, 0x77, 0x77, 0x77, 0xE9,
  0x02, 0x2F, 0x22, 0xF4, 0x00, 0x00, 0x00, 0x00, 0xD9,
  0x00, 0x2F, 0x22, 0xF4, 0x77, 0x77, 0x77, 0x70, 0xF7,
  0x00, 0x2F, 0x22, 0xF4, 0xBD, 0xDD, 0xDD, 0xB0, 0xF6,
  0x00, 0x2F, 0xFF, 0xF4, 0x00, 0x00, 0x00, 0x02, 0xF4,
  0x00, 0x2F, 0x77, 0xF4, 0x00, 0x00, 0x00, 0x05, 0xF2,
  0x00, 0x2F, 0x20, 0x20, 0x00, 0x00, 0x7B, 0xBE, 0xC0,
  0x00, 0x02, 0x00, 0x00, 0x00, 0x00, 0x5B, 0xBA, 0x20
};

GUI_CONST_STORAGE unsigned char acGUI_FontWQY18_79F0[162] = { /* code 79F0 */
  0x00, 0x00, 0x00, 0x32, 0x00, 0x21, 0x00, 0x00, 0x00,
  0x00, 0x03, 0x7C, 0xF9, 0x00, 0x9C, 0x00, 0x00, 0x00,
  0x09, 0xEF, 0xFB, 0x40, 0x00, 0xD8, 0x00, 0x00, 0x00,
  0x05, 0x75, 0xF4, 0x00, 0x03, 0xFA, 0x77, 0x77, 0x75,
  0x00, 0x02, 0xF4, 0x00, 0x0A, 0xFD, 0xDD, 0xDD, 0xF9,
  0x06, 0x67, 0xF8, 0x66, 0x1F, 0x80, 0x00, 0x02, 0xF6,
  0x0F, 0xFF, 0xFF, 0xFF, 0x9F, 0x20, 0x7A, 0x09, 0xE0,
  0x00, 0x08, 0xF7, 0x01, 0xE9, 0x00, 0x9D, 0x00, 0x30,
  0x00, 0x0D, 0xFF, 0x50, 0x23, 0x20, 0x9D, 0x02, 0x20,
  0x00, 0x5F, 0xFC, 0xF3, 0x07, 0xE0, 0x9D, 0x0E, 0x80,
  0x00, 0xCD, 0xF4, 0xDB, 0x0B, 0xB0, 0x9D, 0x0A, 0xC0,
  0x06, 0xF7, 0xF4, 0x32, 0x0E, 0x80, 0x9D, 0x07, 0xF1,
  0x2E, 0xC2, 0xF4, 0x00, 0x5F, 0x40, 0x9D, 0x04, 0xF3,
  0x3E, 0x32, 0xF4, 0x00, 0xBE, 0x00, 0x9D, 0x02, 0xF5,
  0x02, 0x02, 0xF4, 0x00, 0x98, 0x00, 0x9D, 0x00, 0xF7,
  0x00, 0x02, 0xF4, 0x00, 0x00, 0x00, 0x9D, 0x00, 0x20,
  0x00, 0x02, 0xF4, 0x00, 0x02, 0xB9, 0xEB, 0x00, 0x00,
  0x00, 0x01, 0xB3, 0x00, 0x00, 0xAB, 0xB4, 0x00, 0x00
};

GUI_CONST_STORAGE unsigned char acGUI_FontWQY18_7EBF[162] = { /* code 7EBF */
  0x00, 0x03, 0x00, 0x00, 0x01, 0x62, 0x02, 0x00, 0x00,
  0x00, 0x3F, 0x50, 0x00, 0x02, 0xF6, 0x6E, 0x30, 0x00,
  0x00, 0x9E, 0x00, 0x00, 0x02, 0xF6, 0x1C, 0xC0, 0x00,
  0x01, 0xE8, 0x03, 0x00, 0x01, 0xF6, 0x02, 0x20, 0x00,
  0x08, 0xE1, 0x3F, 0x60, 0x01, 0xFB, 0x9B, 0xEB, 0x00,
  0x3F, 0x60, 0xAE, 0x0B, 0xEF, 0xFF, 0xDB, 0x85, 0x00,
  0xAF, 0xDE, 0xF6, 0x08, 0x85, 0xE9, 0x00, 0x00, 0x00,
  0x58, 0x7F, 0xC0, 0x00, 0x00, 0xD9, 0x00, 0x35, 0x60,
  0x00, 0x9F, 0x30, 0x00, 0x02, 0xCD, 0xBE, 0xFF, 0xA0,
  0x06, 0xF7, 0x02, 0x4A, 0xEF, 0xFF, 0xB8, 0x51, 0x00,
  0x3F, 0xD8, 0xCF, 0x7B, 0x85, 0x8F, 0x10, 0x7C, 0x10,
  0xBF, 0xFC, 0x83, 0x00, 0x00, 0x4F, 0x44, 0xFA, 0x00,
  0x34, 0x10, 0x00, 0x00, 0x00, 0x0E, 0xBE, 0xD1, 0x00,
  0x00, 0x03, 0x6B, 0x40, 0x00, 0x0B, 0xFE, 0x22, 0x20,
  0x7B, 0xEF, 0xFB, 0x40, 0x04, 0xBF, 0xF8, 0x06, 0xF1,
  0xAE, 0xA6, 0x20, 0x06, 0xCF, 0xF8, 0x9F, 0x58, 0xE0,
  0x10, 0x00, 0x00, 0x0B, 0xF9, 0x20, 0x0B, 0xFF, 0x90,
  0x00, 0x00, 0x00, 0x02, 0x10, 0x00, 0x01, 0x9A, 0x10
};

GUI_CONST_STORAGE unsigned char acGUI_FontWQY18_884C[162] = { /* code 884C */
  0x00, 0x00, 0x11, 0x00, 0x00, 0x00, 0x00, 0x00, 0x00,
  0x00, 0x00, 0xBD, 0x00, 0x46, 0x66, 0x66, 0x66, 0x61,
  0x00, 0x07, 0xF6, 0x00, 0xBF, 0xFF, 0xFF, 0xFF, 0xF4,
  0x00, 0x7F, 0xA0, 0x00, 0x12, 0x22, 0x22, 0x22, 0x20,
  0x07, 0xFA, 0x00, 0x00, 0x00, 0x00, 0x00, 0x00, 0x00,
  0x07, 0x90, 0x0C, 0x70, 0x00, 0x00, 0x00, 0x00, 0x00,
  0x00, 0x00, 0x8F, 0x33, 0x77, 0x77, 0x77, 0x77, 0x77,
  0x00, 0x04, 0xF8, 0x05, 0xDD, 0xDD, 0xDE, 0xFE, 0xDD,
  0x00, 0x3E, 0xD0, 0x00, 0x00, 0x00, 0x04, 0xF4, 0x00,
  0x04, 0xEF, 0xB0, 0x00, 0x00, 0x00, 0x04, 0xF4, 0x00,
  0x0D, 0xCB, 0xB0, 0x00, 0x00, 0x00, 0x04, 0xF4, 0x00,
  0x03, 0x19, 0xB0, 0x00, 0x00, 0x00, 0x04, 0xF4, 0x00,
  0x00, 0x09, 0xB0, 0x00, 0x00, 0x00, 0x04, 0xF4, 0x00,
  0x00, 0x09, 0xB0, 0x00, 0x00, 0x00, 0x04, 0xF4, 0x00,
  0x00, 0x09, 0xB0, 0x00, 0x00, 0x00, 0x04, 0xF4, 0x00,
  0x00, 0x09, 0xB0, 0x00, 0x00, 0x00, 0x04, 0xF4, 0x00,
  0x00, 0x09, 0xB0, 0x00, 0x00, 0x3D, 0xCD, 0xF3, 0x00,
  0x00, 0x07, 0x80, 0x00, 0x00, 0x09, 0xAB, 0x70, 0x00
};

GUI_CONST_STORAGE unsigned char acGUI_FontWQY18_8BBF[162] = { /* code 8BBF */
  0x00, 0x20, 0x00, 0x00, 0x00, 0x03, 0x00, 0x00, 0x00,
  0x04, 0xF7, 0x00, 0x00, 0x00, 0x5F, 0x50, 0x00, 0x00,
  0x00, 0xBF, 0x30, 0x00, 0x00, 0x0E, 0xB0, 0x00, 0x00,
  0x00, 0x2F, 0xA0, 0x02, 0x22, 0x2A, 0xF2, 0x22, 0x20,
  0x00, 0x04, 0x10, 0x2F, 0xFF, 0xFF, 0xFF, 0xFF, 0xF0,
  0x00, 0x00, 0x00, 0x04, 0x4E, 0xB4, 0x44, 0x44, 0x40,
  0xDD, 0xDD, 0x00, 0x00, 0x0E, 0x80, 0x00, 0x00, 0x00,
  0x77, 0xBF, 0x00, 0x00, 0x0F, 0xA6, 0x66, 0x66, 0x10,
  0x00, 0x7F, 0x00, 0x00, 0x1F, 0xFF, 0xFF, 0xFF, 0x40,
  0x00, 0x7F, 0x00, 0x00, 0x2F, 0x60, 0x00, 0x6F, 0x40,
  0x00, 0x7F, 0x00, 0x00, 0x4F, 0x40, 0x00, 0x6F, 0x40,
  0x00, 0x7F, 0x00, 0x00, 0x7F, 0x10, 0x00, 0x7F, 0x30,
  0x00, 0x7F, 0x00, 0x00, 0xCC, 0x00, 0x00, 0x7F, 0x20,
  0x00, 0x7F, 0x1B, 0x24, 0xF7, 0x00, 0x00, 0x9F, 0x20,
  0x00, 0x7F, 0xBE, 0x3D, 0xE1, 0x00, 0x00, 0xBF, 0x00,
  0x00, 0x7F, 0xE3, 0xBF, 0x40, 0x01, 0x01, 0xED, 0x00,
  0x00, 0x07, 0x2C, 0xF7, 0x00, 0x1F, 0xFE, 0xF8, 0x00,
  0x00, 0x00, 0x04, 0x60, 0x00, 0x07, 0x99, 0x60, 0x00
};

GUI_CONST_STORAGE unsigned char acGUI_FontWQY18_90E8[162] = { /* code 90E8 */
  0x00, 0x02, 0x40, 0x00, 0x00, 0x00, 0x00, 0x00, 0x00,
  0x00, 0x06, 0xF3, 0x00, 0x00, 0x67, 0x77, 0x77, 0x60,
  0x59, 0x9A, 0xFC, 0x99, 0x90, 0xBF, 0xFF, 0xFF, 0xB0,
  0x6B, 0xBB, 0xBB, 0xBB, 0xB0, 0xBB, 0x00, 0x1F, 0x70,
  0x02, 0x70, 0x00, 0x27, 0x20, 0xBB, 0x00, 0x7F, 0x10,
  0x03, 0xF4, 0x00, 0x7F, 0x20, 0xBB, 0x00, 0xDA, 0x00,
  0x00, 0xC9, 0x00, 0xDB, 0x00, 0xBB, 0x04, 0xF3, 0x00,
  0x22, 0x53, 0x25, 0xF6, 0x21, 0xBB, 0x0B, 0xD0, 0x00,
  0xDF, 0xFF, 0xFF, 0xFF, 0xFB, 0xBB, 0x05, 0xF6, 0x00,
  0x22, 0x22, 0x22, 0x22, 0x21, 0xBB, 0x00, 0x8F, 0x20,
  0x00, 0x00, 0x00, 0x00, 0x00, 0xBB, 0x00, 0x0E, 0x80,
  0x2F, 0xFF, 0xFF, 0xFF, 0x90, 0xBB, 0x00, 0x0A, 0xC0,
  0x2F, 0x86, 0x66, 0x6D, 0x90, 0xBB, 0x00, 0x09, 0xD0,
  0x2F, 0x40, 0x00, 0x0B, 0x90, 0xBB, 0x23, 0x2D, 0xB0,
  0x2F, 0x40, 0x00, 0x0B, 0x90, 0xBB, 0x5F, 0xFF, 0x40,
  0x2F, 0x86, 0x66, 0x6D, 0x90, 0xBB, 0x04, 0x63, 0x00,
  0x2F, 0xFF, 0xFF, 0xFF, 0x90, 0xBB, 0x00, 0x00, 0x00,
  0x1B, 0x30, 0x00, 0x08, 0x70, 0x88, 0x00, 0x00, 0x00
};

GUI_CONST_STORAGE unsigned char acGUI_FontWQY18_95F4[162] = { /* code 95F4 */
  0x00, 0x05, 0x10, 0x00, 0x00, 0x00, 0x00, 0x00, 0x00,
  0x00, 0x4F, 0x90, 0x1B, 0xBB, 0xBB, 0xBB, 0xBB, 0x10,
  0x00, 0x09, 0xF3, 0x19, 0x99, 0x99, 0x99, 0xBF, 0x20,
  0x00, 0x01, 0x81, 0x00, 0x00, 0x00, 0x00, 0x6F, 0x20,
  0x2F, 0x60, 0x00, 0x00, 0x00, 0x00, 0x00, 0x6F, 0x20,
  0x2F, 0x60, 0x07, 0x77, 0x77, 0x77, 0x00, 0x6F, 0x20,
  0x2F, 0x60, 0x0D, 0xED, 0xDD, 0xED, 0x00, 0x6F, 0x20,
  0x2F, 0x60, 0x0D, 0x70, 0x00, 0x9D, 0x00, 0x6F, 0x20,
  0x2F, 0x60, 0x0D, 0x70, 0x00, 0x9D, 0x00, 0x6F, 0x20,
  0x2F, 0x60, 0x0D, 0xDB, 0xBB, 0xED, 0x00, 0x6F, 0x20,
  0x2F, 0x60, 0x0D, 0xC9, 0x99, 0xDD, 0x00, 0x6F, 0x20,
  0x2F, 0x60, 0x0D, 0x70, 0x00, 0x9D, 0x00, 0x6F, 0x20,
  0x2F, 0x60, 0x0D, 0x70, 0x00, 0x9D, 0x00, 0x6F, 0x20,
  0x2F, 0x60, 0x0D, 0xED, 0xDD, 0xED, 0x00, 0x6F, 0x20,
  0x2F, 0x60, 0x05, 0x66, 0x66, 0x65, 0x00, 0x6F, 0x20,
  0x2F, 0x60, 0x00, 0x00, 0x00, 0x00, 0x00, 0x6F, 0x20,
  0x2F, 0x60, 0x00, 0x00, 0x00, 0x00, 0x4B, 0xDF, 0x00,
  0x1B, 0x40, 0x00, 0x00, 0x00, 0x00, 0x1B, 0xB5, 0x00
};

GUI_CONST_STORAGE unsigned char acGUI_FontWQY18_9634[153] = { /* code 9634 */
  0x6B, 0xBB, 0xBB, 0xA0, 0x5D, 0xDD, 0xDD, 0xDD, 0x70,
  0x7F, 0xBB, 0xBE, 0xD0, 0x6F, 0x76, 0x66, 0x6F, 0x70,
  0x7F, 0x00, 0x2F, 0x70, 0x6F, 0x20, 0x00, 0x0F, 0x70,
  0x7F, 0x00, 0x9E, 0x10, 0x6F, 0x20, 0x00, 0x0F, 0x70,
  0x7F, 0x01, 0xF8, 0x00, 0x6F, 0x54, 0x44, 0x4F, 0x70,
  0x7F, 0x08, 0xF1, 0x00, 0x6F, 0xFF, 0xFF, 0xFF, 0x70,
  0x7F, 0x07, 0xF5, 0x00, 0x6F, 0x32, 0x22, 0x2F, 0x70,
  0x7F, 0x00, 0xBE, 0x00, 0x6F, 0x20, 0x00, 0x0F, 0x70,
  0x7F, 0x00, 0x4F, 0x40, 0x6F, 0x20, 0x00, 0x0F, 0x70,
  0x7F, 0x00, 0x2F, 0x60, 0x6F, 0x87, 0x77, 0x7F, 0x70,
  0x7F, 0x00, 0x3F, 0x50, 0x8F, 0xDD, 0xDD, 0xDF, 0x70,
  0x7F, 0x6C, 0xEE, 0x10, 0xAC, 0x00, 0x00, 0x0F, 0x70,
  0x7F, 0x2A, 0xA3, 0x00, 0xD9, 0x00, 0x00, 0x0F, 0x70,
  0x7F, 0x00, 0x00, 0x03, 0xF6, 0x00, 0x00, 0x0F, 0x70,
  0x7F, 0x00, 0x00, 0x08, 0xF2, 0x00, 0x00, 0x0F, 0x70,
  0x7F, 0x00, 0x00, 0x0D, 0xB0, 0x00, 0xAD, 0xEF, 0x40,
  0x6B, 0x00, 0x00, 0x03, 0x40, 0x00, 0x37, 0x86, 0x00
};

GUI_CONST_STORAGE unsigned char acGUI_FontWQY18_9635[162] = { /* code 9635 */
  0x00, 0x00, 0x00, 0x00, 0x00, 0x41, 0x00, 0x00, 0x00,
  0x6B, 0xBB, 0xBB, 0x00, 0x01, 0xF7, 0x00, 0x00, 0x00,
  0x7E, 0x99, 0xCF, 0x00, 0x05, 0xF2, 0x00, 0x00, 0x00,
  0x7D, 0x00, 0xBB, 0x4F, 0xFF, 0xFF, 0xFF, 0xFF, 0x90,
  0x7D, 0x02, 0xF4, 0x16, 0x8F, 0x96, 0x66, 0x66, 0x30,
  0x7D, 0x07, 0xD0, 0x00, 0x8F, 0x10, 0x00, 0x00, 0x00,
  0x7D, 0x0D, 0x70, 0x01, 0xF9, 0x0D, 0x70, 0x00, 0x00,
  0x7D, 0x0D, 0x80, 0x09, 0xF2, 0x0F, 0x70, 0x00, 0x00,
  0x7D, 0x04, 0xF2, 0x2F, 0xC7, 0x7F, 0xB7, 0x77, 0x00,
  0x7D, 0x00, 0xC8, 0x1D, 0xDD, 0xDF, 0xED, 0xDB, 0x00,
  0x7D, 0x00, 0x8C, 0x00, 0x00, 0x0F, 0x70, 0x00, 0x00,
  0x7D, 0x00, 0x8C, 0x00, 0x00, 0x0F, 0x70, 0x00, 0x00,
  0x7D, 0x44, 0xCA, 0x3D, 0xDD, 0xDF, 0xED, 0xDD, 0xB0,
  0x7D, 0x8F, 0xE3, 0x27, 0x77, 0x7F, 0xB7, 0x77, 0x70,
  0x7D, 0x02, 0x00, 0x00, 0x00, 0x0F, 0x70, 0x00, 0x00,
  0x7D, 0x00, 0x00, 0x00, 0x00, 0x0F, 0x70, 0x00, 0x00,
  0x7D, 0x00, 0x00, 0x00, 0x00, 0x0F, 0x70, 0x00, 0x00,
  0x6A, 0x00, 0x00, 0x00, 0x00, 0x0B, 0x60, 0x00, 0x00
};

GUI_CONST_STORAGE unsigned char acGUI_FontWQY18_96E8[153] = { /* code 96E8 */
  0xAB, 0xBB, 0xBB, 0xBB, 0xBB, 0xBB, 0xBB, 0xBB, 0xA0,
  0x89, 0x99, 0x99, 0x9B, 0xFB, 0x99, 0x99, 0x99, 0x80,
  0x00, 0x00, 0x00, 0x04, 0xF4, 0x00, 0x00, 0x00, 0x00,
  0x02, 0x22, 0x22, 0x25, 0xF5, 0x22, 0x22, 0x22, 0x00,
  0x4F, 0xFF, 0xFF, 0xFF, 0xFF, 0xFF, 0xFF, 0xFF, 0x40,
  0x4F, 0x86, 0x66, 0x68, 0xF8, 0x66, 0x66, 0x8F, 0x40,
  0x4F, 0x44, 0x50, 0x04, 0xF4, 0x43, 0x00, 0x4F, 0x40,
  0x4F, 0x4A, 0xFB, 0x14, 0xF5, 0xCF, 0x91, 0x4F, 0x40,
  0x4F, 0x40, 0x6F, 0xC4, 0xF4, 0x07, 0xFD, 0x5F, 0x40,
  0x4F, 0x40, 0x03, 0x44, 0xF4, 0x00, 0x36, 0x4F, 0x40,
  0x4F, 0x45, 0x70, 0x04, 0xF4, 0x87, 0x00, 0x4F, 0x40,
  0x4F, 0x4A, 0xFB, 0x14, 0xF5, 0xAF, 0xC2, 0x4F, 0x40,
  0x4F, 0x40, 0x7F, 0xC4, 0xF4, 0x06, 0xFE, 0x5F, 0x40,
  0x4F, 0x40, 0x05, 0x54, 0xF4, 0x00, 0x36, 0x4F, 0x40,
  0x4F, 0x40, 0x00, 0x04, 0xF4, 0x01, 0x00, 0x4F, 0x40,
  0x4F, 0x40, 0x00, 0x04, 0xF4, 0x06, 0xEC, 0xDF, 0x20,
  0x3B, 0x30, 0x00, 0x00, 0x20, 0x01, 0x7A, 0xB6, 0x00
};

GUI_CONST_STORAGE unsigned char acGUI_FontWQY18_96EA[162] = { /* code 96EA */
  0x02, 0x22, 0x22, 0x22, 0x22, 0x22, 0x22, 0x22, 0x00,
  0x0D, 0xFF, 0xFF, 0xFF, 0xFF, 0xFF, 0xFF, 0xFD, 0x00,
  0x03, 0x44, 0x44, 0x47, 0xF7, 0x44, 0x44, 0x43, 0x00,
  0x8B, 0xBB, 0xBB, 0xBC, 0xFC, 0xBB, 0xBB, 0xBB, 0x80,
  0xBE, 0x99, 0x99, 0x9B, 0xFB, 0x99, 0x99, 0x9E, 0xB0,
  0xBB, 0x36, 0x66, 0x64, 0xF4, 0x66, 0x66, 0x3B, 0xB0,
  0xAA, 0x7D, 0xDD, 0xD4, 0xF4, 0xDD, 0xDD, 0x7B, 0xB0,
  0x00, 0x00, 0x00, 0x04, 0xF4, 0x00, 0x00, 0x00, 0x00,
  0x00, 0x9F, 0xFF, 0xF4, 0xF4, 0xFF, 0xFF, 0x90, 0x00,
  0x00, 0x12, 0x22, 0x20, 0x00, 0x22, 0x22, 0x10, 0x00,
  0x04, 0xBB, 0xBB, 0xBB, 0xBB, 0xBB, 0xBB, 0xB3, 0x00,
  0x03, 0x77, 0x77, 0x77, 0x77, 0x77, 0x78, 0xF4, 0x00,
  0x00, 0x22, 0x22, 0x22, 0x22, 0x22, 0x23, 0xF4, 0x00,
  0x00, 0xDF, 0xFF, 0xFF, 0xFF, 0xFF, 0xFF, 0xF4, 0x00,
  0x00, 0x34, 0x44, 0x44, 0x44, 0x44, 0x45, 0xF4, 0x00,
  0x02, 0x44, 0x44, 0x44, 0x44, 0x44, 0x45, 0xF4, 0x00,
  0x07, 0xFF, 0xFF, 0xFF, 0xFF, 0xFF, 0xFF, 0xF4, 0x00,
  0x00, 0x00, 0x00, 0x00, 0x00, 0x00, 0x01, 0xB3, 0x00
};

GUI_CONST_STORAGE unsigned char acGUI_FontWQY18_96F7[162] = { /* code 96F7 */
  0x02, 0x22, 0x22, 0x22, 0x22, 0x22, 0x22, 0x22, 0x00,
  0x0D, 0xFF, 0xFF, 0xFF, 0xFF, 0xFF, 0xFF, 0xFD, 0x00,
  0x03, 0x44, 0x44, 0x47, 0xF7, 0x44, 0x44, 0x43, 0x00,
  0x8B, 0xBB, 0xBB, 0xBC, 0xFC, 0xBB, 0xBB, 0xBB, 0x80,
  0xBE, 0x99, 0x99, 0x9B, 0xFB, 0x99, 0x99, 0x9E, 0xB0,
  0xBB, 0x36, 0x66, 0x64, 0xF4, 0x66, 0x66, 0x3B, 0xB0,
  0xAA, 0x7D, 0xDD, 0xD4, 0xF4, 0xDD, 0xDD, 0x7B, 0xB0,
  0x00, 0x00, 0x00, 0x04, 0xF4, 0x00, 0x00, 0x00, 0x00,
  0x00, 0x9F, 0xFF, 0xF4, 0xF4, 0xFF, 0xFF, 0x90, 0x00,
  0x00, 0x12, 0x22, 0x20, 0x00, 0x22, 0x22, 0x10, 0x00,
  0x01, 0xBB, 0xBB, 0xBB, 0xBB, 0xBB, 0xBB, 0xB0, 0x00,
  0x02, 0xFA, 0x77, 0x78, 0xF9, 0x77, 0x7A, 0xF0, 0x00,
  0x02, 0xF6, 0x00, 0x02, 0xF4, 0x00, 0x06, 0xF0, 0x00,
  0x02, 0xFE, 0xDD, 0xDD, 0xFE, 0xDD, 0xDE, 0xF0, 0x00,
  0x02, 0xF9, 0x66, 0x67, 0xF8, 0x66, 0x69, 0xF0, 0x00,
  0x02, 0xF7, 0x22, 0x23, 0xF5, 0x22, 0x27, 0xF0, 0x00,
  0x02, 0xFF, 0xFF, 0xFF, 0xFF, 0xFF, 0xFF, 0xF0, 0x00,
  0x01, 0xB7, 0x44, 0x44, 0x44, 0x44, 0x47, 0xB0, 0x00
};

GUI_CONST_STORAGE unsigned char acGUI_FontWQY18_96F9[162] = { /* code 96F9 */
  0x00, 0x22, 0x22, 0x22, 0x22, 0x22, 0x22, 0x22, 0x20,
  0x00, 0xDF, 0xFF, 0xFF, 0xFF, 0xFF, 0xFF, 0xFF, 0xD0,
  0x00, 0x34, 0x44, 0x44, 0x7F, 0x74, 0x44, 0x44, 0x30,
  0x08, 0xBB, 0xBB, 0xBB, 0xCF, 0xCB, 0xBB, 0xBB, 0xB8,
  0x0B, 0xD7, 0x77, 0x77, 0x9F, 0x97, 0x77, 0x77, 0xDB,
  0x0B, 0xB6, 0xBB, 0xBB, 0x4F, 0x5B, 0xBB, 0xB7, 0xBB,
  0x0A, 0xA3, 0x66, 0x66, 0x4F, 0x46, 0x66, 0x63, 0xBB,
  0x00, 0x08, 0xDD, 0xDD, 0x4F, 0x5B, 0xBB, 0xB6, 0x00,
  0x00, 0x02, 0x85, 0x44, 0x16, 0x26, 0x66, 0x63, 0x00,
  0x00, 0x05, 0xFB, 0x77, 0x77, 0x77, 0x77, 0x77, 0x00,
  0x00, 0x2E, 0xDB, 0xBB, 0xBB, 0xBB, 0xBB, 0xDF, 0x00,
  0x02, 0xDF, 0x86, 0x66, 0x66, 0x63, 0x00, 0x7D, 0x00,
  0x0C, 0xED, 0xED, 0xDD, 0xDD, 0xF9, 0x00, 0x9D, 0x00,
  0x03, 0x2B, 0xA2, 0x22, 0x22, 0xD9, 0x00, 0xAC, 0x00,
  0x00, 0x0B, 0xFF, 0xFF, 0xFF, 0xF9, 0x6B, 0xF9, 0x34,
  0x00, 0x0B, 0x90, 0x00, 0x00, 0x00, 0x39, 0x71, 0x8E,
  0x00, 0x0A, 0xEA, 0x99, 0x99, 0x99, 0x99, 0x9B, 0xF8,
  0x00, 0x01, 0x78, 0x99, 0x99, 0x99, 0x99, 0x87, 0x60
};

GUI_CONST_STORAGE unsigned char acGUI_FontWQY18_96FE[162] = { /* code 96FE */
  0x02, 0x22, 0x22, 0x22, 0x22, 0x22, 0x22, 0x22, 0x00,
  0x0D, 0xFF, 0xFF, 0xFF, 0xFF, 0xFF, 0xFF, 0xFD, 0x00,
  0x02, 0x22, 0x22, 0x25, 0xF5, 0x22, 0x22, 0x22, 0x00,
  0xBF, 0xFF, 0xFF, 0xFF, 0xFF, 0xFF, 0xFF, 0xFF, 0xB0,
  0xBC, 0x44, 0x44, 0x47, 0xF7, 0x44, 0x44, 0x4C, 0xB0,
  0xBB, 0x7F, 0xFF, 0xF4, 0xF6, 0xFF, 0xFF, 0x9B, 0xB0,
  0x44, 0x24, 0x44, 0x44, 0xF4, 0x44, 0x44, 0x24, 0x40,
  0x00, 0x9F, 0xFF, 0xF3, 0xB5, 0xFF, 0xFF, 0x70, 0x00,
  0x00, 0x14, 0xEE, 0x86, 0x66, 0x77, 0x77, 0x10, 0x00,
  0x00, 0x6E, 0xDB, 0xBB, 0xBB, 0xBC, 0xFC, 0x00, 0x00,
  0x0B, 0xF8, 0x6B, 0x61, 0x02, 0x8E, 0xB2, 0x00, 0x00,
  0x04, 0x30, 0x19, 0xFF, 0xDF, 0xF9, 0x42, 0x21, 0x00,
  0x6A, 0xBD, 0xFF, 0xDA, 0x8A, 0xCF, 0xFF, 0xFF, 0xD0,
  0x36, 0x76, 0x42, 0x2B, 0xC2, 0x22, 0x34, 0x54, 0x30,
  0x00, 0xFF, 0xFF, 0xFF, 0xFF, 0xFF, 0xFF, 0xA0, 0x00,
  0x00, 0x22, 0x4B, 0xFA, 0x22, 0x22, 0x3F, 0x70, 0x00,
  0x03, 0xAD, 0xFE, 0x70, 0x03, 0x99, 0xCF, 0x20, 0x00,
  0x01, 0xC9, 0x50, 0x00, 0x01, 0x9B, 0xA4, 0x00, 0x00
};

GUI_CONST_STORAGE unsigned char acGUI_FontWQY18_973E[162] = { /* code 973E */
  0x03, 0x44, 0x44, 0x44, 0x44, 0x44, 0x44, 0x43, 0x00,
  0x0B, 0xFF, 0xFF, 0xFF, 0xFF, 0xFF, 0xFF, 0xFB, 0x00,
  0x77, 0x77, 0x77, 0x78, 0xF8, 0x77, 0x77, 0x77, 0x70,
  0xDF, 0xDD, 0xDD, 0xDD, 0xFD, 0xDD, 0xDD, 0xDF, 0xD0,
  0xDB, 0x69, 0x99, 0x93, 0xF3, 0x99, 0x99, 0x6B, 0xD0,
  0x33, 0x36, 0x66, 0x63, 0xF3, 0x66, 0x66, 0x34, 0x50,
  0x00, 0x9F, 0xFF, 0xF2, 0xF4, 0xFF, 0xFF, 0x90, 0x00,
  0x00, 0x00, 0x37, 0x00, 0x00, 0x00, 0x00, 0x00, 0x00,
  0x58, 0xBE, 0xE8, 0x24, 0xFF, 0xFF, 0xFF, 0xFF, 0x40,
  0x79, 0x75, 0xE5, 0x84, 0xF3, 0x2A, 0xA2, 0x3F, 0x40,
  0x04, 0xE6, 0xDF, 0x84, 0xFD, 0xDE, 0xED, 0xDF, 0x40,
  0x6C, 0xFC, 0xCB, 0x04, 0xF3, 0x2A, 0xA2, 0x3F, 0x40,
  0x35, 0x48, 0xEF, 0x34, 0xFD, 0xDE, 0xED, 0xDF, 0x40,
  0x4D, 0xF9, 0x3D, 0x80, 0x22, 0x2A, 0xA2, 0x22, 0x00,
  0x15, 0x28, 0xEE, 0x97, 0xDD, 0xDE, 0xED, 0xDD, 0x80,
  0x5C, 0xFA, 0x4A, 0x92, 0x44, 0x4B, 0xB4, 0x44, 0x20,
  0x25, 0x18, 0x6E, 0x7B, 0xBB, 0xBE, 0xEB, 0xBB, 0xB0,
  0x00, 0x09, 0xB9, 0x16, 0x66, 0x66, 0x66, 0x66, 0x60
};

GUI_CONST_STORAGE unsigned char acGUI_FontWQY18_98CE[170] = { /* code 98CE */
  0x00, 0x0B, 0xBB, 0xBB, 0xBB, 0xBB, 0xBB, 0xB3, 0x00, 0x00,
  0x00, 0x0F, 0xDB, 0xBB, 0xBB, 0xBB, 0xBC, 0xF4, 0x00, 0x00,
  0x00, 0x0F, 0x70, 0x00, 0x00, 0x00, 0x04, 0xF4, 0x00, 0x00,
  0x00, 0x0F, 0x70, 0x00, 0x00, 0x03, 0x04, 0xF4, 0x00, 0x00,
  0x00, 0x0F, 0x74, 0x91, 0x00, 0x0E, 0x84, 0xF4, 0x00, 0x00,
  0x00, 0x0F, 0x73, 0xEB, 0x00, 0x7F, 0x34, 0xF4, 0x00, 0x00,
  0x00, 0x0F, 0x70, 0x4F, 0x91, 0xEA, 0x03, 0xF5, 0x00, 0x00,
  0x00, 0x0F, 0x70, 0x06, 0xFC, 0xF3, 0x02, 0xF6, 0x00, 0x00,
  0x00, 0x0F, 0x70, 0x00, 0x9F, 0x90, 0x02, 0xF6, 0x00, 0x00,
  0x00, 0x0F, 0x70, 0x01, 0xDF, 0xC1, 0x00, 0xF7, 0x00, 0x00,
  0x00, 0x1F, 0x60, 0x0B, 0xF7, 0xF9, 0x00, 0xF8, 0x00, 0x00,
  0x00, 0x4F, 0x30, 0xAF, 0x60, 0x9F, 0x30, 0xD9, 0x00, 0x00,
  0x00, 0x9E, 0x0A, 0xF7, 0x00, 0x1E, 0xC0, 0xBB, 0x07, 0x30,
  0x00, 0xEA, 0x06, 0x60, 0x00, 0x07, 0xC2, 0x8E, 0x0E, 0x60,
  0x07, 0xF3, 0x00, 0x00, 0x00, 0x00, 0x00, 0x5F, 0x6F, 0x30,
  0x0D, 0xB0, 0x00, 0x00, 0x00, 0x00, 0x00, 0x0D, 0xFE, 0x00,
  0x01, 0x20, 0x00, 0x00, 0x00, 0x00, 0x00, 0x02, 0x73, 0x00
};

GUI_CONST_STORAGE unsigned char acGUI_FontWQY18_98D3[153] = { /* code 98D3 */
  0x00, 0xDD, 0xDD, 0xDD, 0xD3, 0x0B, 0xDD, 0xDD, 0xB0,
  0x00, 0xFA, 0x77, 0x78, 0xF4, 0x0D, 0x96, 0x68, 0xD0,
  0x00, 0xF6, 0x00, 0x02, 0xF4, 0x0D, 0x96, 0x68, 0xD0,
  0x00, 0xF6, 0x00, 0x77, 0xF4, 0x0D, 0xB9, 0x9B, 0xD0,
  0x00, 0xF7, 0xB0, 0xC8, 0xF4, 0x0D, 0x84, 0x47, 0xD0,
  0x00, 0xF6, 0xC6, 0xF5, 0xF4, 0x0D, 0xDB, 0xBC, 0xD0,
  0x00, 0xF6, 0x6E, 0xF2, 0xF4, 0x0D, 0x60, 0x04, 0xD0,
  0x00, 0xF6, 0x1F, 0xB1, 0xF4, 0x0D, 0xFF, 0xFF, 0xD0,
  0x00, 0xF6, 0x0C, 0x90, 0xF4, 0x0D, 0x60, 0x04, 0xD0,
  0x00, 0xF6, 0x1F, 0xD0, 0xF4, 0xAF, 0xED, 0xDE, 0xFB,
  0x00, 0xF6, 0x5D, 0xE3, 0xC7, 0x46, 0x76, 0x67, 0x65,
  0x02, 0xF6, 0xB9, 0xA8, 0x9B, 0x03, 0xF5, 0x1E, 0x70,
  0x03, 0xF5, 0xF4, 0x6C, 0x3F, 0x3D, 0xA0, 0x06, 0xF4,
  0x06, 0xF7, 0xD0, 0x2F, 0x1A, 0xE4, 0x00, 0x00, 0x40,
  0x09, 0xE0, 0x10, 0x01, 0x01, 0xBF, 0x82, 0x00, 0xBA,
  0x0E, 0x90, 0x00, 0x00, 0x00, 0x05, 0xDF, 0xEE, 0xF5,
  0x06, 0x30, 0x00, 0x00, 0x00, 0x00, 0x03, 0x67, 0x40
};

GUI_CONST_STORAGE unsigned char acGUI_FontWQY18_9F99[162] = { /* code 9F99 */
  0x00, 0x00, 0x00, 0x02, 0x40, 0x00, 0x00, 0x00, 0x00,
  0x00, 0x00, 0x00, 0x07, 0xF0, 0x03, 0xE7, 0x00, 0x00,
  0x00, 0x00, 0x00, 0x08, 0xD0, 0x00, 0xAF, 0x50, 0x00,
  0x00, 0x00, 0x00, 0x0A, 0xC0, 0x00, 0x09, 0x50, 0x00,
  0x07, 0x99, 0x99, 0x9E, 0xE9, 0x99, 0x99, 0x99, 0x95,
  0x08, 0xBB, 0xBB, 0xBF, 0xDB, 0xBB, 0xBB, 0xBB, 0xB6,
  0x00, 0x00, 0x00, 0x3F, 0x50, 0x42, 0x00, 0x00, 0x00,
  0x00, 0x00, 0x00, 0x7F, 0x10, 0xF7, 0x00, 0x33, 0x00,
  0x00, 0x00, 0x00, 0xCC, 0x00, 0xF7, 0x01, 0xEB, 0x00,
  0x00, 0x00, 0x03, 0xF7, 0x00, 0xF7, 0x0A, 0xF3, 0x00,
  0x00, 0x00, 0x09, 0xF1, 0x00, 0xF7, 0x7F, 0x70, 0x00,
  0x00, 0x00, 0x2F, 0x90, 0x00, 0xFC, 0xFA, 0x00, 0x00,
  0x00, 0x00, 0xBF, 0x20, 0x00, 0xFF, 0xB1, 0x00, 0x00,
  0x00, 0x07, 0xF7, 0x00, 0x2B, 0xFB, 0x00, 0x00, 0xD7,
  0x00, 0x4F, 0xB0, 0x18, 0xFE, 0xF7, 0x00, 0x00, 0xF9,
  0x03, 0xEE, 0x15, 0xFF, 0x81, 0xF9, 0x22, 0x27, 0xF6,
  0x0D, 0xE2, 0x02, 0x81, 0x00, 0xCF, 0xFF, 0xFF, 0xD1,
  0x04, 0x20, 0x00, 0x00, 0x00, 0x03, 0x46, 0x43, 0x00
};

GUI_CONST_STORAGE GUI_CHARINFO_EXT GUI_FontWQY18_CharInfo[142] = {
   {   1,   1,   0,  18,   5, acGUI_FontWQY18_0020 } /* code 0020, SPACE */
  ,{   3,  14,   1,   4,   4, acGUI_FontWQY18_0021 } /* code 0021, EXCLAMATION MARK */
  ,{   6,   5,   1,   4,   8, acGUI_FontWQY18_0022 } /* code 0022, QUOTATION MARK */
  ,{  12,  14,   0,   4,  12, acGUI_FontWQY18_0023 } /* code 0023, NUMBER SIGN */
  ,{   8,  16,   1,   3,  10, acGUI_FontWQY18_0024 } /* code 0024, DOLLAR SIGN */
  ,{  14,  14,   1,   4,  16, acGUI_FontWQY18_0025 } /* code 0025, PERCENT SIGN */
  ,{  12,  14,   1,   4,  13, acGUI_FontWQY18_0026 } /* code 0026, AMPERSAND */
  ,{   2,   5,   1,   4,   4, acGUI_FontWQY18_0027 } /* code 0027, APOSTROPHE */
  ,{   4,  17,   1,   4,   6, acGUI_FontWQY18_0028 } /* code 0028, LEFT PARENTHESIS */
  ,{   4,  17,   1,   4,   6, acGUI_FontWQY18_0029 } /* code 0029, RIGHT PARENTHESIS */
  ,{  10,   9,   0,   3,  10, acGUI_FontWQY18_002A } /* code 002A, ASTERISK */
  ,{   9,   9,   0,   7,  10, acGUI_FontWQY18_002B } /* code 002B, PLUS SIGN */
  ,{   3,   5,   0,  16,   4, acGUI_FontWQY18_002C } /* code 002C, COMMA */
  ,{   4,   2,   1,  12,   6, acGUI_FontWQY18_002D } /* code 002D, HYPHEN-MINUS */
  ,{   2,   2,   1,  16,   4, acGUI_FontWQY18_002E } /* code 002E, FULL STOP */
  ,{   8,  14,  -1,   4,   7, acGUI_FontWQY18_002F } /* code 002F, SOLIDUS */
  ,{   8,  14,   1,   4,  10, acGUI_FontWQY18_0030 } /* code 0030, DIGIT ZERO */
  ,{   5,  14,   2,   4,  10, acGUI_FontWQY18_0031 } /* code 0031, DIGIT ONE */
  ,{   8,  14,   1,   4,  10, acGUI_FontWQY18_0032 } /* code 0032, DIGIT TWO */
  ,{   8,  14,   1,   4,  10, acGUI_FontWQY18_0033 } /* code 0033, DIGIT THREE */
  ,{  10,  14,   0,   4,  10, acGUI_FontWQY18_0034 } /* code 0034, DIGIT FOUR */
  ,{   8,  14,   1,   4,  10, acGUI_FontWQY18_0035 } /* code 0035, DIGIT FIVE */
  ,{   8,  14,   1,   4,  10, acGUI_FontWQY18_0036 } /* code 0036, DIGIT SIX */
  ,{   8,  14,   1,   4,  10, acGUI_FontWQY18_0037 } /* code 0037, DIGIT SEVEN */
  ,{   8,  14,   1,   4,  10, acGUI_FontWQY18_0038 } /* code 0038, DIGIT EIGHT */
  ,{   8,  14,   1,   4,  10, acGUI_FontWQY18_0039 } /* code 0039, DIGIT NINE */
  ,{   2,  10,   1,   8,   4, acGUI_FontWQY18_003A } /* code 003A, COLON */
  ,{   3,  13,   0,   8,   4, acGUI_FontWQY18_003B } /* code 003B, SEMICOLON */
  ,{   8,   9,   1,   7,  10, acGUI_FontWQY18_003C } /* code 003C, LESS-THAN SIGN */
  ,{   8,   6,   1,   9,  10, acGUI_FontWQY18_003D } /* code 003D, EQUALS SIGN */
  ,{   8,   9,   1,   7,  10, acGUI_FontWQY18_003E } /* code 003E, GREATER-THAN SIGN */
  ,{   7,  14,   0,   4,   8, acGUI_FontWQY18_003F } /* code 003F, QUESTION MARK */
  ,{  14,  16,   1,   4,  16, acGUI_FontWQY18_0040 } /* code 0040, COMMERCIAL AT */
  ,{  14,  14,  -1,   4,  12, acGUI_FontWQY18_0041 } /* code 0041, LATIN CAPITAL LETTER A */
  ,{   9,  14,   2,   4,  12, acGUI_FontWQY18_0042 } /* code 0042, LATIN CAPITAL LETTER B */
  ,{  10,  14,   1,   4,  12, acGUI_FontWQY18_0043 } /* code 0043, LATIN CAPITAL LETTER C */
  ,{  10,  14,   2,   4,  13, acGUI_FontWQY18_0044 } /* code 0044, LATIN CAPITAL LETTER D */
  ,{   7,  14,   2,   4,  10, acGUI_FontWQY18_0045 } /* code 0045, LATIN CAPITAL LETTER E */
  ,{   7,  14,   2,   4,   9, acGUI_FontWQY18_0046 } /* code 0046, LATIN CAPITAL LETTER F */
  ,{  11,  14,   1,   4,  13, acGUI_FontWQY18_0047 } /* code 0047, LATIN CAPITAL LETTER G */
  ,{  10,  14,   2,   4,  14, acGUI_FontWQY18_0048 } /* code 0048, LATIN CAPITAL LETTER H */
  ,{   6,  14,   0,   4,   6, acGUI_FontWQY18_0049 } /* code 0049, LATIN CAPITAL LETTER I */
  ,{   5,  18,  -1,   4,   5, acGUI_FontWQY18_004A } /* code 004A, LATIN CAPITAL LETTER J */
  ,{  10,  14,   2,   4,  11, acGUI_FontWQY18_004B } /* code 004B, LATIN CAPITAL LETTER K */
  ,{   8,  14,   2,   4,  10, acGUI_FontWQY18_004C } /* code 004C, LATIN CAPITAL LETTER L */
  ,{  13,  14,   2,   4,  17, acGUI_FontWQY18_004D } /* code 004D, LATIN CAPITAL LETTER M */
  ,{  11,  14,   1,   4,  14, acGUI_FontWQY18_004E } /* code 004E, LATIN CAPITAL LETTER N */
  ,{  12,  14,   1,   4,  14, acGUI_FontWQY18_004F } /* code 004F, LATIN CAPITAL LETTER O */
  ,{   8,  14,   2,   4,  11, acGUI_FontWQY18_0050 } /* code 0050, LATIN CAPITAL LETTER P */
  ,{  12,  18,   1,   4,  14, acGUI_FontWQY18_0051 } /* code 0051, LATIN CAPITAL LETTER Q */
  ,{  10,  14,   2,   4,  12, acGUI_FontWQY18_0052 } /* code 0052, LATIN CAPITAL LETTER R */
  ,{   9,  14,   0,   4,  10, acGUI_FontWQY18_0053 } /* code 0053, LATIN CAPITAL LETTER S */
  ,{  10,  14,   0,   4,  10, acGUI_FontWQY18_0054 } /* code 0054, LATIN CAPITAL LETTER T */
  ,{  10,  14,   2,   4,  14, acGUI_FontWQY18_0055 } /* code 0055, LATIN CAPITAL LETTER U */
  ,{  13,  14,  -1,   4,  11, acGUI_FontWQY18_0056 } /* code 0056, LATIN CAPITAL LETTER V */
  ,{  19,  14,  -1,   4,  17, acGUI_FontWQY18_0057 } /* code 0057, LATIN CAPITAL LETTER W */
  ,{  12,  14,  -1,   4,  10, acGUI_FontWQY18_0058 } /* code 0058, LATIN CAPITAL LETTER X */
  ,{  12,  14,  -1,   4,  10, acGUI_FontWQY18_0059 } /* code 0059, LATIN CAPITAL LETTER Y */
  ,{   8,  14,   1,   4,  10, acGUI_FontWQY18_005A } /* code 005A, LATIN CAPITAL LETTER Z */
  ,{   4,  17,   2,   4,   6, acGUI_FontWQY18_005B } /* code 005B, LEFT SQUARE BRACKET */
  ,{   9,  14,  -1,   4,   7, acGUI_FontWQY18_005C } /* code 005C, REVERSE SOLIDUS */
  ,{   4,  17,   0,   4,   6, acGUI_FontWQY18_005D } /* code 005D, RIGHT SQUARE BRACKET */
  ,{  10,   9,   0,   4,  10, acGUI_FontWQY18_005E } /* code 005E, CIRCUMFLEX ACCENT */
  ,{   8,   2,   0,  20,   8, acGUI_FontWQY18_005F } /* code 005F, LOW LINE */
  ,{   4,   3,   4,   3,  11, acGUI_FontWQY18_0060 } /* code 0060, GRAVE ACCENT */
  ,{   8,  10,   0,   8,  10, acGUI_FontWQY18_0061 } /* code 0061, LATIN SMALL LETTER A */
  ,{   9,  15,   1,   3,  11, acGUI_FontWQY18_0062 } /* code 0062, LATIN SMALL LETTER B */
  ,{   8,  10,   0,   8,   9, acGUI_FontWQY18_0063 } /* code 0063, LATIN SMALL LETTER C */
  ,{   9,  15,   0,   3,  11, acGUI_FontWQY18_0064 } /* code 0064, LATIN SMALL LETTER D */
  ,{   9,  10,   0,   8,  10, acGUI_FontWQY18_0065 } /* code 0065, LATIN SMALL LETTER E */
  ,{   7,  15,   0,   3,   7, acGUI_FontWQY18_0066 } /* code 0066, LATIN SMALL LETTER F */
  ,{  10,  14,   0,   8,  10, acGUI_FontWQY18_0067 } /* code 0067, LATIN SMALL LETTER G */
  ,{   8,  15,   1,   3,  11, acGUI_FontWQY18_0068 } /* code 0068, LATIN SMALL LETTER H */
  ,{   3,  14,   0,   4,   5, acGUI_FontWQY18_0069 } /* code 0069, LATIN SMALL LETTER I */
  ,{   4,  18,  -1,   4,   5, acGUI_FontWQY18_006A } /* code 006A, LATIN SMALL LETTER J */
  ,{   9,  15,   1,   3,   9, acGUI_FontWQY18_006B } /* code 006B, LATIN SMALL LETTER K */
  ,{   2,  15,   1,   3,   5, acGUI_FontWQY18_006C } /* code 006C, LATIN SMALL LETTER L */
  ,{  14,  10,   1,   8,  17, acGUI_FontWQY18_006D } /* code 006D, LATIN SMALL LETTER M */
  ,{   8,  10,   1,   8,  11, acGUI_FontWQY18_006E } /* code 006E, LATIN SMALL LETTER N */
  ,{   9,  10,   0,   8,  10, acGUI_FontWQY18_006F } /* code 006F, LATIN SMALL LETTER O */
  ,{   9,  14,   1,   8,  11, acGUI_FontWQY18_0070 } /* code 0070, LATIN SMALL LETTER P */
  ,{   9,  14,   0,   8,  11, acGUI_FontWQY18_0071 } /* code 0071, LATIN SMALL LETTER Q */
  ,{   6,  10,   1,   8,   8, acGUI_FontWQY18_0072 } /* code 0072, LATIN SMALL LETTER R */
  ,{   7,  10,   0,   8,   9, acGUI_FontWQY18_0073 } /* code 0073, LATIN SMALL LETTER S */
  ,{   6,  13,   0,   5,   6, acGUI_FontWQY18_0074 } /* code 0074, LATIN SMALL LETTER T */
  ,{   8,  10,   1,   8,  11, acGUI_FontWQY18_0075 } /* code 0075, LATIN SMALL LETTER U */
  ,{  11,  10,  -1,   8,  10, acGUI_FontWQY18_0076 } /* code 0076, LATIN SMALL LETTER V */
  ,{  15,  10,  -1,   8,  14, acGUI_FontWQY18_0077 } /* code 0077, LATIN SMALL LETTER W */
  ,{   9,  10,   0,   8,  10, acGUI_FontWQY18_0078 } /* code 0078, LATIN SMALL LETTER X */
  ,{  11,  14,  -1,   8,  10, acGUI_FontWQY18_0079 } /* code 0079, LATIN SMALL LETTER Y */
  ,{   8,  10,   0,   8,   8, acGUI_FontWQY18_007A } /* code 007A, LATIN SMALL LETTER Z */
  ,{   5,  17,   1,   4,   7, acGUI_FontWQY18_007B } /* code 007B, LEFT CURLY BRACKET */
  ,{   2,  19,   4,   3,  10, acGUI_FontWQY18_007C } /* code 007C, VERTICAL LINE */
  ,{   5,  17,   1,   4,   7, acGUI_FontWQY18_007D } /* code 007D, RIGHT CURLY BRACKET */
  ,{   8,   3,   1,  10,  10, acGUI_FontWQY18_007E } /* code 007E, TILDE */
  ,{  17,  17,   1,   2,  19, acGUI_FontWQY18_4E0A } /* code 4E0A */
  ,{  17,  17,   1,   3,  19, acGUI_FontWQY18_4E0B } /* code 4E0B */
  ,{  15,  18,   2,   2,  19, acGUI_FontWQY18_4E2D } /* code 4E2D */
  ,{  17,  17,   1,   3,  19, acGUI_FontWQY18_4E91 } /* code 4E91 */
  ,{  18,  18,   0,   2,  19, acGUI_FontWQY18_4F34 } /* code 4F34 */
  ,{  18,  18,   1,   2,  19, acGUI_FontWQY18_51B0 } /* code 51B0 */
  ,{  17,  18,   1,   2,  19, acGUI_FontWQY18_51BB } /* code 51BB */
  ,{  18,  18,   1,   2,  19, acGUI_FontWQY18_5377 } /* code 5377 */
  ,{  17,  18,   0,   2,  19, acGUI_FontWQY18_540D } /* code 540D */
  ,{  16,  18,   1,   2,  19, acGUI_FontWQY18_591A } /* code 591A */
  ,{  19,  18,   0,   2,  19, acGUI_FontWQY18_5927 } /* code 5927 */
  ,{  18,  18,   1,   2,  19, acGUI_FontWQY18_5939 } /* code 5939 */
  ,{  18,  18,   0,   2,  19, acGUI_FontWQY18_5BA2 } /* code 5BA2 */
  ,{  17,  18,   1,   2,  19, acGUI_FontWQY18_5BC6 } /* code 5BC6 */
  ,{  17,  18,   1,   2,  19, acGUI_FontWQY18_5C0F } /* code 5C0F */
  ,{  17,  18,   1,   2,  19, acGUI_FontWQY18_5C18 } /* code 5C18 */
  ,{  17,  18,   1,   2,  19, acGUI_FontWQY18_5E26 } /* code 5E26 */
  ,{  17,  17,   1,   3,  19, acGUI_FontWQY18_5F3A } /* code 5F3A */
  ,{  18,  18,   0,   2,  19, acGUI_FontWQY18_626C } /* code 626C */
  ,{  17,  17,   1,   3,  19, acGUI_FontWQY18_65E0 } /* code 65E0 */
  ,{  17,  18,   1,   2,  19, acGUI_FontWQY18_6674 } /* code 6674 */
  ,{  18,  17,   0,   3,  19, acGUI_FontWQY18_66B4 } /* code 66B4 */
  ,{  17,  18,   1,   2,  19, acGUI_FontWQY18_6709 } /* code 6709 */
  ,{  18,  18,   0,   2,  19, acGUI_FontWQY18_672A } /* code 672A */
  ,{  18,  18,   1,   2,  19, acGUI_FontWQY18_6C99 } /* code 6C99 */
  ,{  18,  18,   0,   2,  19, acGUI_FontWQY18_6D6E } /* code 6D6E */
  ,{  19,  18,   0,   2,  19, acGUI_FontWQY18_70ED } /* code 70ED */
  ,{  18,  18,   0,   2,  19, acGUI_FontWQY18_7279 } /* code 7279 */
  ,{  18,  18,   0,   2,  19, acGUI_FontWQY18_77E5 } /* code 77E5 */
  ,{  18,  17,   0,   3,  19, acGUI_FontWQY18_7801 } /* code 7801 */
  ,{  18,  18,   0,   2,  19, acGUI_FontWQY18_79F0 } /* code 79F0 */
  ,{  18,  18,   1,   2,  19, acGUI_FontWQY18_7EBF } /* code 7EBF */
  ,{  18,  18,   0,   2,  19, acGUI_FontWQY18_884C } /* code 884C */
  ,{  17,  18,   1,   2,  19, acGUI_FontWQY18_8BBF } /* code 8BBF */
  ,{  17,  18,   1,   2,  19, acGUI_FontWQY18_90E8 } /* code 90E8 */
  ,{  17,  18,   1,   2,  19, acGUI_FontWQY18_95F4 } /* code 95F4 */
  ,{  17,  17,   1,   3,  19, acGUI_FontWQY18_9634 } /* code 9634 */
  ,{  17,  18,   1,   2,  19, acGUI_FontWQY18_9635 } /* code 9635 */
  ,{  17,  17,   1,   3,  19, acGUI_FontWQY18_96E8 } /* code 96E8 */
  ,{  17,  18,   1,   2,  19, acGUI_FontWQY18_96EA } /* code 96EA */
  ,{  17,  18,   1,   2,  19, acGUI_FontWQY18_96F7 } /* code 96F7 */
  ,{  18,  18,   0,   2,  19, acGUI_FontWQY18_96F9 } /* code 96F9 */
  ,{  17,  18,   1,   2,  19, acGUI_FontWQY18_96FE } /* code 96FE */
  ,{  17,  18,   1,   2,  19, acGUI_FontWQY18_973E } /* code 973E */
  ,{  19,  17,   0,   3,  19, acGUI_FontWQY18_98CE } /* code 98CE */
  ,{  18,  17,   0,   3,  19, acGUI_FontWQY18_98D3 } /* code 98D3 */
  ,{  18,  18,   0,   2,  19, acGUI_FontWQY18_9F99 } /* code 9F99 */
};

GUI_CONST_STORAGE GUI_FONT_PROP_EXT GUI_FontWQY18_Prop46 = {
   0x9F99 /* first character */
  ,0x9F99 /* last character  */
  ,&GUI_FontWQY18_CharInfo[141] /* address of first character */
  ,(GUI_CONST_STORAGE GUI_FONT_PROP_EXT *)0 /* pointer to next GUI_FONT_PROP_EXT */
};

GUI_CONST_STORAGE GUI_FONT_PROP_EXT GUI_FontWQY18_Prop45 = {
   0x98D3 /* first character */
  ,0x98D3 /* last character  */
  ,&GUI_FontWQY18_CharInfo[140] /* address of first character */
  ,&GUI_FontWQY18_Prop46 /* pointer to next GUI_FONT_PROP_EXT */
};

GUI_CONST_STORAGE GUI_FONT_PROP_EXT GUI_FontWQY18_Prop44 = {
   0x98CE /* first character */
  ,0x98CE /* last character  */
  ,&GUI_FontWQY18_CharInfo[139] /* address of first character */
  ,&GUI_FontWQY18_Prop45 /* pointer to next GUI_FONT_PROP_EXT */
};

GUI_CONST_STORAGE GUI_FONT_PROP_EXT GUI_FontWQY18_Prop43 = {
   0x973E /* first character */
  ,0x973E /* last character  */
  ,&GUI_FontWQY18_CharInfo[138] /* address of first character */
  ,&GUI_FontWQY18_Prop44 /* pointer to next GUI_FONT_PROP_EXT */
};

GUI_CONST_STORAGE GUI_FONT_PROP_EXT GUI_FontWQY18_Prop42 = {
   0x96FE /* first character */
  ,0x96FE /* last character  */
  ,&GUI_FontWQY18_CharInfo[137] /* address of first character */
  ,&GUI_FontWQY18_Prop43 /* pointer to next GUI_FONT_PROP_EXT */
};

GUI_CONST_STORAGE GUI_FONT_PROP_EXT GUI_FontWQY18_Prop41 = {
   0x96F9 /* first character */
  ,0x96F9 /* last character  */
  ,&GUI_FontWQY18_CharInfo[136] /* address of first character */
  ,&GUI_FontWQY18_Prop42 /* pointer to next GUI_FONT_PROP_EXT */
};

GUI_CONST_STORAGE GUI_FONT_PROP_EXT GUI_FontWQY18_Prop40 = {
   0x96F7 /* first character */
  ,0x96F7 /* last character  */
  ,&GUI_FontWQY18_CharInfo[135] /* address of first character */
  ,&GUI_FontWQY18_Prop41 /* pointer to next GUI_FONT_PROP_EXT */
};

GUI_CONST_STORAGE GUI_FONT_PROP_EXT GUI_FontWQY18_Prop39 = {
   0x96EA /* first character */
  ,0x96EA /* last character  */
  ,&GUI_FontWQY18_CharInfo[134] /* address of first character */
  ,&GUI_FontWQY18_Prop40 /* pointer to next GUI_FONT_PROP_EXT */
};

GUI_CONST_STORAGE GUI_FONT_PROP_EXT GUI_FontWQY18_Prop38 = {
   0x96E8 /* first character */
  ,0x96E8 /* last character  */
  ,&GUI_FontWQY18_CharInfo[133] /* address of first character */
  ,&GUI_FontWQY18_Prop39 /* pointer to next GUI_FONT_PROP_EXT */
};

GUI_CONST_STORAGE GUI_FONT_PROP_EXT GUI_FontWQY18_Prop37 = {
   0x9634 /* first character */
  ,0x9635 /* last character  */
  ,&GUI_FontWQY18_CharInfo[131] /* address of first character */
  ,&GUI_FontWQY18_Prop38 /* pointer to next GUI_FONT_PROP_EXT */
};

GUI_CONST_STORAGE GUI_FONT_PROP_EXT GUI_FontWQY18_Prop36 = {
   0x95F4 /* first character */
  ,0x95F4 /* last character  */
  ,&GUI_FontWQY18_CharInfo[130] /* address of first character */
  ,&GUI_FontWQY18_Prop37 /* pointer to next GUI_FONT_PROP_EXT */
};

GUI_CONST_STORAGE GUI_FONT_PROP_EXT GUI_FontWQY18_Prop35 = {
   0x90E8 /* first character */
  ,0x90E8 /* last character  */
  ,&GUI_FontWQY18_CharInfo[129] /* address of first character */
  ,&GUI_FontWQY18_Prop36 /* pointer to next GUI_FONT_PROP_EXT */
};

GUI_CONST_STORAGE GUI_FONT_PROP_EXT GUI_FontWQY18_Prop34 = {
   0x8BBF /* first character */
  ,0x8BBF /* last character  */
  ,&GUI_FontWQY18_CharInfo[128] /* address of first character */
  ,&GUI_FontWQY18_Prop35 /* pointer to next GUI_FONT_PROP_EXT */
};

GUI_CONST_STORAGE GUI_FONT_PROP_EXT GUI_FontWQY18_Prop33 = {
   0x884C /* first character */
  ,0x884C /* last character  */
  ,&GUI_FontWQY18_CharInfo[127] /* address of first character */
  ,&GUI_FontWQY18_Prop34 /* pointer to next GUI_FONT_PROP_EXT */
};

GUI_CONST_STORAGE GUI_FONT_PROP_EXT GUI_FontWQY18_Prop32 = {
   0x7EBF /* first character */
  ,0x7EBF /* last character  */
  ,&GUI_FontWQY18_CharInfo[126] /* address of first character */
  ,&GUI_FontWQY18_Prop33 /* pointer to next GUI_FONT_PROP_EXT */
};

GUI_CONST_STORAGE GUI_FONT_PROP_EXT GUI_FontWQY18_Prop31 = {
   0x79F0 /* first character */
  ,0x79F0 /* last character  */
  ,&GUI_FontWQY18_CharInfo[125] /* address of first character */
  ,&GUI_FontWQY18_Prop32 /* pointer to next GUI_FONT_PROP_EXT */
};

GUI_CONST_STORAGE GUI_FONT_PROP_EXT GUI_FontWQY18_Prop30 = {
   0x7801 /* first character */
  ,0x7801 /* last character  */
  ,&GUI_FontWQY18_CharInfo[124] /* address of first character */
  ,&GUI_FontWQY18_Prop31 /* pointer to next GUI_FONT_PROP_EXT */
};

GUI_CONST_STORAGE GUI_FONT_PROP_EXT GUI_FontWQY18_Prop29 = {
   0x77E5 /* first character */
  ,0x77E5 /* last character  */
  ,&GUI_FontWQY18_CharInfo[123] /* address of first character */
  ,&GUI_FontWQY18_Prop30 /* pointer to next GUI_FONT_PROP_EXT */
};

GUI_CONST_STORAGE GUI_FONT_PROP_EXT GUI_FontWQY18_Prop28 = {
   0x7279 /* first character */
  ,0x7279 /* last character  */
  ,&GUI_FontWQY18_CharInfo[122] /* address of first character */
  ,&GUI_FontWQY18_Prop29 /* pointer to next GUI_FONT_PROP_EXT */
};

GUI_CONST_STORAGE GUI_FONT_PROP_EXT GUI_FontWQY18_Prop27 = {
   0x70ED /* first character */
  ,0x70ED /* last character  */
  ,&GUI_FontWQY18_CharInfo[121] /* address of first character */
  ,&GUI_FontWQY18_Prop28 /* pointer to next GUI_FONT_PROP_EXT */
};

GUI_CONST_STORAGE GUI_FONT_PROP_EXT GUI_FontWQY18_Prop26 = {
   0x6D6E /* first character */
  ,0x6D6E /* last character  */
  ,&GUI_FontWQY18_CharInfo[120] /* address of first character */
  ,&GUI_FontWQY18_Prop27 /* pointer to next GUI_FONT_PROP_EXT */
};

GUI_CONST_STORAGE GUI_FONT_PROP_EXT GUI_FontWQY18_Prop25 = {
   0x6C99 /* first character */
  ,0x6C99 /* last character  */
  ,&GUI_FontWQY18_CharInfo[119] /* address of first character */
  ,&GUI_FontWQY18_Prop26 /* pointer to next GUI_FONT_PROP_EXT */
};

GUI_CONST_STORAGE GUI_FONT_PROP_EXT GUI_FontWQY18_Prop24 = {
   0x672A /* first character */
  ,0x672A /* last character  */
  ,&GUI_FontWQY18_CharInfo[118] /* address of first character */
  ,&GUI_FontWQY18_Prop25 /* pointer to next GUI_FONT_PROP_EXT */
};

GUI_CONST_STORAGE GUI_FONT_PROP_EXT GUI_FontWQY18_Prop23 = {
   0x6709 /* first character */
  ,0x6709 /* last character  */
  ,&GUI_FontWQY18_CharInfo[117] /* address of first character */
  ,&GUI_FontWQY18_Prop24 /* pointer to next GUI_FONT_PROP_EXT */
};

GUI_CONST_STORAGE GUI_FONT_PROP_EXT GUI_FontWQY18_Prop22 = {
   0x66B4 /* first character */
  ,0x66B4 /* last character  */
  ,&GUI_FontWQY18_CharInfo[116] /* address of first character */
  ,&GUI_FontWQY18_Prop23 /* pointer to next GUI_FONT_PROP_EXT */
};

GUI_CONST_STORAGE GUI_FONT_PROP_EXT GUI_FontWQY18_Prop21 = {
   0x6674 /* first character */
  ,0x6674 /* last character  */
  ,&GUI_FontWQY18_CharInfo[115] /* address of first character */
  ,&GUI_FontWQY18_Prop22 /* pointer to next GUI_FONT_PROP_EXT */
};

GUI_CONST_STORAGE GUI_FONT_PROP_EXT GUI_FontWQY18_Prop20 = {
   0x65E0 /* first character */
  ,0x65E0 /* last character  */
  ,&GUI_FontWQY18_CharInfo[114] /* address of first character */
  ,&GUI_FontWQY18_Prop21 /* pointer to next GUI_FONT_PROP_EXT */
};

GUI_CONST_STORAGE GUI_FONT_PROP_EXT GUI_FontWQY18_Prop19 = {
   0x626C /* first character */
  ,0x626C /* last character  */
  ,&GUI_FontWQY18_CharInfo[113] /* address of first character */
  ,&GUI_FontWQY18_Prop20 /* pointer to next GUI_FONT_PROP_EXT */
};

GUI_CONST_STORAGE GUI_FONT_PROP_EXT GUI_FontWQY18_Prop18 = {
   0x5F3A /* first character */
  ,0x5F3A /* last character  */
  ,&GUI_FontWQY18_CharInfo[112] /* address of first character */
  ,&GUI_FontWQY18_Prop19 /* pointer to next GUI_FONT_PROP_EXT */
};

GUI_CONST_STORAGE GUI_FONT_PROP_EXT GUI_FontWQY18_Prop17 = {
   0x5E26 /* first character */
  ,0x5E26 /* last character  */
  ,&GUI_FontWQY18_CharInfo[111] /* address of first character */
  ,&GUI_FontWQY18_Prop18 /* pointer to next GUI_FONT_PROP_EXT */
};

GUI_CONST_STORAGE GUI_FONT_PROP_EXT GUI_FontWQY18_Prop16 = {
   0x5C18 /* first character */
  ,0x5C18 /* last character  */
  ,&GUI_FontWQY18_CharInfo[110] /* address of first character */
  ,&GUI_FontWQY18_Prop17 /* pointer to next GUI_FONT_PROP_EXT */
};

GUI_CONST_STORAGE GUI_FONT_PROP_EXT GUI_FontWQY18_Prop15 = {
   0x5C0F /* first character */
  ,0x5C0F /* last character  */
  ,&GUI_FontWQY18_CharInfo[109] /* address of first character */
  ,&GUI_FontWQY18_Prop16 /* pointer to next GUI_FONT_PROP_EXT */
};

GUI_CONST_STORAGE GUI_FONT_PROP_EXT GUI_FontWQY18_Prop14 = {
   0x5BC6 /* first character */
  ,0x5BC6 /* last character  */
  ,&GUI_FontWQY18_CharInfo[108] /* address of first character */
  ,&GUI_FontWQY18_Prop15 /* pointer to next GUI_FONT_PROP_EXT */
};

GUI_CONST_STORAGE GUI_FONT_PROP_EXT GUI_FontWQY18_Prop13 = {
   0x5BA2 /* first character */
  ,0x5BA2 /* last character  */
  ,&GUI_FontWQY18_CharInfo[107] /* address of first character */
  ,&GUI_FontWQY18_Prop14 /* pointer to next GUI_FONT_PROP_EXT */
};

GUI_CONST_STORAGE GUI_FONT_PROP_EXT GUI_FontWQY18_Prop12 = {
   0x5939 /* first character */
  ,0x5939 /* last character  */
  ,&GUI_FontWQY18_CharInfo[106] /* address of first character */
  ,&GUI_FontWQY18_Prop13 /* pointer to next GUI_FONT_PROP_EXT */
};

GUI_CONST_STORAGE GUI_FONT_PROP_EXT GUI_FontWQY18_Prop11 = {
   0x5927 /* first character */
  ,0x5927 /* last character  */
  ,&GUI_FontWQY18_CharInfo[105] /* address of first character */
  ,&GUI_FontWQY18_Prop12 /* pointer to next GUI_FONT_PROP_EXT */
};

GUI_CONST_STORAGE GUI_FONT_PROP_EXT GUI_FontWQY18_Prop10 = {
   0x591A /* first character */
  ,0x591A /* last character  */
  ,&GUI_FontWQY18_CharInfo[104] /* address of first character */
  ,&GUI_FontWQY18_Prop11 /* pointer to next GUI_FONT_PROP_EXT */
};

GUI_CONST_STORAGE GUI_FONT_PROP_EXT GUI_FontWQY18_Prop9 = {
   0x540D /* first character */
  ,0x540D /* last character  */
  ,&GUI_FontWQY18_CharInfo[103] /* address of first character */
  ,&GUI_FontWQY18_Prop10 /* pointer to next GUI_FONT_PROP_EXT */
};

GUI_CONST_STORAGE GUI_FONT_PROP_EXT GUI_FontWQY18_Prop8 = {
   0x5377 /* first character */
  ,0x5377 /* last character  */
  ,&GUI_FontWQY18_CharInfo[102] /* address of first character */
  ,&GUI_FontWQY18_Prop9 /* pointer to next GUI_FONT_PROP_EXT */
};

GUI_CONST_STORAGE GUI_FONT_PROP_EXT GUI_FontWQY18_Prop7 = {
   0x51BB /* first character */
  ,0x51BB /* last character  */
  ,&GUI_FontWQY18_CharInfo[101] /* address of first character */
  ,&GUI_FontWQY18_Prop8 /* pointer to next GUI_FONT_PROP_EXT */
};

GUI_CONST_STORAGE GUI_FONT_PROP_EXT GUI_FontWQY18_Prop6 = {
   0x51B0 /* first character */
  ,0x51B0 /* last character  */
  ,&GUI_FontWQY18_CharInfo[100] /* address of first character */
  ,&GUI_FontWQY18_Prop7 /* pointer to next GUI_FONT_PROP_EXT */
};

GUI_CONST_STORAGE GUI_FONT_PROP_EXT GUI_FontWQY18_Prop5 = {
   0x4F34 /* first character */
  ,0x4F34 /* last character  */
  ,&GUI_FontWQY18_CharInfo[ 99] /* address of first character */
  ,&GUI_FontWQY18_Prop6 /* pointer to next GUI_FONT_PROP_EXT */
};

GUI_CONST_STORAGE GUI_FONT_PROP_EXT GUI_FontWQY18_Prop4 = {
   0x4E91 /* first character */
  ,0x4E91 /* last character  */
  ,&GUI_FontWQY18_CharInfo[ 98] /* address of first character */
  ,&GUI_FontWQY18_Prop5 /* pointer to next GUI_FONT_PROP_EXT */
};

GUI_CONST_STORAGE GUI_FONT_PROP_EXT GUI_FontWQY18_Prop3 = {
   0x4E2D /* first character */
  ,0x4E2D /* last character  */
  ,&GUI_FontWQY18_CharInfo[ 97] /* address of first character */
  ,&GUI_FontWQY18_Prop4 /* pointer to next GUI_FONT_PROP_EXT */
};

GUI_CONST_STORAGE GUI_FONT_PROP_EXT GUI_FontWQY18_Prop2 = {
   0x4E0A /* first character */
  ,0x4E0B /* last character  */
  ,&GUI_FontWQY18_CharInfo[ 95] /* address of first character */
  ,&GUI_FontWQY18_Prop3 /* pointer to next GUI_FONT_PROP_EXT */
};

GUI_CONST_STORAGE GUI_FONT_PROP_EXT GUI_FontWQY18_Prop1 = {
   0x0020 /* first character */
  ,0x007E /* last character  */
  ,&GUI_FontWQY18_CharInfo[  0] /* address of first character */
  ,&GUI_FontWQY18_Prop2 /* pointer to next GUI_FONT_PROP_EXT */
};

GUI_CONST_STORAGE GUI_FONT GUI_FontWQY18 = {
   GUI_FONTTYPE_PROP_AA4_EXT /* type of font    */
  ,22 /* height of font  */
  ,22 /* space of font y */
  ,1 /* magnification x */
  ,1 /* magnification y */
  ,{&GUI_FontWQY18_Prop1}
  ,18 /* Baseline */
  ,10 /* Height of lowercase characters */
  ,14 /* Height of capital characters */
};

