/*********************************************************************
*                SEGGER Microcontroller GmbH & Co. KG                *
*        Solutions for real time microcontroller applications        *
*                           www.segger.com                           *
**********************************************************************
*                                                                    *
* C-file generated by                                                *
*                                                                    *
*        Font converter for emWin version 5.20                       *
*        Compiled Feb 19 2013, 11:55:34                              *
*        (C) 1998 - 2013 Segger Microcontroller GmbH & Co. KG        *
*                                                                    *
**********************************************************************
*                                                                    *
* Source file: WQY24.c                                               *
* Font:        文泉驿微米黑                                          *
* Height:      29                                                    *
*                                                                    *
**********************************************************************
*                                                                    *
* Initial font height: 29                                            *
* Range disabled: 0000 - FFFF                                        *
* Read pattern file: C:\Users\xin.fang\Desktop\font\TXT - 副本\font24_29.txt*
*                                                                    *
**********************************************************************
*/

#include "GUI.h"

#ifndef GUI_CONST_STORAGE
  #define GUI_CONST_STORAGE const
#endif

/* The following line needs to be included in any file selecting the
   font.
*/
extern GUI_CONST_STORAGE GUI_FONT GUI_FontWQY24;

/* Start of unicode area <Basic Latin> */
GUI_CONST_STORAGE unsigned char acGUI_FontWQY24_0020[  1] = { /* code 0020, SPACE */
  0x00
};

GUI_CONST_STORAGE unsigned char acGUI_FontWQY24_0021[ 36] = { /* code 0021, EXCLAMATION MARK */
  0xFF, 0xD0,
  0xEF, 0xD0,
  0xDF, 0xB0,
  0xCF, 0xB0,
  0xBF, 0xA0,
  0xBF, 0x90,
  0x9F, 0x90,
  0x9F, 0x70,
  0x8F, 0x70,
  0x7F, 0x60,
  0x7F, 0x60,
  0x6F, 0x50,
  0x6F, 0x40,
  0x00, 0x00,
  0x00, 0x00,
  0x9F, 0xB0,
  0xFF, 0xF1,
  0x9F, 0xB0
};

GUI_CONST_STORAGE unsigned char acGUI_FontWQY24_0022[ 24] = { /* code 0022, QUOTATION MARK */
  0xFF, 0x60, 0xFF, 0x60,
  0xDF, 0x40, 0xDF, 0x40,
  0xCF, 0x30, 0xCF, 0x30,
  0xBF, 0x20, 0xBF, 0x20,
  0x9F, 0x00, 0x9F, 0x00,
  0x8E, 0x00, 0x8E, 0x00
};

GUI_CONST_STORAGE unsigned char acGUI_FontWQY24_0023[126] = { /* code 0023, NUMBER SIGN */
  0x00, 0x00, 0x1F, 0xB0, 0x00, 0xDE, 0x00,
  0x00, 0x00, 0x4F, 0x80, 0x01, 0xFB, 0x00,
  0x00, 0x00, 0x7F, 0x50, 0x03, 0xF8, 0x00,
  0x00, 0x00, 0x9F, 0x30, 0x06, 0xF6, 0x00,
  0x00, 0x00, 0xCF, 0x00, 0x08, 0xF3, 0x00,
  0x0F, 0xFF, 0xFF, 0xFF, 0xFF, 0xFF, 0xFF,
  0x09, 0x9A, 0xFD, 0x99, 0x9F, 0xE9, 0x99,
  0x00, 0x04, 0xF8, 0x00, 0x1F, 0xB0, 0x00,
  0x00, 0x07, 0xF5, 0x00, 0x3F, 0x80, 0x00,
  0x00, 0x09, 0xF3, 0x00, 0x5F, 0x60, 0x00,
  0x00, 0x0B, 0xF1, 0x00, 0x8F, 0x40, 0x00,
  0x99, 0x9E, 0xF9, 0x99, 0xDF, 0xA9, 0x90,
  0xFF, 0xFF, 0xFF, 0xFF, 0xFF, 0xFF, 0xF0,
  0x00, 0x4F, 0x80, 0x00, 0xFC, 0x00, 0x00,
  0x00, 0x6F, 0x60, 0x03, 0xF9, 0x00, 0x00,
  0x00, 0x9F, 0x30, 0x05, 0xF7, 0x00, 0x00,
  0x00, 0xBF, 0x10, 0x08, 0xF4, 0x00, 0x00,
  0x00, 0xED, 0x00, 0x0B, 0xF1, 0x00, 0x00
};

GUI_CONST_STORAGE unsigned char acGUI_FontWQY24_0024[105] = { /* code 0024, DOLLAR SIGN */
  0x00, 0x00, 0xFB, 0x00, 0x00,
  0x00, 0x00, 0xFB, 0x00, 0x00,
  0x01, 0x8D, 0xFF, 0xEB, 0x82,
  0x2E, 0xFF, 0xFF, 0xFF, 0xF7,
  0xAF, 0xC2, 0xFB, 0x03, 0x81,
  0xEF, 0x40, 0xFB, 0x00, 0x00,
  0xFF, 0x30, 0xFB, 0x00, 0x00,
  0xCF, 0x80, 0xFB, 0x00, 0x00,
  0x5F, 0xFA, 0xFB, 0x00, 0x00,
  0x05, 0xEF, 0xFE, 0x81, 0x00,
  0x00, 0x06, 0xFF, 0xFF, 0x70,
  0x00, 0x00, 0xFC, 0x9F, 0xF6,
  0x00, 0x00, 0xFB, 0x07, 0xFD,
  0x00, 0x00, 0xFB, 0x02, 0xFF,
  0x00, 0x00, 0xFB, 0x04, 0xFE,
  0xB5, 0x10, 0xFB, 0x4D, 0xF9,
  0xFF, 0xFE, 0xFF, 0xFF, 0xB1,
  0x5B, 0xDF, 0xFF, 0xB5, 0x00,
  0x00, 0x00, 0xFB, 0x00, 0x00,
  0x00, 0x00, 0xFB, 0x00, 0x00,
  0x00, 0x00, 0xFB, 0x00, 0x00
};

GUI_CONST_STORAGE unsigned char acGUI_FontWQY24_0025[180] = { /* code 0025, PERCENT SIGN */
  0x05, 0xDF, 0xC4, 0x00, 0x00, 0x00, 0x04, 0xFD, 0x10, 0x00,
  0x3F, 0xE9, 0xEF, 0x20, 0x00, 0x00, 0x0D, 0xF5, 0x00, 0x00,
  0x9F, 0x40, 0x4F, 0x90, 0x00, 0x00, 0x7F, 0xA0, 0x00, 0x00,
  0xDE, 0x00, 0x0E, 0xC0, 0x00, 0x02, 0xFE, 0x20, 0x00, 0x00,
  0xFD, 0x00, 0x0D, 0xF0, 0x00, 0x0B, 0xF6, 0x00, 0x00, 0x00,
  0xFD, 0x00, 0x0D, 0xF0, 0x00, 0x6F, 0xC0, 0x00, 0x00, 0x00,
  0xFD, 0x00, 0x0D, 0xF0, 0x01, 0xEF, 0x30, 0x00, 0x00, 0x00,
  0xCE, 0x00, 0x0E, 0xC0, 0x0A, 0xF8, 0x05, 0xDF, 0xC4, 0x00,
  0x9F, 0x40, 0x4F, 0x90, 0x4F, 0xD1, 0x3F, 0xE9, 0xEF, 0x20,
  0x2F, 0xE9, 0xEF, 0x30, 0xDF, 0x40, 0x9F, 0x40, 0x4F, 0x90,
  0x04, 0xDF, 0xC4, 0x08, 0xFA, 0x00, 0xDE, 0x00, 0x0E, 0xC0,
  0x00, 0x00, 0x00, 0x3F, 0xE1, 0x00, 0xFD, 0x00, 0x0D, 0xF0,
  0x00, 0x00, 0x00, 0xCF, 0x60, 0x00, 0xFD, 0x00, 0x0D, 0xF0,
  0x00, 0x00, 0x06, 0xFC, 0x00, 0x00, 0xFD, 0x00, 0x0D, 0xF0,
  0x00, 0x00, 0x2E, 0xF3, 0x00, 0x00, 0xCE, 0x00, 0x0E, 0xD0,
  0x00, 0x00, 0xAF, 0x80, 0x00, 0x00, 0x9F, 0x40, 0x4F, 0x90,
  0x00, 0x05, 0xFD, 0x00, 0x00, 0x00, 0x2F, 0xE9, 0xEF, 0x30,
  0x00, 0x1D, 0xF4, 0x00, 0x00, 0x00, 0x04, 0xDF, 0xD4, 0x00
};

GUI_CONST_STORAGE unsigned char acGUI_FontWQY24_0026[162] = { /* code 0026, AMPERSAND */
  0x00, 0x03, 0xAE, 0xFE, 0xB3, 0x00, 0x00, 0x00, 0x00,
  0x00, 0x4F, 0xFF, 0xDF, 0xFF, 0x40, 0x00, 0x00, 0x00,
  0x00, 0xBF, 0xB1, 0x01, 0xBF, 0xC0, 0x00, 0x00, 0x00,
  0x00, 0xFF, 0x40, 0x00, 0x4F, 0xF0, 0x00, 0x00, 0x00,
  0x00, 0xEF, 0x40, 0x00, 0x5F, 0xE0, 0x00, 0x00, 0x00,
  0x00, 0xBF, 0xA0, 0x01, 0xCF, 0x90, 0x00, 0x00, 0x00,
  0x00, 0x3F, 0xF6, 0x3C, 0xFD, 0x10, 0x00, 0x00, 0x00,
  0x00, 0x07, 0xFF, 0xFF, 0xB1, 0x00, 0x00, 0x00, 0x00,
  0x00, 0x07, 0xFF, 0xFA, 0x00, 0x00, 0x00, 0x00, 0x00,
  0x02, 0xCF, 0xFC, 0xFF, 0x60, 0x00, 0x05, 0xFD, 0x00,
  0x2E, 0xFC, 0x20, 0x8F, 0xF7, 0x00, 0x09, 0xF9, 0x00,
  0xAF, 0xC1, 0x00, 0x07, 0xFF, 0x70, 0x1F, 0xF3, 0x00,
  0xEF, 0x60, 0x00, 0x00, 0x7F, 0xF7, 0xAF, 0xB0, 0x00,
  0xFF, 0x50, 0x00, 0x00, 0x07, 0xFF, 0xFF, 0x30, 0x00,
  0xDF, 0xA0, 0x00, 0x00, 0x00, 0xBF, 0xF9, 0x00, 0x00,
  0x7F, 0xF8, 0x20, 0x01, 0x6C, 0xFF, 0xFF, 0x70, 0x00,
  0x0A, 0xFF, 0xFF, 0xFF, 0xFF, 0xD4, 0x5F, 0xF7, 0x00,
  0x00, 0x5A, 0xEF, 0xFE, 0xB6, 0x00, 0x05, 0xFF, 0x70
};

GUI_CONST_STORAGE unsigned char acGUI_FontWQY24_0027[ 12] = { /* code 0027, APOSTROPHE */
  0xFF, 0x60,
  0xDF, 0x40,
  0xCF, 0x30,
  0xBF, 0x20,
  0x9F, 0x00,
  0x8E, 0x00
};

GUI_CONST_STORAGE unsigned char acGUI_FontWQY24_0028[ 66] = { /* code 0028, LEFT PARENTHESIS */
  0x00, 0x09, 0xFA,
  0x00, 0x4F, 0xE1,
  0x00, 0xDF, 0x70,
  0x06, 0xFE, 0x00,
  0x0C, 0xF7, 0x00,
  0x3F, 0xF2, 0x00,
  0x7F, 0xD0, 0x00,
  0xAF, 0xA0, 0x00,
  0xCF, 0x70, 0x00,
  0xEF, 0x60, 0x00,
  0xFF, 0x40, 0x00,
  0xFF, 0x40, 0x00,
  0xEF, 0x60, 0x00,
  0xDF, 0x70, 0x00,
  0xBF, 0xA0, 0x00,
  0x7F, 0xD0, 0x00,
  0x3F, 0xF2, 0x00,
  0x0D, 0xF7, 0x00,
  0x07, 0xFD, 0x00,
  0x00, 0xEF, 0x60,
  0x00, 0x5F, 0xE1,
  0x00, 0x09, 0xFA
};

GUI_CONST_STORAGE unsigned char acGUI_FontWQY24_0029[ 66] = { /* code 0029, RIGHT PARENTHESIS */
  0xAF, 0x90, 0x00,
  0x1E, 0xF5, 0x00,
  0x06, 0xFD, 0x00,
  0x00, 0xDF, 0x60,
  0x00, 0x7F, 0xC0,
  0x00, 0x2F, 0xF3,
  0x00, 0x0D, 0xF7,
  0x00, 0x0A, 0xFA,
  0x00, 0x07, 0xFC,
  0x00, 0x06, 0xFE,
  0x00, 0x04, 0xFF,
  0x00, 0x04, 0xFF,
  0x00, 0x06, 0xFE,
  0x00, 0x07, 0xFD,
  0x00, 0x09, 0xFB,
  0x00, 0x0D, 0xF7,
  0x00, 0x2F, 0xF3,
  0x00, 0x7F, 0xD0,
  0x00, 0xDF, 0x70,
  0x06, 0xFE, 0x00,
  0x1D, 0xF5, 0x00,
  0x9F, 0x90, 0x00
};

GUI_CONST_STORAGE unsigned char acGUI_FontWQY24_002A[ 66] = { /* code 002A, ASTERISK */
  0x00, 0x00, 0x0F, 0xF0, 0x00, 0x00,
  0x00, 0x00, 0x0D, 0xD0, 0x00, 0x00,
  0x00, 0x00, 0x0B, 0xB0, 0x00, 0x00,
  0x36, 0x20, 0x0A, 0xA0, 0x02, 0x63,
  0x7F, 0xFD, 0x9B, 0xB9, 0xDF, 0xF7,
  0x5B, 0xCD, 0xEF, 0xFE, 0xDC, 0xB6,
  0x00, 0x00, 0x6F, 0xF6, 0x00, 0x00,
  0x00, 0x03, 0xFA, 0xBF, 0x30, 0x00,
  0x00, 0x1D, 0xF4, 0x4F, 0xD1, 0x00,
  0x00, 0xBF, 0xD0, 0x0C, 0xFB, 0x00,
  0x00, 0x29, 0x70, 0x06, 0xA2, 0x00
};

GUI_CONST_STORAGE unsigned char acGUI_FontWQY24_002B[ 72] = { /* code 002B, PLUS SIGN */
  0x00, 0x00, 0x0B, 0xA0, 0x00, 0x00,
  0x00, 0x00, 0x0F, 0xD0, 0x00, 0x00,
  0x00, 0x00, 0x0F, 0xD0, 0x00, 0x00,
  0x00, 0x00, 0x0F, 0xD0, 0x00, 0x00,
  0x00, 0x00, 0x0F, 0xD0, 0x00, 0x00,
  0xBF, 0xFF, 0xFF, 0xFF, 0xFF, 0xF9,
  0xAD, 0xDD, 0xDF, 0xFD, 0xDD, 0xD8,
  0x00, 0x00, 0x0F, 0xD0, 0x00, 0x00,
  0x00, 0x00, 0x0F, 0xD0, 0x00, 0x00,
  0x00, 0x00, 0x0F, 0xD0, 0x00, 0x00,
  0x00, 0x00, 0x0F, 0xD0, 0x00, 0x00,
  0x00, 0x00, 0x07, 0x70, 0x00, 0x00
};

GUI_CONST_STORAGE unsigned char acGUI_FontWQY24_002C[ 12] = { /* code 002C, COMMA */
  0x0A, 0xFE,
  0x0D, 0xF9,
  0x2F, 0xF3,
  0x5F, 0xC0,
  0x9F, 0x60,
  0xDE, 0x00
};

GUI_CONST_STORAGE unsigned char acGUI_FontWQY24_002D[  6] = { /* code 002D, HYPHEN-MINUS */
  0xFF, 0xFF, 0xFF,
  0xFF, 0xFF, 0xFF
};

GUI_CONST_STORAGE unsigned char acGUI_FontWQY24_002E[  6] = { /* code 002E, FULL STOP */
  0x9F, 0x90,
  0xFF, 0xF0,
  0x9F, 0x90
};

GUI_CONST_STORAGE unsigned char acGUI_FontWQY24_002F[ 90] = { /* code 002F, SOLIDUS */
  0x00, 0x00, 0x00, 0x06, 0xFC,
  0x00, 0x00, 0x00, 0x0C, 0xF6,
  0x00, 0x00, 0x00, 0x3F, 0xE1,
  0x00, 0x00, 0x00, 0x8F, 0x90,
  0x00, 0x00, 0x00, 0xEF, 0x30,
  0x00, 0x00, 0x05, 0xFC, 0x00,
  0x00, 0x00, 0x0B, 0xF6, 0x00,
  0x00, 0x00, 0x2F, 0xF1, 0x00,
  0x00, 0x00, 0x8F, 0xA0, 0x00,
  0x00, 0x00, 0xEF, 0x40, 0x00,
  0x00, 0x04, 0xFD, 0x00, 0x00,
  0x00, 0x0B, 0xF7, 0x00, 0x00,
  0x00, 0x2F, 0xF1, 0x00, 0x00,
  0x00, 0x7F, 0xA0, 0x00, 0x00,
  0x00, 0xDF, 0x40, 0x00, 0x00,
  0x04, 0xFD, 0x00, 0x00, 0x00,
  0x0A, 0xF7, 0x00, 0x00, 0x00,
  0x1F, 0xF2, 0x00, 0x00, 0x00
};

GUI_CONST_STORAGE unsigned char acGUI_FontWQY24_0030[108] = { /* code 0030, DIGIT ZERO */
  0x00, 0x18, 0xCF, 0xFC, 0x70, 0x00,
  0x01, 0xDF, 0xFE, 0xEF, 0xFB, 0x10,
  0x0B, 0xFD, 0x30, 0x04, 0xEF, 0x90,
  0x3F, 0xF3, 0x00, 0x00, 0x3F, 0xF2,
  0x7F, 0xB0, 0x00, 0x00, 0x0C, 0xF7,
  0xBF, 0x80, 0x00, 0x00, 0x08, 0xFA,
  0xDF, 0x60, 0x00, 0x00, 0x06, 0xFD,
  0xFF, 0x40, 0x00, 0x00, 0x04, 0xFE,
  0xFF, 0x40, 0x00, 0x00, 0x04, 0xFF,
  0xFF, 0x40, 0x00, 0x00, 0x04, 0xFF,
  0xEF, 0x40, 0x00, 0x00, 0x04, 0xFF,
  0xDF, 0x60, 0x00, 0x00, 0x06, 0xFD,
  0xAF, 0x80, 0x00, 0x00, 0x08, 0xFB,
  0x7F, 0xB0, 0x00, 0x00, 0x0C, 0xF7,
  0x2F, 0xF3, 0x00, 0x00, 0x3F, 0xF3,
  0x09, 0xFD, 0x30, 0x04, 0xEF, 0xA0,
  0x01, 0xBF, 0xFE, 0xEF, 0xFD, 0x10,
  0x00, 0x07, 0xCF, 0xFC, 0x71, 0x00
};

GUI_CONST_STORAGE unsigned char acGUI_FontWQY24_0031[ 72] = { /* code 0031, DIGIT ONE */
  0x00, 0x05, 0xEF, 0x20,
  0x00, 0x7F, 0xFF, 0x20,
  0x1A, 0xFB, 0xEF, 0x20,
  0xBF, 0xB1, 0xFF, 0x20,
  0x49, 0x00, 0xFF, 0x20,
  0x00, 0x00, 0xFF, 0x20,
  0x00, 0x00, 0xFF, 0x20,
  0x00, 0x00, 0xFF, 0x20,
  0x00, 0x00, 0xFF, 0x20,
  0x00, 0x00, 0xFF, 0x20,
  0x00, 0x00, 0xFF, 0x20,
  0x00, 0x00, 0xFF, 0x20,
  0x00, 0x00, 0xFF, 0x20,
  0x00, 0x00, 0xFF, 0x20,
  0x00, 0x00, 0xFF, 0x20,
  0x00, 0x00, 0xFF, 0x20,
  0x00, 0x00, 0xFF, 0x20,
  0x00, 0x00, 0xFF, 0x20
};

GUI_CONST_STORAGE unsigned char acGUI_FontWQY24_0032[108] = { /* code 0032, DIGIT TWO */
  0x00, 0x6B, 0xEF, 0xEB, 0x60, 0x00,
  0x4D, 0xFF, 0xFD, 0xFF, 0xFB, 0x00,
  0xAF, 0xC4, 0x00, 0x06, 0xFF, 0x70,
  0x05, 0x00, 0x00, 0x00, 0x8F, 0xD0,
  0x00, 0x00, 0x00, 0x00, 0x4F, 0xF0,
  0x00, 0x00, 0x00, 0x00, 0x5F, 0xE0,
  0x00, 0x00, 0x00, 0x00, 0x8F, 0xB0,
  0x00, 0x00, 0x00, 0x01, 0xEF, 0x50,
  0x00, 0x00, 0x00, 0x0A, 0xFB, 0x00,
  0x00, 0x00, 0x00, 0x8F, 0xD1, 0x00,
  0x00, 0x00, 0x07, 0xFE, 0x20, 0x00,
  0x00, 0x00, 0x7F, 0xE3, 0x00, 0x00,
  0x00, 0x07, 0xFE, 0x30, 0x00, 0x00,
  0x00, 0x7F, 0xE3, 0x00, 0x00, 0x00,
  0x07, 0xFE, 0x30, 0x00, 0x00, 0x00,
  0x7F, 0xD2, 0x00, 0x00, 0x00, 0x00,
  0xFF, 0xFF, 0xFF, 0xFF, 0xFF, 0xFB,
  0xFF, 0xFF, 0xFF, 0xFF, 0xFF, 0xFB
};

GUI_CONST_STORAGE unsigned char acGUI_FontWQY24_0033[108] = { /* code 0033, DIGIT THREE */
  0x02, 0x8C, 0xEF, 0xEB, 0x60, 0x00,
  0x8F, 0xFF, 0xED, 0xFF, 0xFB, 0x10,
  0x7F, 0x83, 0x00, 0x06, 0xEF, 0x80,
  0x02, 0x00, 0x00, 0x00, 0x8F, 0xE0,
  0x00, 0x00, 0x00, 0x00, 0x4F, 0xF0,
  0x00, 0x00, 0x00, 0x00, 0x6F, 0xD0,
  0x00, 0x00, 0x00, 0x01, 0xCF, 0x80,
  0x00, 0x00, 0x01, 0x4C, 0xFB, 0x10,
  0x00, 0x0F, 0xFF, 0xFC, 0x50, 0x00,
  0x00, 0x0D, 0xDD, 0xFF, 0xD8, 0x10,
  0x00, 0x00, 0x00, 0x03, 0xAF, 0xD2,
  0x00, 0x00, 0x00, 0x00, 0x0A, 0xFB,
  0x00, 0x00, 0x00, 0x00, 0x04, 0xFF,
  0x00, 0x00, 0x00, 0x00, 0x05, 0xFF,
  0x00, 0x00, 0x00, 0x00, 0x0B, 0xFB,
  0xC7, 0x30, 0x00, 0x03, 0xBF, 0xF4,
  0xFF, 0xFF, 0xDD, 0xFF, 0xFF, 0x60,
  0x39, 0xCE, 0xFF, 0xEC, 0x81, 0x00
};

GUI_CONST_STORAGE unsigned char acGUI_FontWQY24_0034[126] = { /* code 0034, DIGIT FOUR */
  0x00, 0x00, 0x00, 0x00, 0x7F, 0xF2, 0x00,
  0x00, 0x00, 0x00, 0x04, 0xFF, 0xF2, 0x00,
  0x00, 0x00, 0x00, 0x1D, 0xEE, 0xF2, 0x00,
  0x00, 0x00, 0x00, 0xBF, 0x6D, 0xF2, 0x00,
  0x00, 0x00, 0x07, 0xFB, 0x0E, 0xF2, 0x00,
  0x00, 0x00, 0x3F, 0xE2, 0x0F, 0xF2, 0x00,
  0x00, 0x01, 0xDF, 0x40, 0x0F, 0xF2, 0x00,
  0x00, 0x0A, 0xF8, 0x00, 0x0F, 0xF2, 0x00,
  0x00, 0x6F, 0xB0, 0x00, 0x0F, 0xF2, 0x00,
  0x03, 0xEE, 0x20, 0x00, 0x0F, 0xF2, 0x00,
  0x0C, 0xF4, 0x00, 0x00, 0x0F, 0xF2, 0x00,
  0x9F, 0x80, 0x00, 0x00, 0x0F, 0xF2, 0x00,
  0xFF, 0xFF, 0xFF, 0xFF, 0xFF, 0xFF, 0xFF,
  0xFF, 0xFF, 0xFF, 0xFF, 0xFF, 0xFF, 0xFF,
  0x00, 0x00, 0x00, 0x00, 0x0F, 0xF2, 0x00,
  0x00, 0x00, 0x00, 0x00, 0x0F, 0xF2, 0x00,
  0x00, 0x00, 0x00, 0x00, 0x0F, 0xF2, 0x00,
  0x00, 0x00, 0x00, 0x00, 0x0F, 0xF2, 0x00
};

GUI_CONST_STORAGE unsigned char acGUI_FontWQY24_0035[108] = { /* code 0035, DIGIT FIVE */
  0x6F, 0xFF, 0xFF, 0xFF, 0xFB, 0x00,
  0x7F, 0xFF, 0xFF, 0xFF, 0xFB, 0x00,
  0x7F, 0x80, 0x00, 0x00, 0x00, 0x00,
  0x9F, 0x70, 0x00, 0x00, 0x00, 0x00,
  0xAF, 0x60, 0x00, 0x00, 0x00, 0x00,
  0xBF, 0x40, 0x00, 0x00, 0x00, 0x00,
  0xDF, 0x30, 0x00, 0x00, 0x00, 0x00,
  0xEF, 0xDE, 0xFF, 0xD9, 0x30, 0x00,
  0xCF, 0xFD, 0xDF, 0xFF, 0xF7, 0x00,
  0x02, 0x00, 0x00, 0x3B, 0xFF, 0x40,
  0x00, 0x00, 0x00, 0x00, 0xBF, 0xB0,
  0x00, 0x00, 0x00, 0x00, 0x6F, 0xF0,
  0x00, 0x00, 0x00, 0x00, 0x4F, 0xF0,
  0x00, 0x00, 0x00, 0x00, 0x6F, 0xD0,
  0x00, 0x00, 0x00, 0x00, 0xCF, 0x90,
  0xC6, 0x20, 0x00, 0x3B, 0xFE, 0x20,
  0xFF, 0xFE, 0xDE, 0xFF, 0xE4, 0x00,
  0x49, 0xDF, 0xFE, 0xC8, 0x10, 0x00
};

GUI_CONST_STORAGE unsigned char acGUI_FontWQY24_0036[108] = { /* code 0036, DIGIT SIX */
  0x00, 0x00, 0x49, 0xDF, 0xFE, 0x80,
  0x00, 0x1B, 0xFF, 0xFE, 0xDE, 0x90,
  0x01, 0xCF, 0xE7, 0x20, 0x00, 0x10,
  0x08, 0xFE, 0x20, 0x00, 0x00, 0x00,
  0x1F, 0xF6, 0x00, 0x00, 0x00, 0x00,
  0x6F, 0xD0, 0x00, 0x00, 0x00, 0x00,
  0xAF, 0xA0, 0x00, 0x00, 0x00, 0x00,
  0xCF, 0x72, 0xAE, 0xFE, 0xB5, 0x00,
  0xEF, 0x8E, 0xFC, 0xBE, 0xFF, 0xA0,
  0xFF, 0xFA, 0x10, 0x00, 0x5F, 0xF6,
  0xFF, 0xB0, 0x00, 0x00, 0x08, 0xFB,
  0xEF, 0x40, 0x00, 0x00, 0x03, 0xFF,
  0xCF, 0x50, 0x00, 0x00, 0x02, 0xFF,
  0x8F, 0x90, 0x00, 0x00, 0x04, 0xFD,
  0x3F, 0xF2, 0x00, 0x00, 0x0B, 0xFA,
  0x0A, 0xFD, 0x40, 0x01, 0x9F, 0xF3,
  0x01, 0xBF, 0xFE, 0xDF, 0xFF, 0x60,
  0x00, 0x06, 0xBF, 0xFD, 0xA3, 0x00
};

GUI_CONST_STORAGE unsigned char acGUI_FontWQY24_0037[108] = { /* code 0037, DIGIT SEVEN */
  0xFF, 0xFF, 0xFF, 0xFF, 0xFF, 0xFF,
  0xFF, 0xFF, 0xFF, 0xFF, 0xFF, 0xFF,
  0x00, 0x00, 0x00, 0x00, 0x07, 0xF9,
  0x00, 0x00, 0x00, 0x00, 0x1E, 0xF3,
  0x00, 0x00, 0x00, 0x00, 0x7F, 0xA0,
  0x00, 0x00, 0x00, 0x01, 0xEF, 0x30,
  0x00, 0x00, 0x00, 0x07, 0xFA, 0x00,
  0x00, 0x00, 0x00, 0x1E, 0xF3, 0x00,
  0x00, 0x00, 0x00, 0x7F, 0xB0, 0x00,
  0x00, 0x00, 0x01, 0xEF, 0x40, 0x00,
  0x00, 0x00, 0x07, 0xFB, 0x00, 0x00,
  0x00, 0x00, 0x1E, 0xF4, 0x00, 0x00,
  0x00, 0x00, 0x7F, 0xC0, 0x00, 0x00,
  0x00, 0x01, 0xEF, 0x50, 0x00, 0x00,
  0x00, 0x07, 0xFC, 0x00, 0x00, 0x00,
  0x00, 0x1E, 0xF5, 0x00, 0x00, 0x00,
  0x00, 0x7F, 0xC0, 0x00, 0x00, 0x00,
  0x01, 0xEF, 0x60, 0x00, 0x00, 0x00
};

GUI_CONST_STORAGE unsigned char acGUI_FontWQY24_0038[108] = { /* code 0038, DIGIT EIGHT */
  0x00, 0x17, 0xCF, 0xFC, 0x71, 0x00,
  0x01, 0xDF, 0xFE, 0xEF, 0xFD, 0x10,
  0x09, 0xFD, 0x30, 0x03, 0xDF, 0x90,
  0x0E, 0xF5, 0x00, 0x00, 0x5F, 0xE0,
  0x0F, 0xF2, 0x00, 0x00, 0x2F, 0xF0,
  0x0D, 0xF5, 0x00, 0x00, 0x5F, 0xD0,
  0x07, 0xFC, 0x10, 0x01, 0xCF, 0x70,
  0x00, 0xBF, 0xD4, 0x4D, 0xFA, 0x00,
  0x00, 0x1A, 0xFF, 0xFE, 0x70, 0x00,
  0x00, 0x4C, 0xFE, 0xFF, 0xA3, 0x00,
  0x08, 0xFD, 0x60, 0x3A, 0xFF, 0x60,
  0x6F, 0xD1, 0x00, 0x00, 0x4E, 0xF5,
  0xDF, 0x50, 0x00, 0x00, 0x05, 0xFD,
  0xFF, 0x20, 0x00, 0x00, 0x02, 0xFF,
  0xDF, 0x60, 0x00, 0x00, 0x07, 0xFD,
  0x8F, 0xE6, 0x10, 0x01, 0x7E, 0xF7,
  0x0B, 0xFF, 0xFD, 0xDF, 0xFF, 0x90,
  0x00, 0x5A, 0xEF, 0xFD, 0xA4, 0x00
};

GUI_CONST_STORAGE unsigned char acGUI_FontWQY24_0039[108] = { /* code 0039, DIGIT NINE */
  0x00, 0x3A, 0xDF, 0xFC, 0x60, 0x00,
  0x06, 0xFF, 0xFD, 0xEF, 0xFB, 0x10,
  0x3F, 0xF9, 0x10, 0x04, 0xDF, 0xA0,
  0xAF, 0xB0, 0x00, 0x00, 0x2E, 0xF3,
  0xDF, 0x40, 0x00, 0x00, 0x08, 0xF8,
  0xFF, 0x20, 0x00, 0x00, 0x04, 0xFC,
  0xFF, 0x30, 0x00, 0x00, 0x04, 0xFE,
  0xBF, 0x80, 0x00, 0x00, 0x0A, 0xFF,
  0x6F, 0xF5, 0x00, 0x01, 0x9F, 0xFF,
  0x0A, 0xFF, 0xEB, 0xCF, 0xE7, 0xFE,
  0x00, 0x5B, 0xEF, 0xEA, 0x26, 0xFC,
  0x00, 0x00, 0x00, 0x00, 0x08, 0xFA,
  0x00, 0x00, 0x00, 0x00, 0x0D, 0xF6,
  0x00, 0x00, 0x00, 0x00, 0x4F, 0xF1,
  0x00, 0x00, 0x00, 0x01, 0xDF, 0x80,
  0x00, 0x00, 0x00, 0x5D, 0xFD, 0x10,
  0x09, 0xCB, 0xCE, 0xFF, 0xB1, 0x00,
  0x08, 0xEF, 0xFD, 0x94, 0x00, 0x00
};

GUI_CONST_STORAGE unsigned char acGUI_FontWQY24_003A[ 26] = { /* code 003A, COLON */
  0x9F, 0x90,
  0xFF, 0xF0,
  0x9F, 0x90,
  0x00, 0x00,
  0x00, 0x00,
  0x00, 0x00,
  0x00, 0x00,
  0x00, 0x00,
  0x00, 0x00,
  0x00, 0x00,
  0x9F, 0x90,
  0xFF, 0xF0,
  0x9F, 0x90
};

GUI_CONST_STORAGE unsigned char acGUI_FontWQY24_003B[ 32] = { /* code 003B, SEMICOLON */
  0x09, 0xF9,
  0x0F, 0xFF,
  0x09, 0xF9,
  0x00, 0x00,
  0x00, 0x00,
  0x00, 0x00,
  0x00, 0x00,
  0x00, 0x00,
  0x00, 0x00,
  0x00, 0x00,
  0x0A, 0xFE,
  0x0D, 0xF9,
  0x2F, 0xF3,
  0x5F, 0xC0,
  0x9F, 0x60,
  0xDE, 0x00
};

GUI_CONST_STORAGE unsigned char acGUI_FontWQY24_003C[ 72] = { /* code 003C, LESS-THAN SIGN */
  0x00, 0x00, 0x00, 0x00, 0x00, 0x5B,
  0x00, 0x00, 0x00, 0x00, 0x6D, 0xFF,
  0x00, 0x00, 0x01, 0x7E, 0xFE, 0x93,
  0x00, 0x02, 0x9F, 0xFD, 0x71, 0x00,
  0x03, 0xAF, 0xFB, 0x40, 0x00, 0x00,
  0xBF, 0xE8, 0x20, 0x00, 0x00, 0x00,
  0xEF, 0xE8, 0x20, 0x00, 0x00, 0x00,
  0x06, 0xCF, 0xFB, 0x40, 0x00, 0x00,
  0x00, 0x04, 0xAF, 0xFD, 0x71, 0x00,
  0x00, 0x00, 0x02, 0x9E, 0xFF, 0x93,
  0x00, 0x00, 0x00, 0x01, 0x7D, 0xFF,
  0x00, 0x00, 0x00, 0x00, 0x00, 0x5C
};

GUI_CONST_STORAGE unsigned char acGUI_FontWQY24_003D[ 42] = { /* code 003D, EQUALS SIGN */
  0xFF, 0xFF, 0xFF, 0xFF, 0xFF, 0xFF,
  0xDD, 0xDD, 0xDD, 0xDD, 0xDD, 0xDD,
  0x00, 0x00, 0x00, 0x00, 0x00, 0x00,
  0x00, 0x00, 0x00, 0x00, 0x00, 0x00,
  0x00, 0x00, 0x00, 0x00, 0x00, 0x00,
  0xFF, 0xFF, 0xFF, 0xFF, 0xFF, 0xFF,
  0xDD, 0xDD, 0xDD, 0xDD, 0xDD, 0xDD
};

GUI_CONST_STORAGE unsigned char acGUI_FontWQY24_003E[ 72] = { /* code 003E, GREATER-THAN SIGN */
  0xB5, 0x00, 0x00, 0x00, 0x00, 0x00,
  0xFF, 0xD6, 0x00, 0x00, 0x00, 0x00,
  0x39, 0xEF, 0xE7, 0x10, 0x00, 0x00,
  0x00, 0x17, 0xDF, 0xF9, 0x20, 0x00,
  0x00, 0x00, 0x04, 0xBF, 0xFA, 0x30,
  0x00, 0x00, 0x00, 0x02, 0x8E, 0xFB,
  0x00, 0x00, 0x00, 0x02, 0x8E, 0xFE,
  0x00, 0x00, 0x04, 0xBF, 0xFC, 0x60,
  0x00, 0x17, 0xDF, 0xFA, 0x40, 0x00,
  0x39, 0xFF, 0xE9, 0x20, 0x00, 0x00,
  0xFF, 0xD7, 0x10, 0x00, 0x00, 0x00,
  0xC5, 0x00, 0x00, 0x00, 0x00, 0x00
};

GUI_CONST_STORAGE unsigned char acGUI_FontWQY24_003F[ 90] = { /* code 003F, QUESTION MARK */
  0x16, 0xAE, 0xFF, 0xC7, 0x00,
  0xCF, 0xFF, 0xFF, 0xFF, 0xC1,
  0x6B, 0x51, 0x00, 0x4E, 0xF8,
  0x00, 0x00, 0x00, 0x05, 0xFD,
  0x00, 0x00, 0x00, 0x02, 0xFF,
  0x00, 0x00, 0x00, 0x03, 0xFE,
  0x00, 0x00, 0x00, 0x0A, 0xFA,
  0x00, 0x00, 0x00, 0x9F, 0xE2,
  0x00, 0x00, 0x1B, 0xFE, 0x30,
  0x00, 0x01, 0xDF, 0xD3, 0x00,
  0x00, 0x09, 0xFD, 0x10, 0x00,
  0x00, 0x0E, 0xF4, 0x00, 0x00,
  0x00, 0x0F, 0xF2, 0x00, 0x00,
  0x00, 0x00, 0x00, 0x00, 0x00,
  0x00, 0x00, 0x00, 0x00, 0x00,
  0x00, 0x9F, 0xB0, 0x00, 0x00,
  0x00, 0xFF, 0xF1, 0x00, 0x00,
  0x00, 0x9F, 0xB0, 0x00, 0x00
};

GUI_CONST_STORAGE unsigned char acGUI_FontWQY24_0040[200] = { /* code 0040, COMMERCIAL AT */
  0x00, 0x00, 0x00, 0x38, 0xCE, 0xFF, 0xDA, 0x60, 0x00, 0x00,
  0x00, 0x00, 0x3C, 0xFF, 0xDB, 0x9A, 0xCF, 0xFE, 0x50, 0x00,
  0x00, 0x06, 0xFE, 0x82, 0x00, 0x00, 0x01, 0x7E, 0xF8, 0x00,
  0x00, 0x6F, 0xC2, 0x00, 0x00, 0x00, 0x00, 0x01, 0xDF, 0x60,
  0x03, 0xFC, 0x10, 0x00, 0x00, 0x00, 0x00, 0x00, 0x1E, 0xE1,
  0x0C, 0xF2, 0x00, 0x04, 0xBE, 0xFF, 0xCA, 0x20, 0x07, 0xF7,
  0x3F, 0xA0, 0x00, 0x7F, 0xFA, 0x9A, 0xEF, 0x40, 0x01, 0xFB,
  0x8F, 0x40, 0x04, 0xFD, 0x20, 0x00, 0xBF, 0x30, 0x00, 0xDE,
  0xCF, 0x00, 0x0B, 0xF5, 0x00, 0x00, 0xBF, 0x20, 0x00, 0xBF,
  0xED, 0x00, 0x0E, 0xF1, 0x00, 0x00, 0xDF, 0x10, 0x00, 0xCF,
  0xFD, 0x00, 0x0F, 0xF0, 0x00, 0x00, 0xEF, 0x00, 0x00, 0xEC,
  0xFD, 0x00, 0x0E, 0xF1, 0x00, 0x02, 0xFF, 0x00, 0x03, 0xF9,
  0xDE, 0x00, 0x0A, 0xF7, 0x00, 0x0A, 0xFF, 0x30, 0x0B, 0xF3,
  0xBF, 0x20, 0x02, 0xEF, 0xB9, 0xCF, 0x5D, 0xE9, 0xCF, 0x90,
  0x6F, 0x80, 0x00, 0x3B, 0xFF, 0xC4, 0x02, 0xCF, 0xD7, 0x00,
  0x1E, 0xE2, 0x00, 0x00, 0x00, 0x00, 0x00, 0x00, 0x00, 0x00,
  0x06, 0xFD, 0x20, 0x00, 0x00, 0x00, 0x00, 0x00, 0x00, 0x00,
  0x00, 0x8F, 0xE7, 0x10, 0x00, 0x00, 0x03, 0x80, 0x00, 0x00,
  0x00, 0x05, 0xEF, 0xFC, 0xB9, 0xBC, 0xFF, 0xF0, 0x00, 0x00,
  0x00, 0x00, 0x06, 0xAD, 0xFF, 0xFD, 0xB8, 0x30, 0x00, 0x00
};

GUI_CONST_STORAGE unsigned char acGUI_FontWQY24_0041[162] = { /* code 0041, LATIN CAPITAL LETTER A */
  0x00, 0x00, 0x00, 0x0B, 0xFB, 0x00, 0x00, 0x00, 0x00,
  0x00, 0x00, 0x00, 0x1F, 0xFF, 0x20, 0x00, 0x00, 0x00,
  0x00, 0x00, 0x00, 0x7F, 0xEF, 0x70, 0x00, 0x00, 0x00,
  0x00, 0x00, 0x00, 0xCF, 0x5F, 0xD0, 0x00, 0x00, 0x00,
  0x00, 0x00, 0x03, 0xFD, 0x0D, 0xF3, 0x00, 0x00, 0x00,
  0x00, 0x00, 0x09, 0xF7, 0x07, 0xF9, 0x00, 0x00, 0x00,
  0x00, 0x00, 0x0E, 0xF2, 0x02, 0xFE, 0x00, 0x00, 0x00,
  0x00, 0x00, 0x5F, 0xB0, 0x00, 0xBF, 0x50, 0x00, 0x00,
  0x00, 0x00, 0xBF, 0x60, 0x00, 0x5F, 0xB0, 0x00, 0x00,
  0x00, 0x01, 0xFF, 0x10, 0x00, 0x1E, 0xF1, 0x00, 0x00,
  0x00, 0x07, 0xFF, 0xFF, 0xFF, 0xFF, 0xF7, 0x00, 0x00,
  0x00, 0x0C, 0xFD, 0xDD, 0xDD, 0xDD, 0xFC, 0x00, 0x00,
  0x00, 0x3F, 0xD0, 0x00, 0x00, 0x00, 0xDF, 0x30, 0x00,
  0x00, 0x8F, 0x80, 0x00, 0x00, 0x00, 0x8F, 0x90, 0x00,
  0x00, 0xEF, 0x30, 0x00, 0x00, 0x00, 0x3F, 0xE0, 0x00,
  0x05, 0xFD, 0x00, 0x00, 0x00, 0x00, 0x0D, 0xF5, 0x00,
  0x0A, 0xF8, 0x00, 0x00, 0x00, 0x00, 0x08, 0xFA, 0x00,
  0x1F, 0xF3, 0x00, 0x00, 0x00, 0x00, 0x03, 0xFF, 0x10
};

GUI_CONST_STORAGE unsigned char acGUI_FontWQY24_0042[108] = { /* code 0042, LATIN CAPITAL LETTER B */
  0xFF, 0xFF, 0xFF, 0xEB, 0x60, 0x00,
  0xFF, 0xED, 0xDD, 0xFF, 0xFC, 0x10,
  0xFF, 0x40, 0x00, 0x05, 0xEF, 0x90,
  0xFF, 0x40, 0x00, 0x00, 0x7F, 0xD0,
  0xFF, 0x40, 0x00, 0x00, 0x4F, 0xF0,
  0xFF, 0x40, 0x00, 0x00, 0x4F, 0xE0,
  0xFF, 0x40, 0x00, 0x00, 0x9F, 0xA0,
  0xFF, 0x40, 0x00, 0x27, 0xFE, 0x20,
  0xFF, 0xFF, 0xFF, 0xFE, 0x81, 0x00,
  0xFF, 0xED, 0xDD, 0xDF, 0xE9, 0x20,
  0xFF, 0x40, 0x00, 0x01, 0x8F, 0xE3,
  0xFF, 0x40, 0x00, 0x00, 0x0B, 0xFB,
  0xFF, 0x40, 0x00, 0x00, 0x06, 0xFF,
  0xFF, 0x40, 0x00, 0x00, 0x07, 0xFF,
  0xFF, 0x40, 0x00, 0x00, 0x0B, 0xFC,
  0xFF, 0x40, 0x00, 0x02, 0x9F, 0xF6,
  0xFF, 0xED, 0xDD, 0xDF, 0xFF, 0x80,
  0xFF, 0xFF, 0xFF, 0xFE, 0xA4, 0x00
};

GUI_CONST_STORAGE unsigned char acGUI_FontWQY24_0043[108] = { /* code 0043, LATIN CAPITAL LETTER C */
  0x00, 0x00, 0x6B, 0xEF, 0xFC, 0x93,
  0x00, 0x2D, 0xFF, 0xFD, 0xEF, 0xFC,
  0x02, 0xEF, 0xE6, 0x00, 0x02, 0x95,
  0x0B, 0xFE, 0x20, 0x00, 0x00, 0x00,
  0x3F, 0xF6, 0x00, 0x00, 0x00, 0x00,
  0x8F, 0xE0, 0x00, 0x00, 0x00, 0x00,
  0xCF, 0xA0, 0x00, 0x00, 0x00, 0x00,
  0xEF, 0x70, 0x00, 0x00, 0x00, 0x00,
  0xFF, 0x60, 0x00, 0x00, 0x00, 0x00,
  0xFF, 0x60, 0x00, 0x00, 0x00, 0x00,
  0xEF, 0x70, 0x00, 0x00, 0x00, 0x00,
  0xCF, 0x90, 0x00, 0x00, 0x00, 0x00,
  0x9F, 0xD0, 0x00, 0x00, 0x00, 0x00,
  0x5F, 0xF4, 0x00, 0x00, 0x00, 0x00,
  0x0D, 0xFC, 0x10, 0x00, 0x00, 0x00,
  0x04, 0xFF, 0xC3, 0x00, 0x02, 0x80,
  0x00, 0x6F, 0xFF, 0xED, 0xEF, 0xF0,
  0x00, 0x02, 0x9D, 0xFF, 0xEC, 0x70
};

GUI_CONST_STORAGE unsigned char acGUI_FontWQY24_0044[126] = { /* code 0044, LATIN CAPITAL LETTER D */
  0xFF, 0xFF, 0xFF, 0xDA, 0x50, 0x00, 0x00,
  0xFF, 0xED, 0xDD, 0xFF, 0xFC, 0x20, 0x00,
  0xFF, 0x40, 0x00, 0x16, 0xEF, 0xE2, 0x00,
  0xFF, 0x40, 0x00, 0x00, 0x2E, 0xFB, 0x00,
  0xFF, 0x40, 0x00, 0x00, 0x05, 0xFF, 0x30,
  0xFF, 0x40, 0x00, 0x00, 0x00, 0xDF, 0x90,
  0xFF, 0x40, 0x00, 0x00, 0x00, 0x9F, 0xC0,
  0xFF, 0x40, 0x00, 0x00, 0x00, 0x7F, 0xE0,
  0xFF, 0x40, 0x00, 0x00, 0x00, 0x6F, 0xF0,
  0xFF, 0x40, 0x00, 0x00, 0x00, 0x6F, 0xF0,
  0xFF, 0x40, 0x00, 0x00, 0x00, 0x7F, 0xE0,
  0xFF, 0x40, 0x00, 0x00, 0x00, 0xAF, 0xB0,
  0xFF, 0x40, 0x00, 0x00, 0x00, 0xEF, 0x80,
  0xFF, 0x40, 0x00, 0x00, 0x07, 0xFF, 0x30,
  0xFF, 0x40, 0x00, 0x00, 0x3E, 0xFA, 0x00,
  0xFF, 0x40, 0x00, 0x28, 0xFF, 0xD1, 0x00,
  0xFF, 0xED, 0xDE, 0xFF, 0xFB, 0x10, 0x00,
  0xFF, 0xFF, 0xFF, 0xC9, 0x30, 0x00, 0x00
};

GUI_CONST_STORAGE unsigned char acGUI_FontWQY24_0045[ 90] = { /* code 0045, LATIN CAPITAL LETTER E */
  0xFF, 0xFF, 0xFF, 0xFF, 0xF0,
  0xFF, 0xED, 0xDD, 0xDD, 0xD0,
  0xFF, 0x40, 0x00, 0x00, 0x00,
  0xFF, 0x40, 0x00, 0x00, 0x00,
  0xFF, 0x40, 0x00, 0x00, 0x00,
  0xFF, 0x40, 0x00, 0x00, 0x00,
  0xFF, 0x40, 0x00, 0x00, 0x00,
  0xFF, 0x40, 0x00, 0x00, 0x00,
  0xFF, 0xFF, 0xFF, 0xFF, 0xF0,
  0xFF, 0xED, 0xDD, 0xDD, 0xD0,
  0xFF, 0x40, 0x00, 0x00, 0x00,
  0xFF, 0x40, 0x00, 0x00, 0x00,
  0xFF, 0x40, 0x00, 0x00, 0x00,
  0xFF, 0x40, 0x00, 0x00, 0x00,
  0xFF, 0x40, 0x00, 0x00, 0x00,
  0xFF, 0x40, 0x00, 0x00, 0x00,
  0xFF, 0xED, 0xDD, 0xDD, 0xD0,
  0xFF, 0xFF, 0xFF, 0xFF, 0xF0
};

GUI_CONST_STORAGE unsigned char acGUI_FontWQY24_0046[ 90] = { /* code 0046, LATIN CAPITAL LETTER F */
  0xFF, 0xFF, 0xFF, 0xFF, 0xF0,
  0xFF, 0xED, 0xDD, 0xDD, 0xD0,
  0xFF, 0x40, 0x00, 0x00, 0x00,
  0xFF, 0x40, 0x00, 0x00, 0x00,
  0xFF, 0x40, 0x00, 0x00, 0x00,
  0xFF, 0x40, 0x00, 0x00, 0x00,
  0xFF, 0x40, 0x00, 0x00, 0x00,
  0xFF, 0x40, 0x00, 0x00, 0x00,
  0xFF, 0xFF, 0xFF, 0xFF, 0xF0,
  0xFF, 0xED, 0xDD, 0xDD, 0xD0,
  0xFF, 0x40, 0x00, 0x00, 0x00,
  0xFF, 0x40, 0x00, 0x00, 0x00,
  0xFF, 0x40, 0x00, 0x00, 0x00,
  0xFF, 0x40, 0x00, 0x00, 0x00,
  0xFF, 0x40, 0x00, 0x00, 0x00,
  0xFF, 0x40, 0x00, 0x00, 0x00,
  0xFF, 0x40, 0x00, 0x00, 0x00,
  0xFF, 0x40, 0x00, 0x00, 0x00
};

GUI_CONST_STORAGE unsigned char acGUI_FontWQY24_0047[126] = { /* code 0047, LATIN CAPITAL LETTER G */
  0x00, 0x00, 0x4A, 0xDF, 0xFE, 0xB7, 0x20,
  0x00, 0x1B, 0xFF, 0xFD, 0xDF, 0xFF, 0x70,
  0x01, 0xDF, 0xE6, 0x10, 0x00, 0x4A, 0x10,
  0x0A, 0xFE, 0x20, 0x00, 0x00, 0x00, 0x00,
  0x3F, 0xF6, 0x00, 0x00, 0x00, 0x00, 0x00,
  0x8F, 0xE0, 0x00, 0x00, 0x00, 0x00, 0x00,
  0xBF, 0xA0, 0x00, 0x00, 0x00, 0x00, 0x00,
  0xEF, 0x70, 0x00, 0x00, 0x00, 0x00, 0x00,
  0xFF, 0x60, 0x00, 0x00, 0x00, 0x00, 0x00,
  0xFF, 0x60, 0x00, 0x0F, 0xFF, 0xFF, 0xF0,
  0xEF, 0x70, 0x00, 0x0D, 0xDD, 0xEF, 0xF0,
  0xCF, 0xA0, 0x00, 0x00, 0x00, 0x4F, 0xF0,
  0x8F, 0xD0, 0x00, 0x00, 0x00, 0x4F, 0xF0,
  0x4F, 0xF4, 0x00, 0x00, 0x00, 0x4F, 0xF0,
  0x0C, 0xFD, 0x10, 0x00, 0x00, 0x4F, 0xF0,
  0x03, 0xEF, 0xD5, 0x00, 0x00, 0x5F, 0xF0,
  0x00, 0x3D, 0xFF, 0xFD, 0xDE, 0xFF, 0xF0,
  0x00, 0x01, 0x7C, 0xEF, 0xFD, 0xC8, 0x40
};

GUI_CONST_STORAGE unsigned char acGUI_FontWQY24_0048[126] = { /* code 0048, LATIN CAPITAL LETTER H */
  0xFF, 0x40, 0x00, 0x00, 0x00, 0x04, 0xFF,
  0xFF, 0x40, 0x00, 0x00, 0x00, 0x04, 0xFF,
  0xFF, 0x40, 0x00, 0x00, 0x00, 0x04, 0xFF,
  0xFF, 0x40, 0x00, 0x00, 0x00, 0x04, 0xFF,
  0xFF, 0x40, 0x00, 0x00, 0x00, 0x04, 0xFF,
  0xFF, 0x40, 0x00, 0x00, 0x00, 0x04, 0xFF,
  0xFF, 0x40, 0x00, 0x00, 0x00, 0x04, 0xFF,
  0xFF, 0x40, 0x00, 0x00, 0x00, 0x04, 0xFF,
  0xFF, 0xFF, 0xFF, 0xFF, 0xFF, 0xFF, 0xFF,
  0xFF, 0xED, 0xDD, 0xDD, 0xDD, 0xDE, 0xFF,
  0xFF, 0x40, 0x00, 0x00, 0x00, 0x04, 0xFF,
  0xFF, 0x40, 0x00, 0x00, 0x00, 0x04, 0xFF,
  0xFF, 0x40, 0x00, 0x00, 0x00, 0x04, 0xFF,
  0xFF, 0x40, 0x00, 0x00, 0x00, 0x04, 0xFF,
  0xFF, 0x40, 0x00, 0x00, 0x00, 0x04, 0xFF,
  0xFF, 0x40, 0x00, 0x00, 0x00, 0x04, 0xFF,
  0xFF, 0x40, 0x00, 0x00, 0x00, 0x04, 0xFF,
  0xFF, 0x40, 0x00, 0x00, 0x00, 0x04, 0xFF
};

GUI_CONST_STORAGE unsigned char acGUI_FontWQY24_0049[ 72] = { /* code 0049, LATIN CAPITAL LETTER I */
  0x2F, 0xFF, 0xFF, 0xF6,
  0x06, 0x9F, 0xFB, 0x72,
  0x00, 0x0F, 0xF4, 0x00,
  0x00, 0x0F, 0xF4, 0x00,
  0x00, 0x0F, 0xF4, 0x00,
  0x00, 0x0F, 0xF4, 0x00,
  0x00, 0x0F, 0xF4, 0x00,
  0x00, 0x0F, 0xF4, 0x00,
  0x00, 0x0F, 0xF4, 0x00,
  0x00, 0x0F, 0xF4, 0x00,
  0x00, 0x0F, 0xF4, 0x00,
  0x00, 0x0F, 0xF4, 0x00,
  0x00, 0x0F, 0xF4, 0x00,
  0x00, 0x0F, 0xF4, 0x00,
  0x00, 0x0F, 0xF4, 0x00,
  0x00, 0x0F, 0xF4, 0x00,
  0x06, 0x9F, 0xFB, 0x72,
  0x2F, 0xFF, 0xFF, 0xF6
};

GUI_CONST_STORAGE unsigned char acGUI_FontWQY24_004A[ 92] = { /* code 004A, LATIN CAPITAL LETTER J */
  0x00, 0x00, 0x0F, 0xF4,
  0x00, 0x00, 0x0F, 0xF4,
  0x00, 0x00, 0x0F, 0xF4,
  0x00, 0x00, 0x0F, 0xF4,
  0x00, 0x00, 0x0F, 0xF4,
  0x00, 0x00, 0x0F, 0xF4,
  0x00, 0x00, 0x0F, 0xF4,
  0x00, 0x00, 0x0F, 0xF4,
  0x00, 0x00, 0x0F, 0xF4,
  0x00, 0x00, 0x0F, 0xF4,
  0x00, 0x00, 0x0F, 0xF4,
  0x00, 0x00, 0x0F, 0xF4,
  0x00, 0x00, 0x0F, 0xF4,
  0x00, 0x00, 0x0F, 0xF4,
  0x00, 0x00, 0x0F, 0xF4,
  0x00, 0x00, 0x0F, 0xF4,
  0x00, 0x00, 0x0F, 0xF4,
  0x00, 0x00, 0x0F, 0xF4,
  0x00, 0x00, 0x0F, 0xF4,
  0x00, 0x00, 0x3F, 0xF1,
  0x00, 0x01, 0xBF, 0xB0,
  0xFD, 0xDF, 0xFE, 0x20,
  0xDF, 0xFD, 0x81, 0x00
};

GUI_CONST_STORAGE unsigned char acGUI_FontWQY24_004B[126] = { /* code 004B, LATIN CAPITAL LETTER K */
  0xFF, 0x40, 0x00, 0x00, 0x0B, 0xFC, 0x10,
  0xFF, 0x40, 0x00, 0x00, 0x9F, 0xD1, 0x00,
  0xFF, 0x40, 0x00, 0x06, 0xFE, 0x20, 0x00,
  0xFF, 0x40, 0x00, 0x4F, 0xF4, 0x00, 0x00,
  0xFF, 0x40, 0x02, 0xEF, 0x60, 0x00, 0x00,
  0xFF, 0x40, 0x1D, 0xF8, 0x00, 0x00, 0x00,
  0xFF, 0x40, 0xBF, 0xA0, 0x00, 0x00, 0x00,
  0xFF, 0x49, 0xFC, 0x10, 0x00, 0x00, 0x00,
  0xFF, 0x9F, 0xFD, 0x10, 0x00, 0x00, 0x00,
  0xFF, 0xFC, 0xDF, 0x90, 0x00, 0x00, 0x00,
  0xFF, 0xA0, 0x4F, 0xF4, 0x00, 0x00, 0x00,
  0xFF, 0x40, 0x09, 0xFD, 0x10, 0x00, 0x00,
  0xFF, 0x40, 0x01, 0xDF, 0x90, 0x00, 0x00,
  0xFF, 0x40, 0x00, 0x4F, 0xF4, 0x00, 0x00,
  0xFF, 0x40, 0x00, 0x09, 0xFD, 0x10, 0x00,
  0xFF, 0x40, 0x00, 0x01, 0xDF, 0x90, 0x00,
  0xFF, 0x40, 0x00, 0x00, 0x5F, 0xF4, 0x00,
  0xFF, 0x40, 0x00, 0x00, 0x0A, 0xFD, 0x10
};

GUI_CONST_STORAGE unsigned char acGUI_FontWQY24_004C[ 90] = { /* code 004C, LATIN CAPITAL LETTER L */
  0xFF, 0x40, 0x00, 0x00, 0x00,
  0xFF, 0x40, 0x00, 0x00, 0x00,
  0xFF, 0x40, 0x00, 0x00, 0x00,
  0xFF, 0x40, 0x00, 0x00, 0x00,
  0xFF, 0x40, 0x00, 0x00, 0x00,
  0xFF, 0x40, 0x00, 0x00, 0x00,
  0xFF, 0x40, 0x00, 0x00, 0x00,
  0xFF, 0x40, 0x00, 0x00, 0x00,
  0xFF, 0x40, 0x00, 0x00, 0x00,
  0xFF, 0x40, 0x00, 0x00, 0x00,
  0xFF, 0x40, 0x00, 0x00, 0x00,
  0xFF, 0x40, 0x00, 0x00, 0x00,
  0xFF, 0x40, 0x00, 0x00, 0x00,
  0xFF, 0x40, 0x00, 0x00, 0x00,
  0xFF, 0x40, 0x00, 0x00, 0x00,
  0xFF, 0x40, 0x00, 0x00, 0x00,
  0xFF, 0xED, 0xDD, 0xDD, 0xD5,
  0xFF, 0xFF, 0xFF, 0xFF, 0xF6
};

GUI_CONST_STORAGE unsigned char acGUI_FontWQY24_004D[162] = { /* code 004D, LATIN CAPITAL LETTER M */
  0xFF, 0xFB, 0x00, 0x00, 0x00, 0x00, 0x00, 0x8F, 0xFF,
  0xFF, 0xFF, 0x10, 0x00, 0x00, 0x00, 0x00, 0xEF, 0xFF,
  0xFF, 0xDF, 0x70, 0x00, 0x00, 0x00, 0x05, 0xFC, 0xFF,
  0xFF, 0x8F, 0xC0, 0x00, 0x00, 0x00, 0x0B, 0xF7, 0xFF,
  0xFF, 0x3F, 0xF3, 0x00, 0x00, 0x00, 0x1F, 0xE3, 0xFF,
  0xFF, 0x4A, 0xF8, 0x00, 0x00, 0x00, 0x7F, 0x84, 0xFF,
  0xFF, 0x44, 0xFE, 0x00, 0x00, 0x00, 0xDF, 0x34, 0xFF,
  0xFF, 0x40, 0xEF, 0x40, 0x00, 0x03, 0xFC, 0x04, 0xFF,
  0xFF, 0x40, 0x8F, 0xA0, 0x00, 0x09, 0xF6, 0x04, 0xFF,
  0xFF, 0x40, 0x3F, 0xF1, 0x00, 0x0E, 0xF1, 0x04, 0xFF,
  0xFF, 0x40, 0x0C, 0xF6, 0x00, 0x5F, 0xA0, 0x04, 0xFF,
  0xFF, 0x40, 0x07, 0xFB, 0x00, 0xBF, 0x40, 0x04, 0xFF,
  0xFF, 0x40, 0x02, 0xFF, 0x22, 0xFD, 0x00, 0x04, 0xFF,
  0xFF, 0x40, 0x00, 0xBF, 0x88, 0xF8, 0x00, 0x04, 0xFF,
  0xFF, 0x40, 0x00, 0x5F, 0xDD, 0xF2, 0x00, 0x04, 0xFF,
  0xFF, 0x40, 0x00, 0x1E, 0xFF, 0xB0, 0x00, 0x04, 0xFF,
  0xFF, 0x40, 0x00, 0x09, 0xFF, 0x60, 0x00, 0x04, 0xFF,
  0xFF, 0x40, 0x00, 0x04, 0xFE, 0x00, 0x00, 0x04, 0xFF
};

GUI_CONST_STORAGE unsigned char acGUI_FontWQY24_004E[126] = { /* code 004E, LATIN CAPITAL LETTER N */
  0x8D, 0xD3, 0x00, 0x00, 0x00, 0x05, 0xDA,
  0x9F, 0xFC, 0x00, 0x00, 0x00, 0x06, 0xFB,
  0x9F, 0xFF, 0x60, 0x00, 0x00, 0x06, 0xFB,
  0x9F, 0xCF, 0xE1, 0x00, 0x00, 0x06, 0xFB,
  0x9F, 0x6D, 0xF9, 0x00, 0x00, 0x06, 0xFB,
  0x9F, 0x74, 0xFF, 0x30, 0x00, 0x06, 0xFB,
  0x9F, 0x70, 0xAF, 0xC0, 0x00, 0x06, 0xFB,
  0x9F, 0x70, 0x2E, 0xF6, 0x00, 0x06, 0xFB,
  0x9F, 0x70, 0x07, 0xFE, 0x10, 0x06, 0xFB,
  0x9F, 0x70, 0x00, 0xDF, 0x90, 0x06, 0xFB,
  0x9F, 0x70, 0x00, 0x4F, 0xF3, 0x06, 0xFB,
  0x9F, 0x70, 0x00, 0x0A, 0xFC, 0x04, 0xFB,
  0x9F, 0x70, 0x00, 0x02, 0xFF, 0x54, 0xFB,
  0x9F, 0x70, 0x00, 0x00, 0x8F, 0xE4, 0xFB,
  0x9F, 0x70, 0x00, 0x00, 0x0D, 0xFA, 0xFB,
  0x9F, 0x70, 0x00, 0x00, 0x05, 0xFF, 0xFB,
  0x9F, 0x70, 0x00, 0x00, 0x00, 0xBF, 0xFB,
  0x9F, 0x70, 0x00, 0x00, 0x00, 0x2F, 0xFB
};

GUI_CONST_STORAGE unsigned char acGUI_FontWQY24_004F[144] = { /* code 004F, LATIN CAPITAL LETTER O */
  0x00, 0x01, 0x7C, 0xEF, 0xEC, 0x71, 0x00, 0x00,
  0x00, 0x4E, 0xFF, 0xED, 0xEF, 0xFD, 0x30, 0x00,
  0x03, 0xFF, 0xC3, 0x00, 0x03, 0xBF, 0xE3, 0x00,
  0x0D, 0xFC, 0x10, 0x00, 0x00, 0x0B, 0xFC, 0x00,
  0x4F, 0xF3, 0x00, 0x00, 0x00, 0x03, 0xFF, 0x40,
  0x9F, 0xD0, 0x00, 0x00, 0x00, 0x00, 0xCF, 0x90,
  0xCF, 0x90, 0x00, 0x00, 0x00, 0x00, 0x9F, 0xC0,
  0xEF, 0x70, 0x00, 0x00, 0x00, 0x00, 0x7F, 0xE0,
  0xFF, 0x60, 0x00, 0x00, 0x00, 0x00, 0x6F, 0xF0,
  0xFF, 0x60, 0x00, 0x00, 0x00, 0x00, 0x6F, 0xF0,
  0xEF, 0x70, 0x00, 0x00, 0x00, 0x00, 0x7F, 0xE0,
  0xCF, 0x90, 0x00, 0x00, 0x00, 0x00, 0x9F, 0xC0,
  0x9F, 0xD0, 0x00, 0x00, 0x00, 0x00, 0xCF, 0x80,
  0x4F, 0xF4, 0x00, 0x00, 0x00, 0x03, 0xFF, 0x40,
  0x0C, 0xFC, 0x10, 0x00, 0x00, 0x0C, 0xFC, 0x00,
  0x03, 0xFF, 0xC3, 0x00, 0x03, 0xCF, 0xE3, 0x00,
  0x00, 0x4E, 0xFF, 0xED, 0xEF, 0xFD, 0x30, 0x00,
  0x00, 0x01, 0x7C, 0xEF, 0xEC, 0x71, 0x00, 0x00
};

GUI_CONST_STORAGE unsigned char acGUI_FontWQY24_0050[ 90] = { /* code 0050, LATIN CAPITAL LETTER P */
  0xFF, 0xFF, 0xFE, 0xB5, 0x00,
  0xFF, 0xED, 0xDF, 0xFF, 0xA0,
  0xFF, 0x40, 0x01, 0x8F, 0xF6,
  0xFF, 0x40, 0x00, 0x0B, 0xFC,
  0xFF, 0x40, 0x00, 0x07, 0xFF,
  0xFF, 0x40, 0x00, 0x06, 0xFF,
  0xFF, 0x40, 0x00, 0x07, 0xFE,
  0xFF, 0x40, 0x00, 0x0C, 0xFA,
  0xFF, 0x40, 0x01, 0x9F, 0xF3,
  0xFF, 0xED, 0xDF, 0xFF, 0x70,
  0xFF, 0xFF, 0xFD, 0xA3, 0x00,
  0xFF, 0x40, 0x00, 0x00, 0x00,
  0xFF, 0x40, 0x00, 0x00, 0x00,
  0xFF, 0x40, 0x00, 0x00, 0x00,
  0xFF, 0x40, 0x00, 0x00, 0x00,
  0xFF, 0x40, 0x00, 0x00, 0x00,
  0xFF, 0x40, 0x00, 0x00, 0x00,
  0xFF, 0x40, 0x00, 0x00, 0x00
};

GUI_CONST_STORAGE unsigned char acGUI_FontWQY24_0051[184] = { /* code 0051, LATIN CAPITAL LETTER Q */
  0x00, 0x01, 0x7C, 0xEF, 0xEC, 0x71, 0x00, 0x00,
  0x00, 0x4E, 0xFF, 0xED, 0xEF, 0xFD, 0x30, 0x00,
  0x03, 0xFF, 0xC3, 0x00, 0x03, 0xBF, 0xE3, 0x00,
  0x0D, 0xFC, 0x10, 0x00, 0x00, 0x0B, 0xFC, 0x00,
  0x4F, 0xF3, 0x00, 0x00, 0x00, 0x03, 0xFF, 0x40,
  0x9F, 0xD0, 0x00, 0x00, 0x00, 0x00, 0xCF, 0x90,
  0xCF, 0x90, 0x00, 0x00, 0x00, 0x00, 0x9F, 0xC0,
  0xEF, 0x70, 0x00, 0x00, 0x00, 0x00, 0x7F, 0xE0,
  0xFF, 0x60, 0x00, 0x00, 0x00, 0x00, 0x6F, 0xF0,
  0xFF, 0x60, 0x00, 0x00, 0x00, 0x00, 0x6F, 0xF0,
  0xEF, 0x70, 0x00, 0x00, 0x00, 0x00, 0x7F, 0xE0,
  0xCF, 0x90, 0x00, 0x00, 0x00, 0x00, 0x9F, 0xC0,
  0x9F, 0xD0, 0x00, 0x00, 0x00, 0x00, 0xCF, 0x80,
  0x4F, 0xF4, 0x00, 0x00, 0x00, 0x03, 0xFF, 0x30,
  0x0C, 0xFC, 0x10, 0x00, 0x00, 0x0C, 0xFB, 0x00,
  0x03, 0xFF, 0xC3, 0x00, 0x03, 0xCF, 0xE2, 0x00,
  0x00, 0x4E, 0xFF, 0xED, 0xEF, 0xFD, 0x30, 0x00,
  0x00, 0x01, 0x7C, 0xEF, 0xFF, 0xB0, 0x00, 0x00,
  0x00, 0x00, 0x00, 0x00, 0x5F, 0xF2, 0x00, 0x00,
  0x00, 0x00, 0x00, 0x00, 0x0D, 0xFC, 0x10, 0x00,
  0x00, 0x00, 0x00, 0x00, 0x03, 0xFF, 0xB1, 0x00,
  0x00, 0x00, 0x00, 0x00, 0x00, 0x6F, 0xF6, 0x00,
  0x00, 0x00, 0x00, 0x00, 0x00, 0x05, 0xA0, 0x00
};

GUI_CONST_STORAGE unsigned char acGUI_FontWQY24_0052[126] = { /* code 0052, LATIN CAPITAL LETTER R */
  0xFF, 0xFF, 0xFF, 0xD9, 0x40, 0x00, 0x00,
  0xFF, 0xED, 0xDE, 0xFF, 0xF8, 0x00, 0x00,
  0xFF, 0x40, 0x00, 0x2A, 0xFF, 0x60, 0x00,
  0xFF, 0x40, 0x00, 0x00, 0xCF, 0xB0, 0x00,
  0xFF, 0x40, 0x00, 0x00, 0x7F, 0xF0, 0x00,
  0xFF, 0x40, 0x00, 0x00, 0x6F, 0xF0, 0x00,
  0xFF, 0x40, 0x00, 0x00, 0x8F, 0xD0, 0x00,
  0xFF, 0x40, 0x00, 0x00, 0xDF, 0x90, 0x00,
  0xFF, 0x40, 0x00, 0x2B, 0xFE, 0x10, 0x00,
  0xFF, 0xED, 0xDE, 0xFF, 0xC2, 0x00, 0x00,
  0xFF, 0xFF, 0xFF, 0xF9, 0x00, 0x00, 0x00,
  0xFF, 0x40, 0x07, 0xFE, 0x20, 0x00, 0x00,
  0xFF, 0x40, 0x00, 0xCF, 0xB0, 0x00, 0x00,
  0xFF, 0x40, 0x00, 0x3F, 0xF6, 0x00, 0x00,
  0xFF, 0x40, 0x00, 0x09, 0xFE, 0x10, 0x00,
  0xFF, 0x40, 0x00, 0x01, 0xEF, 0xA0, 0x00,
  0xFF, 0x40, 0x00, 0x00, 0x5F, 0xF4, 0x00,
  0xFF, 0x40, 0x00, 0x00, 0x0B, 0xFD, 0x10
};

GUI_CONST_STORAGE unsigned char acGUI_FontWQY24_0053[ 90] = { /* code 0053, LATIN CAPITAL LETTER S */
  0x00, 0x29, 0xDF, 0xFC, 0x82,
  0x02, 0xEF, 0xFD, 0xEF, 0xF8,
  0x09, 0xFD, 0x20, 0x02, 0x93,
  0x0E, 0xF6, 0x00, 0x00, 0x00,
  0x0F, 0xF4, 0x00, 0x00, 0x00,
  0x0E, 0xF6, 0x00, 0x00, 0x00,
  0x0B, 0xFD, 0x10, 0x00, 0x00,
  0x03, 0xFF, 0xD5, 0x00, 0x00,
  0x00, 0x6F, 0xFF, 0xD4, 0x00,
  0x00, 0x02, 0xAF, 0xFF, 0x90,
  0x00, 0x00, 0x03, 0xCF, 0xF6,
  0x00, 0x00, 0x00, 0x0B, 0xFC,
  0x00, 0x00, 0x00, 0x05, 0xFF,
  0x00, 0x00, 0x00, 0x04, 0xFF,
  0x00, 0x00, 0x00, 0x07, 0xFC,
  0x39, 0x30, 0x00, 0x4E, 0xF7,
  0x4F, 0xFE, 0xDE, 0xFF, 0xB0,
  0x17, 0xCE, 0xFF, 0xC7, 0x00
};

GUI_CONST_STORAGE unsigned char acGUI_FontWQY24_0054[108] = { /* code 0054, LATIN CAPITAL LETTER T */
  0xFF, 0xFF, 0xFF, 0xFF, 0xFF, 0xFF,
  0xDD, 0xDD, 0xDF, 0xFE, 0xDD, 0xDD,
  0x00, 0x00, 0x0F, 0xF4, 0x00, 0x00,
  0x00, 0x00, 0x0F, 0xF4, 0x00, 0x00,
  0x00, 0x00, 0x0F, 0xF4, 0x00, 0x00,
  0x00, 0x00, 0x0F, 0xF4, 0x00, 0x00,
  0x00, 0x00, 0x0F, 0xF4, 0x00, 0x00,
  0x00, 0x00, 0x0F, 0xF4, 0x00, 0x00,
  0x00, 0x00, 0x0F, 0xF4, 0x00, 0x00,
  0x00, 0x00, 0x0F, 0xF4, 0x00, 0x00,
  0x00, 0x00, 0x0F, 0xF4, 0x00, 0x00,
  0x00, 0x00, 0x0F, 0xF4, 0x00, 0x00,
  0x00, 0x00, 0x0F, 0xF4, 0x00, 0x00,
  0x00, 0x00, 0x0F, 0xF4, 0x00, 0x00,
  0x00, 0x00, 0x0F, 0xF4, 0x00, 0x00,
  0x00, 0x00, 0x0F, 0xF4, 0x00, 0x00,
  0x00, 0x00, 0x0F, 0xF4, 0x00, 0x00,
  0x00, 0x00, 0x0F, 0xF4, 0x00, 0x00
};

GUI_CONST_STORAGE unsigned char acGUI_FontWQY24_0055[126] = { /* code 0055, LATIN CAPITAL LETTER U */
  0xFF, 0x40, 0x00, 0x00, 0x00, 0x4F, 0xF0,
  0xFF, 0x40, 0x00, 0x00, 0x00, 0x4F, 0xF0,
  0xFF, 0x40, 0x00, 0x00, 0x00, 0x4F, 0xF0,
  0xFF, 0x40, 0x00, 0x00, 0x00, 0x4F, 0xF0,
  0xFF, 0x40, 0x00, 0x00, 0x00, 0x4F, 0xF0,
  0xFF, 0x40, 0x00, 0x00, 0x00, 0x4F, 0xF0,
  0xFF, 0x40, 0x00, 0x00, 0x00, 0x4F, 0xF0,
  0xFF, 0x40, 0x00, 0x00, 0x00, 0x4F, 0xF0,
  0xFF, 0x40, 0x00, 0x00, 0x00, 0x4F, 0xF0,
  0xFF, 0x40, 0x00, 0x00, 0x00, 0x4F, 0xF0,
  0xFF, 0x40, 0x00, 0x00, 0x00, 0x4F, 0xF0,
  0xFF, 0x40, 0x00, 0x00, 0x00, 0x4F, 0xF0,
  0xEF, 0x50, 0x00, 0x00, 0x00, 0x5F, 0xE0,
  0xCF, 0x80, 0x00, 0x00, 0x00, 0x8F, 0xB0,
  0x7F, 0xE1, 0x00, 0x00, 0x01, 0xEF, 0x60,
  0x0D, 0xFC, 0x30, 0x00, 0x3C, 0xFC, 0x00,
  0x02, 0xDF, 0xFE, 0xDE, 0xFF, 0xC2, 0x00,
  0x00, 0x17, 0xCE, 0xFE, 0xB6, 0x00, 0x00
};

GUI_CONST_STORAGE unsigned char acGUI_FontWQY24_0056[144] = { /* code 0056, LATIN CAPITAL LETTER V */
  0x1F, 0xF5, 0x00, 0x00, 0x00, 0x00, 0x5F, 0xF1,
  0x0B, 0xFA, 0x00, 0x00, 0x00, 0x00, 0xAF, 0xB0,
  0x06, 0xFE, 0x00, 0x00, 0x00, 0x00, 0xEF, 0x60,
  0x01, 0xFF, 0x50, 0x00, 0x00, 0x05, 0xFF, 0x10,
  0x00, 0xBF, 0xA0, 0x00, 0x00, 0x09, 0xFB, 0x00,
  0x00, 0x6F, 0xE0, 0x00, 0x00, 0x0E, 0xF6, 0x00,
  0x00, 0x1F, 0xF4, 0x00, 0x00, 0x4F, 0xF1, 0x00,
  0x00, 0x0A, 0xF9, 0x00, 0x00, 0x9F, 0xB0, 0x00,
  0x00, 0x05, 0xFE, 0x00, 0x00, 0xEF, 0x50, 0x00,
  0x00, 0x01, 0xFF, 0x40, 0x03, 0xFF, 0x10, 0x00,
  0x00, 0x00, 0xAF, 0x90, 0x08, 0xFA, 0x00, 0x00,
  0x00, 0x00, 0x5F, 0xE0, 0x0D, 0xF5, 0x00, 0x00,
  0x00, 0x00, 0x1F, 0xF3, 0x3F, 0xF1, 0x00, 0x00,
  0x00, 0x00, 0x0A, 0xF7, 0x7F, 0xA0, 0x00, 0x00,
  0x00, 0x00, 0x05, 0xFB, 0xBF, 0x50, 0x00, 0x00,
  0x00, 0x00, 0x00, 0xEF, 0xFF, 0x10, 0x00, 0x00,
  0x00, 0x00, 0x00, 0xAF, 0xFA, 0x00, 0x00, 0x00,
  0x00, 0x00, 0x00, 0x5F, 0xF5, 0x00, 0x00, 0x00
};

GUI_CONST_STORAGE unsigned char acGUI_FontWQY24_0057[216] = { /* code 0057, LATIN CAPITAL LETTER W */
  0x2F, 0xF4, 0x00, 0x00, 0x00, 0x5F, 0xF5, 0x00, 0x00, 0x00, 0x4F, 0xF2,
  0x0D, 0xF8, 0x00, 0x00, 0x00, 0x9F, 0xFA, 0x00, 0x00, 0x00, 0x8F, 0xD0,
  0x08, 0xFD, 0x00, 0x00, 0x00, 0xDF, 0xFE, 0x00, 0x00, 0x00, 0xBF, 0x90,
  0x04, 0xFF, 0x10, 0x00, 0x02, 0xFC, 0xCF, 0x30, 0x00, 0x00, 0xFF, 0x50,
  0x00, 0xFF, 0x60, 0x00, 0x06, 0xF9, 0x8F, 0x70, 0x00, 0x03, 0xFF, 0x10,
  0x00, 0xBF, 0xA0, 0x00, 0x0A, 0xF5, 0x4F, 0xC0, 0x00, 0x07, 0xFD, 0x00,
  0x00, 0x7F, 0xE0, 0x00, 0x0E, 0xF2, 0x0F, 0xF1, 0x00, 0x0A, 0xF9, 0x00,
  0x00, 0x2F, 0xF3, 0x00, 0x3F, 0xD0, 0x0B, 0xF6, 0x00, 0x0E, 0xF5, 0x00,
  0x00, 0x0D, 0xF7, 0x00, 0x7F, 0x90, 0x06, 0xFA, 0x00, 0x2F, 0xF1, 0x00,
  0x00, 0x09, 0xFB, 0x00, 0xBF, 0x50, 0x02, 0xFE, 0x00, 0x6F, 0xC0, 0x00,
  0x00, 0x05, 0xFE, 0x01, 0xFF, 0x10, 0x00, 0xCF, 0x30, 0x9F, 0x80, 0x00,
  0x00, 0x01, 0xFF, 0x44, 0xFC, 0x00, 0x00, 0x8F, 0x80, 0xDF, 0x50, 0x00,
  0x00, 0x00, 0xCF, 0x77, 0xF8, 0x00, 0x00, 0x4F, 0xC1, 0xFF, 0x10, 0x00,
  0x00, 0x00, 0x7F, 0xAA, 0xF4, 0x00, 0x00, 0x0E, 0xF4, 0xFC, 0x00, 0x00,
  0x00, 0x00, 0x3F, 0xCD, 0xE0, 0x00, 0x00, 0x0A, 0xFA, 0xF8, 0x00, 0x00,
  0x00, 0x00, 0x0E, 0xFF, 0xB0, 0x00, 0x00, 0x06, 0xFF, 0xF4, 0x00, 0x00,
  0x00, 0x00, 0x0A, 0xFF, 0x70, 0x00, 0x00, 0x01, 0xFF, 0xF1, 0x00, 0x00,
  0x00, 0x00, 0x06, 0xFF, 0x30, 0x00, 0x00, 0x00, 0xCF, 0xC0, 0x00, 0x00
};

GUI_CONST_STORAGE unsigned char acGUI_FontWQY24_0058[144] = { /* code 0058, LATIN CAPITAL LETTER X */
  0x1D, 0xF8, 0x00, 0x00, 0x00, 0x00, 0x7F, 0xD1,
  0x03, 0xFF, 0x40, 0x00, 0x00, 0x03, 0xFF, 0x30,
  0x00, 0x7F, 0xD1, 0x00, 0x00, 0x0C, 0xF8, 0x00,
  0x00, 0x0C, 0xFA, 0x00, 0x00, 0x8F, 0xC0, 0x00,
  0x00, 0x02, 0xEF, 0x50, 0x04, 0xFF, 0x20, 0x00,
  0x00, 0x00, 0x6F, 0xE2, 0x1D, 0xF6, 0x00, 0x00,
  0x00, 0x00, 0x0B, 0xFC, 0xAF, 0xB0, 0x00, 0x00,
  0x00, 0x00, 0x01, 0xEF, 0xFE, 0x20, 0x00, 0x00,
  0x00, 0x00, 0x00, 0x6F, 0xF7, 0x00, 0x00, 0x00,
  0x00, 0x00, 0x00, 0xCF, 0xFD, 0x10, 0x00, 0x00,
  0x00, 0x00, 0x07, 0xFC, 0xCF, 0x80, 0x00, 0x00,
  0x00, 0x00, 0x2F, 0xF3, 0x3F, 0xF3, 0x00, 0x00,
  0x00, 0x00, 0xBF, 0x80, 0x09, 0xFC, 0x00, 0x00,
  0x00, 0x06, 0xFD, 0x00, 0x01, 0xEF, 0x70, 0x00,
  0x00, 0x1E, 0xF4, 0x00, 0x00, 0x6F, 0xE2, 0x00,
  0x00, 0xAF, 0x90, 0x00, 0x00, 0x0C, 0xFA, 0x00,
  0x04, 0xFE, 0x10, 0x00, 0x00, 0x03, 0xFF, 0x50,
  0x1D, 0xF5, 0x00, 0x00, 0x00, 0x00, 0xAF, 0xD1
};

GUI_CONST_STORAGE unsigned char acGUI_FontWQY24_0059[144] = { /* code 0059, LATIN CAPITAL LETTER Y */
  0x1E, 0xF7, 0x00, 0x00, 0x00, 0x07, 0xFE, 0x10,
  0x08, 0xFD, 0x00, 0x00, 0x00, 0x0E, 0xF7, 0x00,
  0x01, 0xFF, 0x50, 0x00, 0x00, 0x7F, 0xD0, 0x00,
  0x00, 0x9F, 0xB0, 0x00, 0x01, 0xEF, 0x50, 0x00,
  0x00, 0x2F, 0xF2, 0x00, 0x07, 0xFC, 0x00, 0x00,
  0x00, 0x0A, 0xF9, 0x00, 0x1E, 0xF4, 0x00, 0x00,
  0x00, 0x03, 0xFE, 0x10, 0x8F, 0xB0, 0x00, 0x00,
  0x00, 0x00, 0xBF, 0x71, 0xFF, 0x30, 0x00, 0x00,
  0x00, 0x00, 0x4F, 0xD8, 0xF9, 0x00, 0x00, 0x00,
  0x00, 0x00, 0x0B, 0xFF, 0xF2, 0x00, 0x00, 0x00,
  0x00, 0x00, 0x05, 0xFF, 0x80, 0x00, 0x00, 0x00,
  0x00, 0x00, 0x00, 0xFF, 0x40, 0x00, 0x00, 0x00,
  0x00, 0x00, 0x00, 0xFF, 0x40, 0x00, 0x00, 0x00,
  0x00, 0x00, 0x00, 0xFF, 0x40, 0x00, 0x00, 0x00,
  0x00, 0x00, 0x00, 0xFF, 0x40, 0x00, 0x00, 0x00,
  0x00, 0x00, 0x00, 0xFF, 0x40, 0x00, 0x00, 0x00,
  0x00, 0x00, 0x00, 0xFF, 0x40, 0x00, 0x00, 0x00,
  0x00, 0x00, 0x00, 0xFF, 0x40, 0x00, 0x00, 0x00
};

GUI_CONST_STORAGE unsigned char acGUI_FontWQY24_005A[ 90] = { /* code 005A, LATIN CAPITAL LETTER Z */
  0xFF, 0xFF, 0xFF, 0xFF, 0xF0,
  0xDD, 0xDD, 0xDD, 0xEF, 0xF0,
  0x00, 0x00, 0x00, 0xCF, 0x90,
  0x00, 0x00, 0x04, 0xFF, 0x30,
  0x00, 0x00, 0x0B, 0xFB, 0x00,
  0x00, 0x00, 0x2F, 0xF4, 0x00,
  0x00, 0x00, 0x9F, 0xC0, 0x00,
  0x00, 0x01, 0xFF, 0x60, 0x00,
  0x00, 0x07, 0xFE, 0x00, 0x00,
  0x00, 0x0E, 0xF7, 0x00, 0x00,
  0x00, 0x6F, 0xF1, 0x00, 0x00,
  0x00, 0xCF, 0x90, 0x00, 0x00,
  0x04, 0xFF, 0x30, 0x00, 0x00,
  0x0B, 0xFB, 0x00, 0x00, 0x00,
  0x2F, 0xF4, 0x00, 0x00, 0x00,
  0x9F, 0xC0, 0x00, 0x00, 0x00,
  0xFF, 0xED, 0xDD, 0xDD, 0xD0,
  0xFF, 0xFF, 0xFF, 0xFF, 0xF0
};

GUI_CONST_STORAGE unsigned char acGUI_FontWQY24_005B[ 66] = { /* code 005B, LEFT SQUARE BRACKET */
  0xFF, 0xFF, 0xF0,
  0xFF, 0xED, 0xD0,
  0xFF, 0x40, 0x00,
  0xFF, 0x40, 0x00,
  0xFF, 0x40, 0x00,
  0xFF, 0x40, 0x00,
  0xFF, 0x40, 0x00,
  0xFF, 0x40, 0x00,
  0xFF, 0x40, 0x00,
  0xFF, 0x40, 0x00,
  0xFF, 0x40, 0x00,
  0xFF, 0x40, 0x00,
  0xFF, 0x40, 0x00,
  0xFF, 0x40, 0x00,
  0xFF, 0x40, 0x00,
  0xFF, 0x40, 0x00,
  0xFF, 0x40, 0x00,
  0xFF, 0x40, 0x00,
  0xFF, 0x40, 0x00,
  0xFF, 0x40, 0x00,
  0xFF, 0xED, 0xD0,
  0xFF, 0xFF, 0xF0
};

GUI_CONST_STORAGE unsigned char acGUI_FontWQY24_005C[ 90] = { /* code 005C, REVERSE SOLIDUS */
  0x1F, 0xF2, 0x00, 0x00, 0x00,
  0x0A, 0xF8, 0x00, 0x00, 0x00,
  0x04, 0xFD, 0x00, 0x00, 0x00,
  0x00, 0xDF, 0x40, 0x00, 0x00,
  0x00, 0x7F, 0xB0, 0x00, 0x00,
  0x00, 0x1F, 0xF2, 0x00, 0x00,
  0x00, 0x0A, 0xF7, 0x00, 0x00,
  0x00, 0x04, 0xFD, 0x00, 0x00,
  0x00, 0x00, 0xDF, 0x40, 0x00,
  0x00, 0x00, 0x7F, 0xA0, 0x00,
  0x00, 0x00, 0x2F, 0xF1, 0x00,
  0x00, 0x00, 0x0B, 0xF7, 0x00,
  0x00, 0x00, 0x05, 0xFD, 0x00,
  0x00, 0x00, 0x00, 0xEF, 0x40,
  0x00, 0x00, 0x00, 0x8F, 0x90,
  0x00, 0x00, 0x00, 0x2F, 0xF1,
  0x00, 0x00, 0x00, 0x0B, 0xF6,
  0x00, 0x00, 0x00, 0x05, 0xFC
};

GUI_CONST_STORAGE unsigned char acGUI_FontWQY24_005D[ 66] = { /* code 005D, RIGHT SQUARE BRACKET */
  0xFF, 0xFF, 0xF0,
  0xDD, 0xEF, 0xF0,
  0x00, 0x4F, 0xF0,
  0x00, 0x4F, 0xF0,
  0x00, 0x4F, 0xF0,
  0x00, 0x4F, 0xF0,
  0x00, 0x4F, 0xF0,
  0x00, 0x4F, 0xF0,
  0x00, 0x4F, 0xF0,
  0x00, 0x4F, 0xF0,
  0x00, 0x4F, 0xF0,
  0x00, 0x4F, 0xF0,
  0x00, 0x4F, 0xF0,
  0x00, 0x4F, 0xF0,
  0x00, 0x4F, 0xF0,
  0x00, 0x4F, 0xF0,
  0x00, 0x4F, 0xF0,
  0x00, 0x4F, 0xF0,
  0x00, 0x4F, 0xF0,
  0x00, 0x4F, 0xF0,
  0xDD, 0xEF, 0xF0,
  0xFF, 0xFF, 0xF0
};

GUI_CONST_STORAGE unsigned char acGUI_FontWQY24_005E[ 66] = { /* code 005E, CIRCUMFLEX ACCENT */
  0x00, 0x00, 0x0B, 0xE0, 0x00, 0x00,
  0x00, 0x00, 0x4F, 0xF6, 0x00, 0x00,
  0x00, 0x00, 0xBE, 0xCD, 0x00, 0x00,
  0x00, 0x04, 0xF7, 0x5F, 0x60, 0x00,
  0x00, 0x0B, 0xE1, 0x0D, 0xD0, 0x00,
  0x00, 0x4F, 0x80, 0x07, 0xF5, 0x00,
  0x00, 0xBF, 0x10, 0x01, 0xEC, 0x00,
  0x04, 0xF8, 0x00, 0x00, 0x8F, 0x50,
  0x0B, 0xF2, 0x00, 0x00, 0x1F, 0xC0,
  0x4F, 0x90, 0x00, 0x00, 0x09, 0xF4,
  0xBF, 0x30, 0x00, 0x00, 0x02, 0xFB
};

GUI_CONST_STORAGE unsigned char acGUI_FontWQY24_005F[ 10] = { /* code 005F, LOW LINE */
  0xFF, 0xFF, 0xFF, 0xFF, 0xFF,
  0xBB, 0xBB, 0xBB, 0xBB, 0xBB
};

GUI_CONST_STORAGE unsigned char acGUI_FontWQY24_0060[ 12] = { /* code 0060, GRAVE ACCENT */
  0xCF, 0xE1, 0x00,
  0x2E, 0xF9, 0x00,
  0x03, 0xEF, 0x30,
  0x00, 0x3E, 0xD0
};

GUI_CONST_STORAGE unsigned char acGUI_FontWQY24_0061[ 65] = { /* code 0061, LATIN SMALL LETTER A */
  0x01, 0x7C, 0xFF, 0xEB, 0x40,
  0x0C, 0xFF, 0xDD, 0xFF, 0xF4,
  0x05, 0x72, 0x00, 0x1B, 0xFB,
  0x00, 0x00, 0x00, 0x04, 0xFF,
  0x00, 0x00, 0x00, 0x04, 0xFF,
  0x00, 0x6A, 0xDD, 0xFF, 0xFF,
  0x1C, 0xFF, 0xFF, 0xDE, 0xFF,
  0xAF, 0xE6, 0x10, 0x04, 0xFF,
  0xEF, 0x70, 0x00, 0x04, 0xFF,
  0xFF, 0x40, 0x00, 0x08, 0xFF,
  0xCF, 0xB0, 0x00, 0x6F, 0xFF,
  0x5F, 0xFE, 0xDE, 0xF6, 0xEF,
  0x05, 0xCF, 0xFB, 0x40, 0xBF
};

GUI_CONST_STORAGE unsigned char acGUI_FontWQY24_0062[114] = { /* code 0062, LATIN SMALL LETTER B */
  0xFF, 0x40, 0x00, 0x00, 0x00, 0x00,
  0xFF, 0x40, 0x00, 0x00, 0x00, 0x00,
  0xFF, 0x40, 0x00, 0x00, 0x00, 0x00,
  0xFF, 0x40, 0x00, 0x00, 0x00, 0x00,
  0xFF, 0x40, 0x00, 0x00, 0x00, 0x00,
  0xFF, 0x40, 0x00, 0x00, 0x00, 0x00,
  0xFF, 0x33, 0xAE, 0xFE, 0xA3, 0x00,
  0xFF, 0x7F, 0xFD, 0xDF, 0xFF, 0x50,
  0xFF, 0xF9, 0x10, 0x01, 0xAF, 0xE2,
  0xFF, 0xB0, 0x00, 0x00, 0x0D, 0xF8,
  0xFF, 0x60, 0x00, 0x00, 0x07, 0xFC,
  0xFF, 0x40, 0x00, 0x00, 0x05, 0xFF,
  0xFF, 0x40, 0x00, 0x00, 0x04, 0xFF,
  0xFF, 0x40, 0x00, 0x00, 0x06, 0xFF,
  0xFF, 0x60, 0x00, 0x00, 0x08, 0xFC,
  0xFF, 0xC0, 0x00, 0x00, 0x0D, 0xF8,
  0xFF, 0xF9, 0x10, 0x01, 0xAF, 0xE1,
  0xFE, 0x5F, 0xFD, 0xDF, 0xFF, 0x50,
  0xFB, 0x03, 0xAE, 0xFE, 0xA3, 0x00
};

GUI_CONST_STORAGE unsigned char acGUI_FontWQY24_0063[ 65] = { /* code 0063, LATIN SMALL LETTER C */
  0x00, 0x18, 0xCF, 0xFE, 0xB7,
  0x03, 0xEF, 0xFF, 0xFF, 0xFB,
  0x1E, 0xFC, 0x30, 0x01, 0x53,
  0x7F, 0xE1, 0x00, 0x00, 0x00,
  0xCF, 0x80, 0x00, 0x00, 0x00,
  0xEF, 0x60, 0x00, 0x00, 0x00,
  0xFF, 0x40, 0x00, 0x00, 0x00,
  0xFF, 0x50, 0x00, 0x00, 0x00,
  0xCF, 0x80, 0x00, 0x00, 0x00,
  0x8F, 0xE1, 0x00, 0x00, 0x00,
  0x1E, 0xFC, 0x30, 0x00, 0x46,
  0x03, 0xEF, 0xFF, 0xFF, 0xFB,
  0x00, 0x18, 0xCF, 0xFE, 0xB5
};

GUI_CONST_STORAGE unsigned char acGUI_FontWQY24_0064[114] = { /* code 0064, LATIN SMALL LETTER D */
  0x00, 0x00, 0x00, 0x00, 0x04, 0xFF,
  0x00, 0x00, 0x00, 0x00, 0x04, 0xFF,
  0x00, 0x00, 0x00, 0x00, 0x04, 0xFF,
  0x00, 0x00, 0x00, 0x00, 0x04, 0xFF,
  0x00, 0x00, 0x00, 0x00, 0x04, 0xFF,
  0x00, 0x00, 0x00, 0x00, 0x04, 0xFF,
  0x00, 0x3A, 0xEF, 0xEA, 0x33, 0xFF,
  0x05, 0xFF, 0xFD, 0xDF, 0xF8, 0xFF,
  0x1E, 0xFA, 0x10, 0x01, 0x9F, 0xFF,
  0x8F, 0xD0, 0x00, 0x00, 0x0C, 0xFF,
  0xCF, 0x80, 0x00, 0x00, 0x06, 0xFF,
  0xFF, 0x60, 0x00, 0x00, 0x04, 0xFF,
  0xFF, 0x40, 0x00, 0x00, 0x04, 0xFF,
  0xFF, 0x50, 0x00, 0x00, 0x04, 0xFF,
  0xCF, 0x70, 0x00, 0x00, 0x06, 0xFF,
  0x8F, 0xD0, 0x00, 0x00, 0x0B, 0xFF,
  0x2E, 0xFA, 0x10, 0x01, 0x8F, 0xFF,
  0x05, 0xFF, 0xFD, 0xDF, 0xF5, 0xFF,
  0x00, 0x3A, 0xEF, 0xEA, 0x30, 0xDF
};

GUI_CONST_STORAGE unsigned char acGUI_FontWQY24_0065[ 78] = { /* code 0065, LATIN SMALL LETTER E */
  0x00, 0x29, 0xDF, 0xEB, 0x40, 0x00,
  0x03, 0xEF, 0xFD, 0xEF, 0xF8, 0x00,
  0x1E, 0xF8, 0x00, 0x05, 0xFF, 0x40,
  0x7F, 0xB0, 0x00, 0x00, 0x8F, 0xA0,
  0xCF, 0x60, 0x00, 0x00, 0x5F, 0xE0,
  0xEF, 0xFF, 0xFF, 0xFF, 0xFF, 0xF0,
  0xFF, 0xED, 0xDD, 0xDD, 0xDD, 0xD0,
  0xFF, 0x50, 0x00, 0x00, 0x00, 0x00,
  0xCF, 0x80, 0x00, 0x00, 0x00, 0x00,
  0x7F, 0xE1, 0x00, 0x00, 0x00, 0x00,
  0x1D, 0xFC, 0x30, 0x00, 0x37, 0x40,
  0x02, 0xDF, 0xFF, 0xFF, 0xFF, 0x60,
  0x00, 0x17, 0xCF, 0xFE, 0xC7, 0x10
};

GUI_CONST_STORAGE unsigned char acGUI_FontWQY24_0066[ 76] = { /* code 0066, LATIN SMALL LETTER F */
  0x00, 0x07, 0xDF, 0xEA,
  0x00, 0x5F, 0xFE, 0xEA,
  0x00, 0xBF, 0x90, 0x01,
  0x00, 0xEF, 0x40, 0x00,
  0x00, 0xFF, 0x40, 0x00,
  0x00, 0xFF, 0x40, 0x00,
  0x7D, 0xFF, 0xFF, 0xF0,
  0x99, 0xFF, 0xB9, 0x90,
  0x00, 0xFF, 0x40, 0x00,
  0x00, 0xFF, 0x40, 0x00,
  0x00, 0xFF, 0x40, 0x00,
  0x00, 0xFF, 0x40, 0x00,
  0x00, 0xFF, 0x40, 0x00,
  0x00, 0xFF, 0x40, 0x00,
  0x00, 0xFF, 0x40, 0x00,
  0x00, 0xFF, 0x40, 0x00,
  0x00, 0xFF, 0x40, 0x00,
  0x00, 0xFF, 0x40, 0x00,
  0x00, 0xFF, 0x40, 0x00
};

GUI_CONST_STORAGE unsigned char acGUI_FontWQY24_0067[133] = { /* code 0067, LATIN SMALL LETTER G */
  0x00, 0x19, 0xDF, 0xFF, 0xFF, 0xFF, 0x20,
  0x01, 0xEF, 0xDA, 0xAD, 0xFF, 0xD9, 0x10,
  0x09, 0xFC, 0x10, 0x00, 0xBF, 0x70, 0x00,
  0x0D, 0xF5, 0x00, 0x00, 0x5F, 0xD0, 0x00,
  0x0F, 0xF4, 0x00, 0x00, 0x4F, 0xF0, 0x00,
  0x0E, 0xF5, 0x00, 0x00, 0x5F, 0xE0, 0x00,
  0x09, 0xFD, 0x30, 0x02, 0xDF, 0x90, 0x00,
  0x01, 0xDF, 0xFD, 0xDF, 0xFD, 0x20, 0x00,
  0x00, 0x1D, 0xFF, 0xFD, 0x81, 0x00, 0x00,
  0x00, 0x9F, 0x50, 0x00, 0x00, 0x00, 0x00,
  0x00, 0xFF, 0x30, 0x00, 0x00, 0x00, 0x00,
  0x00, 0xAF, 0xFF, 0xFF, 0xFC, 0x60, 0x00,
  0x03, 0x9F, 0xFF, 0xFF, 0xFF, 0xF7, 0x00,
  0x4F, 0xD3, 0x00, 0x00, 0x29, 0xFD, 0x00,
  0xDF, 0x30, 0x00, 0x00, 0x02, 0xFF, 0x00,
  0xFF, 0x20, 0x00, 0x00, 0x03, 0xFD, 0x00,
  0xCF, 0x80, 0x00, 0x00, 0x2D, 0xF8, 0x00,
  0x4F, 0xFD, 0x99, 0xAC, 0xFF, 0xA0, 0x00,
  0x03, 0x9D, 0xFF, 0xFC, 0x94, 0x00, 0x00
};

GUI_CONST_STORAGE unsigned char acGUI_FontWQY24_0068[114] = { /* code 0068, LATIN SMALL LETTER H */
  0xFF, 0x40, 0x00, 0x00, 0x00, 0x00,
  0xFF, 0x40, 0x00, 0x00, 0x00, 0x00,
  0xFF, 0x40, 0x00, 0x00, 0x00, 0x00,
  0xFF, 0x40, 0x00, 0x00, 0x00, 0x00,
  0xFF, 0x40, 0x00, 0x00, 0x00, 0x00,
  0xFF, 0x40, 0x00, 0x00, 0x00, 0x00,
  0xFF, 0x33, 0xBE, 0xFE, 0xA3, 0x00,
  0xFF, 0x7F, 0xFD, 0xDF, 0xFE, 0x30,
  0xFF, 0xF9, 0x10, 0x03, 0xDF, 0xA0,
  0xFF, 0xB0, 0x00, 0x00, 0x6F, 0xE0,
  0xFF, 0x60, 0x00, 0x00, 0x4F, 0xF0,
  0xFF, 0x40, 0x00, 0x00, 0x4F, 0xF0,
  0xFF, 0x40, 0x00, 0x00, 0x4F, 0xF0,
  0xFF, 0x40, 0x00, 0x00, 0x4F, 0xF0,
  0xFF, 0x40, 0x00, 0x00, 0x4F, 0xF0,
  0xFF, 0x40, 0x00, 0x00, 0x4F, 0xF0,
  0xFF, 0x40, 0x00, 0x00, 0x4F, 0xF0,
  0xFF, 0x40, 0x00, 0x00, 0x4F, 0xF0,
  0xFF, 0x40, 0x00, 0x00, 0x4F, 0xF0
};

GUI_CONST_STORAGE unsigned char acGUI_FontWQY24_0069[ 36] = { /* code 0069, LATIN SMALL LETTER I */
  0x0C, 0xE3,
  0x2F, 0xF6,
  0x0C, 0xE3,
  0x00, 0x00,
  0x00, 0x00,
  0x0F, 0xF4,
  0x0F, 0xF4,
  0x0F, 0xF4,
  0x0F, 0xF4,
  0x0F, 0xF4,
  0x0F, 0xF4,
  0x0F, 0xF4,
  0x0F, 0xF4,
  0x0F, 0xF4,
  0x0F, 0xF4,
  0x0F, 0xF4,
  0x0F, 0xF4,
  0x0F, 0xF4
};

GUI_CONST_STORAGE unsigned char acGUI_FontWQY24_006A[ 72] = { /* code 006A, LATIN SMALL LETTER J */
  0x00, 0x0C, 0xE3,
  0x00, 0x2F, 0xF6,
  0x00, 0x0C, 0xE3,
  0x00, 0x00, 0x00,
  0x00, 0x00, 0x00,
  0x00, 0x0F, 0xF4,
  0x00, 0x0F, 0xF4,
  0x00, 0x0F, 0xF4,
  0x00, 0x0F, 0xF4,
  0x00, 0x0F, 0xF4,
  0x00, 0x0F, 0xF4,
  0x00, 0x0F, 0xF4,
  0x00, 0x0F, 0xF4,
  0x00, 0x0F, 0xF4,
  0x00, 0x0F, 0xF4,
  0x00, 0x0F, 0xF4,
  0x00, 0x0F, 0xF4,
  0x00, 0x0F, 0xF4,
  0x00, 0x0F, 0xF4,
  0x00, 0x0F, 0xF4,
  0x00, 0x0F, 0xF3,
  0x00, 0x4F, 0xF1,
  0xED, 0xFF, 0xA0,
  0xDF, 0xE9, 0x10
};

GUI_CONST_STORAGE unsigned char acGUI_FontWQY24_006B[114] = { /* code 006B, LATIN SMALL LETTER K */
  0xFF, 0x40, 0x00, 0x00, 0x00, 0x00,
  0xFF, 0x40, 0x00, 0x00, 0x00, 0x00,
  0xFF, 0x40, 0x00, 0x00, 0x00, 0x00,
  0xFF, 0x40, 0x00, 0x00, 0x00, 0x00,
  0xFF, 0x40, 0x00, 0x00, 0x00, 0x00,
  0xFF, 0x40, 0x00, 0x00, 0x00, 0x00,
  0xFF, 0x40, 0x00, 0x2E, 0xF7, 0x00,
  0xFF, 0x40, 0x01, 0xDF, 0x90, 0x00,
  0xFF, 0x40, 0x0B, 0xFB, 0x00, 0x00,
  0xFF, 0x30, 0x9F, 0xC1, 0x00, 0x00,
  0xFF, 0x27, 0xFD, 0x10, 0x00, 0x00,
  0xFF, 0x5F, 0xF3, 0x00, 0x00, 0x00,
  0xFF, 0xEF, 0xF9, 0x00, 0x00, 0x00,
  0xFF, 0xC4, 0xEF, 0x50, 0x00, 0x00,
  0xFF, 0x40, 0x6F, 0xE2, 0x00, 0x00,
  0xFF, 0x40, 0x0B, 0xFB, 0x00, 0x00,
  0xFF, 0x40, 0x02, 0xEF, 0x70, 0x00,
  0xFF, 0x40, 0x00, 0x5F, 0xF3, 0x00,
  0xFF, 0x40, 0x00, 0x0A, 0xFD, 0x10
};

GUI_CONST_STORAGE unsigned char acGUI_FontWQY24_006C[ 38] = { /* code 006C, LATIN SMALL LETTER L */
  0xFF, 0x40,
  0xFF, 0x40,
  0xFF, 0x40,
  0xFF, 0x40,
  0xFF, 0x40,
  0xFF, 0x40,
  0xFF, 0x40,
  0xFF, 0x40,
  0xFF, 0x40,
  0xFF, 0x40,
  0xFF, 0x40,
  0xFF, 0x40,
  0xFF, 0x40,
  0xFF, 0x40,
  0xFF, 0x40,
  0xFF, 0x40,
  0xFF, 0x40,
  0xFF, 0x40,
  0xFF, 0x40
};

GUI_CONST_STORAGE unsigned char acGUI_FontWQY24_006D[117] = { /* code 006D, LATIN SMALL LETTER M */
  0xFD, 0x04, 0xBF, 0xFC, 0x50, 0x06, 0xCF, 0xFB, 0x40,
  0xFF, 0x7F, 0xED, 0xEF, 0xF6, 0x9F, 0xED, 0xFF, 0xF4,
  0xFF, 0xF7, 0x00, 0x0B, 0xFE, 0xF6, 0x00, 0x2D, 0xFB,
  0xFF, 0xA0, 0x00, 0x03, 0xFF, 0xA0, 0x00, 0x06, 0xFE,
  0xFF, 0x60, 0x00, 0x00, 0xFF, 0x50, 0x00, 0x04, 0xFF,
  0xFF, 0x40, 0x00, 0x00, 0xFF, 0x40, 0x00, 0x04, 0xFF,
  0xFF, 0x40, 0x00, 0x00, 0xFF, 0x40, 0x00, 0x04, 0xFF,
  0xFF, 0x40, 0x00, 0x00, 0xFF, 0x40, 0x00, 0x04, 0xFF,
  0xFF, 0x40, 0x00, 0x00, 0xFF, 0x40, 0x00, 0x04, 0xFF,
  0xFF, 0x40, 0x00, 0x00, 0xFF, 0x40, 0x00, 0x04, 0xFF,
  0xFF, 0x40, 0x00, 0x00, 0xFF, 0x40, 0x00, 0x04, 0xFF,
  0xFF, 0x40, 0x00, 0x00, 0xFF, 0x40, 0x00, 0x04, 0xFF,
  0xFF, 0x40, 0x00, 0x00, 0xFF, 0x40, 0x00, 0x04, 0xFF
};

GUI_CONST_STORAGE unsigned char acGUI_FontWQY24_006E[ 78] = { /* code 006E, LATIN SMALL LETTER N */
  0xFD, 0x03, 0xBE, 0xFE, 0xA3, 0x00,
  0xFF, 0x5F, 0xFD, 0xDF, 0xFE, 0x30,
  0xFF, 0xF9, 0x10, 0x03, 0xDF, 0xA0,
  0xFF, 0xB0, 0x00, 0x00, 0x6F, 0xE0,
  0xFF, 0x60, 0x00, 0x00, 0x4F, 0xF0,
  0xFF, 0x40, 0x00, 0x00, 0x4F, 0xF0,
  0xFF, 0x40, 0x00, 0x00, 0x4F, 0xF0,
  0xFF, 0x40, 0x00, 0x00, 0x4F, 0xF0,
  0xFF, 0x40, 0x00, 0x00, 0x4F, 0xF0,
  0xFF, 0x40, 0x00, 0x00, 0x4F, 0xF0,
  0xFF, 0x40, 0x00, 0x00, 0x4F, 0xF0,
  0xFF, 0x40, 0x00, 0x00, 0x4F, 0xF0,
  0xFF, 0x40, 0x00, 0x00, 0x4F, 0xF0
};

GUI_CONST_STORAGE unsigned char acGUI_FontWQY24_006F[ 78] = { /* code 006F, LATIN SMALL LETTER O */
  0x00, 0x18, 0xDF, 0xFC, 0x81, 0x00,
  0x03, 0xEF, 0xFD, 0xDF, 0xFE, 0x30,
  0x1E, 0xFA, 0x10, 0x01, 0xAF, 0xD1,
  0x7F, 0xD0, 0x00, 0x00, 0x0D, 0xF7,
  0xCF, 0x70, 0x00, 0x00, 0x07, 0xFC,
  0xEF, 0x50, 0x00, 0x00, 0x05, 0xFE,
  0xFF, 0x40, 0x00, 0x00, 0x04, 0xFF,
  0xEF, 0x50, 0x00, 0x00, 0x05, 0xFE,
  0xCF, 0x80, 0x00, 0x00, 0x08, 0xFC,
  0x7F, 0xD0, 0x00, 0x00, 0x0D, 0xF7,
  0x1D, 0xFA, 0x10, 0x01, 0xAF, 0xE1,
  0x02, 0xEF, 0xFD, 0xDF, 0xFE, 0x30,
  0x00, 0x18, 0xCF, 0xFC, 0x81, 0x00
};

GUI_CONST_STORAGE unsigned char acGUI_FontWQY24_0070[114] = { /* code 0070, LATIN SMALL LETTER P */
  0xFD, 0x03, 0xAE, 0xFE, 0xA3, 0x00,
  0xFF, 0x5F, 0xFD, 0xDF, 0xFF, 0x50,
  0xFF, 0xF8, 0x10, 0x01, 0xAF, 0xE2,
  0xFF, 0xB0, 0x00, 0x00, 0x0D, 0xF8,
  0xFF, 0x60, 0x00, 0x00, 0x07, 0xFC,
  0xFF, 0x40, 0x00, 0x00, 0x05, 0xFF,
  0xFF, 0x40, 0x00, 0x00, 0x04, 0xFF,
  0xFF, 0x40, 0x00, 0x00, 0x06, 0xFF,
  0xFF, 0x60, 0x00, 0x00, 0x08, 0xFC,
  0xFF, 0xC0, 0x00, 0x00, 0x0D, 0xF8,
  0xFF, 0xF9, 0x10, 0x01, 0xAF, 0xE1,
  0xFF, 0x7F, 0xFD, 0xDF, 0xFF, 0x50,
  0xFF, 0x33, 0xAE, 0xFE, 0xA3, 0x00,
  0xFF, 0x40, 0x00, 0x00, 0x00, 0x00,
  0xFF, 0x40, 0x00, 0x00, 0x00, 0x00,
  0xFF, 0x40, 0x00, 0x00, 0x00, 0x00,
  0xFF, 0x40, 0x00, 0x00, 0x00, 0x00,
  0xFF, 0x40, 0x00, 0x00, 0x00, 0x00,
  0xFF, 0x40, 0x00, 0x00, 0x00, 0x00
};

GUI_CONST_STORAGE unsigned char acGUI_FontWQY24_0071[114] = { /* code 0071, LATIN SMALL LETTER Q */
  0x00, 0x3A, 0xEF, 0xEA, 0x30, 0xDF,
  0x05, 0xFF, 0xFD, 0xDF, 0xF6, 0xFF,
  0x1E, 0xFA, 0x10, 0x01, 0x9F, 0xFF,
  0x8F, 0xD0, 0x00, 0x00, 0x0C, 0xFF,
  0xCF, 0x80, 0x00, 0x00, 0x06, 0xFF,
  0xFF, 0x60, 0x00, 0x00, 0x04, 0xFF,
  0xFF, 0x40, 0x00, 0x00, 0x04, 0xFF,
  0xFF, 0x50, 0x00, 0x00, 0x04, 0xFF,
  0xCF, 0x70, 0x00, 0x00, 0x06, 0xFF,
  0x8F, 0xD0, 0x00, 0x00, 0x0B, 0xFF,
  0x2E, 0xFA, 0x10, 0x01, 0x8F, 0xFF,
  0x05, 0xFF, 0xFD, 0xDF, 0xF7, 0xFF,
  0x00, 0x3A, 0xEF, 0xEA, 0x33, 0xFF,
  0x00, 0x00, 0x00, 0x00, 0x04, 0xFF,
  0x00, 0x00, 0x00, 0x00, 0x04, 0xFF,
  0x00, 0x00, 0x00, 0x00, 0x04, 0xFF,
  0x00, 0x00, 0x00, 0x00, 0x04, 0xFF,
  0x00, 0x00, 0x00, 0x00, 0x04, 0xFF,
  0x00, 0x00, 0x00, 0x00, 0x04, 0xFF
};

GUI_CONST_STORAGE unsigned char acGUI_FontWQY24_0072[ 52] = { /* code 0072, LATIN SMALL LETTER R */
  0xFD, 0x01, 0x9E, 0xFD,
  0xFF, 0x1D, 0xFF, 0xFC,
  0xFF, 0xBD, 0x51, 0x01,
  0xFF, 0xE2, 0x00, 0x00,
  0xFF, 0x70, 0x00, 0x00,
  0xFF, 0x40, 0x00, 0x00,
  0xFF, 0x40, 0x00, 0x00,
  0xFF, 0x40, 0x00, 0x00,
  0xFF, 0x40, 0x00, 0x00,
  0xFF, 0x40, 0x00, 0x00,
  0xFF, 0x40, 0x00, 0x00,
  0xFF, 0x40, 0x00, 0x00,
  0xFF, 0x40, 0x00, 0x00
};

GUI_CONST_STORAGE unsigned char acGUI_FontWQY24_0073[ 65] = { /* code 0073, LATIN SMALL LETTER S */
  0x00, 0x3A, 0xEF, 0xFC, 0x93,
  0x05, 0xFF, 0xED, 0xEF, 0xF9,
  0x0D, 0xF8, 0x00, 0x02, 0x72,
  0x0F, 0xF4, 0x00, 0x00, 0x00,
  0x0C, 0xFC, 0x20, 0x00, 0x00,
  0x02, 0xDF, 0xFB, 0x40, 0x00,
  0x00, 0x17, 0xEF, 0xFD, 0x50,
  0x00, 0x00, 0x05, 0xCF, 0xF6,
  0x00, 0x00, 0x00, 0x09, 0xFE,
  0x00, 0x00, 0x00, 0x04, 0xFF,
  0x39, 0x30, 0x00, 0x1A, 0xFC,
  0x4F, 0xFF, 0xDD, 0xFF, 0xF4,
  0x17, 0xCE, 0xFF, 0xD9, 0x30
};

GUI_CONST_STORAGE unsigned char acGUI_FontWQY24_0074[ 68] = { /* code 0074, LATIN SMALL LETTER T */
  0x00, 0x02, 0x00, 0x00,
  0x00, 0x3F, 0x40, 0x00,
  0x00, 0x9F, 0x40, 0x00,
  0x01, 0xEF, 0x40, 0x00,
  0x9F, 0xFF, 0xFF, 0xFD,
  0x99, 0xFF, 0xB9, 0x98,
  0x00, 0xFF, 0x40, 0x00,
  0x00, 0xFF, 0x40, 0x00,
  0x00, 0xFF, 0x40, 0x00,
  0x00, 0xFF, 0x40, 0x00,
  0x00, 0xFF, 0x40, 0x00,
  0x00, 0xFF, 0x40, 0x00,
  0x00, 0xFF, 0x40, 0x00,
  0x00, 0xFF, 0x40, 0x00,
  0x00, 0xCF, 0x90, 0x00,
  0x00, 0x7F, 0xFE, 0xDF,
  0x00, 0x07, 0xDF, 0xEB
};

GUI_CONST_STORAGE unsigned char acGUI_FontWQY24_0075[ 78] = { /* code 0075, LATIN SMALL LETTER U */
  0xFF, 0x40, 0x00, 0x00, 0x4F, 0xF0,
  0xFF, 0x40, 0x00, 0x00, 0x4F, 0xF0,
  0xFF, 0x40, 0x00, 0x00, 0x4F, 0xF0,
  0xFF, 0x40, 0x00, 0x00, 0x4F, 0xF0,
  0xFF, 0x40, 0x00, 0x00, 0x4F, 0xF0,
  0xFF, 0x40, 0x00, 0x00, 0x4F, 0xF0,
  0xFF, 0x40, 0x00, 0x00, 0x4F, 0xF0,
  0xFF, 0x40, 0x00, 0x00, 0x4F, 0xF0,
  0xFF, 0x40, 0x00, 0x00, 0x6F, 0xF0,
  0xEF, 0x60, 0x00, 0x00, 0xBF, 0xF0,
  0xAF, 0xD3, 0x00, 0x19, 0xFF, 0xF0,
  0x3E, 0xFF, 0xDD, 0xFF, 0x5F, 0xF0,
  0x03, 0xAE, 0xFE, 0xB3, 0x0D, 0xF0
};

GUI_CONST_STORAGE unsigned char acGUI_FontWQY24_0076[ 91] = { /* code 0076, LATIN SMALL LETTER V */
  0x1F, 0xF3, 0x00, 0x00, 0x00, 0x3F, 0xF1,
  0x0A, 0xF9, 0x00, 0x00, 0x00, 0x9F, 0xA0,
  0x05, 0xFE, 0x00, 0x00, 0x00, 0xEF, 0x50,
  0x00, 0xEF, 0x40, 0x00, 0x05, 0xFE, 0x00,
  0x00, 0x9F, 0xA0, 0x00, 0x0A, 0xF8, 0x00,
  0x00, 0x3F, 0xF1, 0x00, 0x1F, 0xF3, 0x00,
  0x00, 0x0D, 0xF5, 0x00, 0x6F, 0xC0, 0x00,
  0x00, 0x07, 0xFB, 0x00, 0xBF, 0x60, 0x00,
  0x00, 0x02, 0xFF, 0x12, 0xFF, 0x10, 0x00,
  0x00, 0x00, 0xBF, 0x56, 0xFA, 0x00, 0x00,
  0x00, 0x00, 0x6F, 0xAB, 0xF4, 0x00, 0x00,
  0x00, 0x00, 0x1E, 0xEF, 0xE0, 0x00, 0x00,
  0x00, 0x00, 0x0A, 0xFF, 0x80, 0x00, 0x00
};

GUI_CONST_STORAGE unsigned char acGUI_FontWQY24_0077[143] = { /* code 0077, LATIN SMALL LETTER W */
  0x2F, 0xF3, 0x00, 0x00, 0x0B, 0xFE, 0x00, 0x00, 0x02, 0xFF, 0x20,
  0x0C, 0xF7, 0x00, 0x00, 0x1F, 0xFF, 0x40, 0x00, 0x07, 0xFC, 0x00,
  0x07, 0xFC, 0x00, 0x00, 0x6F, 0xBF, 0x80, 0x00, 0x0B, 0xF7, 0x00,
  0x03, 0xFF, 0x10, 0x00, 0xBF, 0x3F, 0xD0, 0x00, 0x1F, 0xF3, 0x00,
  0x00, 0xDF, 0x50, 0x01, 0xFE, 0x0C, 0xF2, 0x00, 0x5F, 0xD0, 0x00,
  0x00, 0x9F, 0x90, 0x05, 0xF9, 0x08, 0xF7, 0x00, 0x9F, 0x80, 0x00,
  0x00, 0x4F, 0xE0, 0x0A, 0xF5, 0x03, 0xFB, 0x00, 0xEF, 0x40, 0x00,
  0x00, 0x0E, 0xF3, 0x0F, 0xE0, 0x00, 0xEF, 0x13, 0xFE, 0x00, 0x00,
  0x00, 0x0A, 0xF7, 0x4F, 0xA0, 0x00, 0xAF, 0x47, 0xFA, 0x00, 0x00,
  0x00, 0x06, 0xFA, 0x8F, 0x50, 0x00, 0x5F, 0x8A, 0xF5, 0x00, 0x00,
  0x00, 0x01, 0xFD, 0xBF, 0x10, 0x00, 0x1F, 0xCD, 0xF1, 0x00, 0x00,
  0x00, 0x00, 0xBF, 0xFB, 0x00, 0x00, 0x0B, 0xFF, 0xB0, 0x00, 0x00,
  0x00, 0x00, 0x7F, 0xF6, 0x00, 0x00, 0x07, 0xFF, 0x70, 0x00, 0x00
};

GUI_CONST_STORAGE unsigned char acGUI_FontWQY24_0078[ 78] = { /* code 0078, LATIN SMALL LETTER X */
  0x9F, 0xD1, 0x00, 0x00, 0x1D, 0xF9,
  0x1C, 0xF9, 0x00, 0x00, 0x9F, 0xC1,
  0x03, 0xEF, 0x50, 0x05, 0xFE, 0x30,
  0x00, 0x6F, 0xE2, 0x2E, 0xF6, 0x00,
  0x00, 0x09, 0xFB, 0xBF, 0x90, 0x00,
  0x00, 0x01, 0xCF, 0xFC, 0x10, 0x00,
  0x00, 0x00, 0x7F, 0xF7, 0x00, 0x00,
  0x00, 0x02, 0xEF, 0xFE, 0x20, 0x00,
  0x00, 0x0C, 0xF8, 0x8F, 0xC0, 0x00,
  0x00, 0x8F, 0xD0, 0x0D, 0xF8, 0x00,
  0x03, 0xFF, 0x30, 0x03, 0xFF, 0x30,
  0x1D, 0xF8, 0x00, 0x00, 0x8F, 0xD1,
  0xAF, 0xD0, 0x00, 0x00, 0x0D, 0xFA
};

GUI_CONST_STORAGE unsigned char acGUI_FontWQY24_0079[133] = { /* code 0079, LATIN SMALL LETTER Y */
  0x1F, 0xF4, 0x00, 0x00, 0x00, 0x3F, 0xF1,
  0x0A, 0xF9, 0x00, 0x00, 0x00, 0x9F, 0xA0,
  0x04, 0xFE, 0x10, 0x00, 0x00, 0xEF, 0x40,
  0x00, 0xDF, 0x60, 0x00, 0x05, 0xFD, 0x00,
  0x00, 0x7F, 0xB0, 0x00, 0x0B, 0xF8, 0x00,
  0x00, 0x1F, 0xF2, 0x00, 0x2F, 0xF2, 0x00,
  0x00, 0x0A, 0xF8, 0x00, 0x7F, 0xB0, 0x00,
  0x00, 0x04, 0xFD, 0x00, 0xDF, 0x60, 0x00,
  0x00, 0x00, 0xDF, 0x33, 0xFE, 0x00, 0x00,
  0x00, 0x00, 0x7F, 0x88, 0xF9, 0x00, 0x00,
  0x00, 0x00, 0x1F, 0xCD, 0xF3, 0x00, 0x00,
  0x00, 0x00, 0x0A, 0xFF, 0xC0, 0x00, 0x00,
  0x00, 0x00, 0x04, 0xFF, 0x70, 0x00, 0x00,
  0x00, 0x00, 0x02, 0xFF, 0x10, 0x00, 0x00,
  0x00, 0x00, 0x08, 0xFA, 0x00, 0x00, 0x00,
  0x00, 0x00, 0x0E, 0xF4, 0x00, 0x00, 0x00,
  0x00, 0x00, 0x9F, 0xC0, 0x00, 0x00, 0x00,
  0x0E, 0xDE, 0xFE, 0x30, 0x00, 0x00, 0x00,
  0x0D, 0xFF, 0xB3, 0x00, 0x00, 0x00, 0x00
};

GUI_CONST_STORAGE unsigned char acGUI_FontWQY24_007A[ 65] = { /* code 007A, LATIN SMALL LETTER Z */
  0x9F, 0xFF, 0xFF, 0xFF, 0xF0,
  0x69, 0x99, 0x99, 0xCF, 0xF0,
  0x00, 0x00, 0x00, 0xDF, 0x70,
  0x00, 0x00, 0x08, 0xFC, 0x00,
  0x00, 0x00, 0x3F, 0xE2, 0x00,
  0x00, 0x01, 0xDF, 0x60, 0x00,
  0x00, 0x09, 0xFB, 0x00, 0x00,
  0x00, 0x4F, 0xE2, 0x00, 0x00,
  0x01, 0xDF, 0x60, 0x00, 0x00,
  0x09, 0xFB, 0x00, 0x00, 0x00,
  0x4F, 0xE2, 0x00, 0x00, 0x00,
  0xDF, 0xC9, 0x99, 0x99, 0x92,
  0xFF, 0xFF, 0xFF, 0xFF, 0xF4
};

GUI_CONST_STORAGE unsigned char acGUI_FontWQY24_007B[ 88] = { /* code 007B, LEFT CURLY BRACKET */
  0x00, 0x00, 0x6C, 0xF0,
  0x00, 0x06, 0xFF, 0xE0,
  0x00, 0x0D, 0xF8, 0x00,
  0x00, 0x0F, 0xF4, 0x00,
  0x00, 0x0F, 0xF4, 0x00,
  0x00, 0x0F, 0xF4, 0x00,
  0x00, 0x0F, 0xF4, 0x00,
  0x00, 0x0F, 0xF4, 0x00,
  0x00, 0x2F, 0xF2, 0x00,
  0x03, 0xBF, 0xB0, 0x00,
  0xFF, 0xD7, 0x10, 0x00,
  0xDF, 0xEA, 0x10, 0x00,
  0x01, 0x9F, 0xC0, 0x00,
  0x00, 0x1F, 0xF3, 0x00,
  0x00, 0x0F, 0xF4, 0x00,
  0x00, 0x0F, 0xF4, 0x00,
  0x00, 0x0F, 0xF4, 0x00,
  0x00, 0x0F, 0xF4, 0x00,
  0x00, 0x0F, 0xF4, 0x00,
  0x00, 0x0D, 0xF8, 0x00,
  0x00, 0x06, 0xFF, 0xE0,
  0x00, 0x00, 0x5C, 0xF0
};

GUI_CONST_STORAGE unsigned char acGUI_FontWQY24_007C[ 25] = { /* code 007C, VERTICAL LINE */
  0xFD,
  0xFD,
  0xFD,
  0xFD,
  0xFD,
  0xFD,
  0xFD,
  0xFD,
  0xFD,
  0xFD,
  0xFD,
  0xFD,
  0xFD,
  0xFD,
  0xFD,
  0xFD,
  0xFD,
  0xFD,
  0xFD,
  0xFD,
  0xFD,
  0xFD,
  0xFD,
  0xFD,
  0xFD
};

GUI_CONST_STORAGE unsigned char acGUI_FontWQY24_007D[ 88] = { /* code 007D, RIGHT CURLY BRACKET */
  0xFC, 0x60, 0x00, 0x00,
  0xEF, 0xF6, 0x00, 0x00,
  0x08, 0xFD, 0x00, 0x00,
  0x04, 0xFF, 0x00, 0x00,
  0x04, 0xFF, 0x00, 0x00,
  0x04, 0xFF, 0x00, 0x00,
  0x04, 0xFF, 0x00, 0x00,
  0x04, 0xFF, 0x00, 0x00,
  0x02, 0xFF, 0x20, 0x00,
  0x00, 0xBF, 0xB3, 0x00,
  0x00, 0x17, 0xDF, 0xF0,
  0x00, 0x1A, 0xEF, 0xD0,
  0x00, 0xCF, 0x91, 0x00,
  0x03, 0xFF, 0x10, 0x00,
  0x04, 0xFF, 0x00, 0x00,
  0x04, 0xFF, 0x00, 0x00,
  0x04, 0xFF, 0x00, 0x00,
  0x04, 0xFF, 0x00, 0x00,
  0x04, 0xFF, 0x00, 0x00,
  0x08, 0xFD, 0x00, 0x00,
  0xEF, 0xF6, 0x00, 0x00,
  0xFC, 0x50, 0x00, 0x00
};

GUI_CONST_STORAGE unsigned char acGUI_FontWQY24_007E[ 18] = { /* code 007E, TILDE */
  0x3B, 0xEF, 0xEA, 0x51, 0x00, 0x2A,
  0xFF, 0xDD, 0xFF, 0xFF, 0xDD, 0xFF,
  0xA2, 0x00, 0x15, 0xAE, 0xFE, 0xB3
};

/* Start of unicode area <CJK Unified Ideographs> */
GUI_CONST_STORAGE unsigned char acGUI_FontWQY24_4E2D[264] = { /* code 4E2D */
  0x00, 0x00, 0x00, 0x00, 0x03, 0x62, 0x00, 0x00, 0x00, 0x00, 0x00,
  0x00, 0x00, 0x00, 0x00, 0x09, 0xF6, 0x00, 0x00, 0x00, 0x00, 0x00,
  0x00, 0x00, 0x00, 0x00, 0x09, 0xF6, 0x00, 0x00, 0x00, 0x00, 0x00,
  0x00, 0x00, 0x00, 0x00, 0x09, 0xF6, 0x00, 0x00, 0x00, 0x00, 0x00,
  0x27, 0x77, 0x77, 0x77, 0x7C, 0xFA, 0x77, 0x77, 0x77, 0x77, 0x30,
  0x4F, 0xFF, 0xFF, 0xFF, 0xFF, 0xFF, 0xFF, 0xFF, 0xFF, 0xFF, 0x60,
  0x4F, 0xD6, 0x66, 0x66, 0x6B, 0xF9, 0x66, 0x66, 0x66, 0xBF, 0x60,
  0x4F, 0xB0, 0x00, 0x00, 0x09, 0xF6, 0x00, 0x00, 0x00, 0x9F, 0x60,
  0x4F, 0xB0, 0x00, 0x00, 0x09, 0xF6, 0x00, 0x00, 0x00, 0x9F, 0x60,
  0x4F, 0xB0, 0x00, 0x00, 0x09, 0xF6, 0x00, 0x00, 0x00, 0x9F, 0x60,
  0x4F, 0xB0, 0x00, 0x00, 0x09, 0xF6, 0x00, 0x00, 0x00, 0x9F, 0x60,
  0x4F, 0xB0, 0x00, 0x00, 0x09, 0xF6, 0x00, 0x00, 0x00, 0x9F, 0x60,
  0x4F, 0xB0, 0x00, 0x00, 0x09, 0xF6, 0x00, 0x00, 0x00, 0x9F, 0x60,
  0x4F, 0xFD, 0xDD, 0xDD, 0xDE, 0xFE, 0xDD, 0xDD, 0xDD, 0xEF, 0x60,
  0x4F, 0xFF, 0xFF, 0xFF, 0xFF, 0xFF, 0xFF, 0xFF, 0xFF, 0xFF, 0x60,
  0x4F, 0xB0, 0x00, 0x00, 0x09, 0xF6, 0x00, 0x00, 0x00, 0x9F, 0x60,
  0x3B, 0x80, 0x00, 0x00, 0x09, 0xF6, 0x00, 0x00, 0x00, 0x57, 0x30,
  0x00, 0x00, 0x00, 0x00, 0x09, 0xF6, 0x00, 0x00, 0x00, 0x00, 0x00,
  0x00, 0x00, 0x00, 0x00, 0x09, 0xF6, 0x00, 0x00, 0x00, 0x00, 0x00,
  0x00, 0x00, 0x00, 0x00, 0x09, 0xF6, 0x00, 0x00, 0x00, 0x00, 0x00,
  0x00, 0x00, 0x00, 0x00, 0x09, 0xF6, 0x00, 0x00, 0x00, 0x00, 0x00,
  0x00, 0x00, 0x00, 0x00, 0x09, 0xF6, 0x00, 0x00, 0x00, 0x00, 0x00,
  0x00, 0x00, 0x00, 0x00, 0x09, 0xF6, 0x00, 0x00, 0x00, 0x00, 0x00,
  0x00, 0x00, 0x00, 0x00, 0x05, 0x73, 0x00, 0x00, 0x00, 0x00, 0x00
};

GUI_CONST_STORAGE unsigned char acGUI_FontWQY24_51FA[264] = { /* code 51FA */
  0x00, 0x00, 0x00, 0x00, 0x02, 0x41, 0x00, 0x00, 0x00, 0x00, 0x00,
  0x00, 0x00, 0x00, 0x00, 0x09, 0xF6, 0x00, 0x00, 0x00, 0x00, 0x00,
  0x01, 0x42, 0x00, 0x00, 0x09, 0xF6, 0x00, 0x00, 0x03, 0x40, 0x00,
  0x06, 0xF9, 0x00, 0x00, 0x09, 0xF6, 0x00, 0x00, 0x0D, 0xF2, 0x00,
  0x06, 0xF9, 0x00, 0x00, 0x09, 0xF6, 0x00, 0x00, 0x0D, 0xF2, 0x00,
  0x06, 0xF9, 0x00, 0x00, 0x09, 0xF6, 0x00, 0x00, 0x0D, 0xF2, 0x00,
  0x06, 0xF9, 0x00, 0x00, 0x09, 0xF6, 0x00, 0x00, 0x0D, 0xF2, 0x00,
  0x06, 0xF9, 0x00, 0x00, 0x09, 0xF6, 0x00, 0x00, 0x0D, 0xF2, 0x00,
  0x06, 0xFB, 0x44, 0x44, 0x4B, 0xF8, 0x44, 0x44, 0x4E, 0xF2, 0x00,
  0x06, 0xFF, 0xFF, 0xFF, 0xFF, 0xFF, 0xFF, 0xFF, 0xFF, 0xF2, 0x00,
  0x03, 0x99, 0x99, 0x99, 0x9D, 0xFB, 0x99, 0x99, 0x9E, 0xF2, 0x00,
  0x00, 0x00, 0x00, 0x00, 0x09, 0xF6, 0x00, 0x00, 0x05, 0x61, 0x00,
  0x12, 0x10, 0x00, 0x00, 0x09, 0xF6, 0x00, 0x00, 0x00, 0x12, 0x00,
  0x6F, 0x90, 0x00, 0x00, 0x09, 0xF6, 0x00, 0x00, 0x00, 0xBF, 0x20,
  0x6F, 0x90, 0x00, 0x00, 0x09, 0xF6, 0x00, 0x00, 0x00, 0xBF, 0x20,
  0x6F, 0x90, 0x00, 0x00, 0x09, 0xF6, 0x00, 0x00, 0x00, 0xBF, 0x20,
  0x6F, 0x90, 0x00, 0x00, 0x09, 0xF6, 0x00, 0x00, 0x00, 0xBF, 0x20,
  0x6F, 0x90, 0x00, 0x00, 0x09, 0xF6, 0x00, 0x00, 0x00, 0xBF, 0x20,
  0x6F, 0x90, 0x00, 0x00, 0x09, 0xF6, 0x00, 0x00, 0x00, 0xBF, 0x20,
  0x6F, 0x90, 0x00, 0x00, 0x09, 0xF6, 0x00, 0x00, 0x00, 0xBF, 0x20,
  0x6F, 0xEB, 0xBB, 0xBB, 0xBE, 0xFD, 0xBB, 0xBB, 0xBB, 0xEF, 0x20,
  0x6F, 0xFF, 0xFF, 0xFF, 0xFF, 0xFF, 0xFF, 0xFF, 0xFF, 0xFF, 0x20,
  0x12, 0x22, 0x22, 0x22, 0x22, 0x22, 0x22, 0x22, 0x22, 0xCF, 0x20,
  0x00, 0x00, 0x00, 0x00, 0x00, 0x00, 0x00, 0x00, 0x00, 0x34, 0x00
};

GUI_CONST_STORAGE unsigned char acGUI_FontWQY24_5347[288] = { /* code 5347 */
  0x00, 0x00, 0x00, 0x00, 0x00, 0x00, 0x00, 0x01, 0x42, 0x00, 0x00, 0x00,
  0x00, 0x00, 0x00, 0x00, 0x00, 0x48, 0x60, 0x06, 0xF9, 0x00, 0x00, 0x00,
  0x00, 0x00, 0x00, 0x36, 0xAE, 0xFF, 0xE0, 0x06, 0xF9, 0x00, 0x00, 0x00,
  0x03, 0x68, 0xBE, 0xFF, 0xFF, 0xB7, 0x20, 0x06, 0xF9, 0x00, 0x00, 0x00,
  0x09, 0xFF, 0xFE, 0xEF, 0x81, 0x00, 0x00, 0x06, 0xF9, 0x00, 0x00, 0x00,
  0x03, 0x86, 0x30, 0x9F, 0x60, 0x00, 0x00, 0x06, 0xF9, 0x00, 0x00, 0x00,
  0x00, 0x00, 0x00, 0x9F, 0x60, 0x00, 0x00, 0x06, 0xF9, 0x00, 0x00, 0x00,
  0x00, 0x00, 0x00, 0x9F, 0x60, 0x00, 0x00, 0x06, 0xF9, 0x00, 0x00, 0x00,
  0x00, 0x00, 0x00, 0x9F, 0x60, 0x00, 0x00, 0x06, 0xF9, 0x00, 0x00, 0x00,
  0x00, 0x00, 0x00, 0x9F, 0x60, 0x00, 0x00, 0x06, 0xF9, 0x00, 0x00, 0x00,
  0x7D, 0xDD, 0xDD, 0xEF, 0xED, 0xDD, 0xDD, 0xDE, 0xFE, 0xDD, 0xDD, 0x70,
  0x7F, 0xFF, 0xFF, 0xFF, 0xFF, 0xFF, 0xFF, 0xFF, 0xFF, 0xFF, 0xFF, 0x70,
  0x00, 0x00, 0x00, 0x9F, 0x60, 0x00, 0x00, 0x06, 0xF9, 0x00, 0x00, 0x00,
  0x00, 0x00, 0x00, 0xBF, 0x50, 0x00, 0x00, 0x06, 0xF9, 0x00, 0x00, 0x00,
  0x00, 0x00, 0x00, 0xDF, 0x30, 0x00, 0x00, 0x06, 0xF9, 0x00, 0x00, 0x00,
  0x00, 0x00, 0x02, 0xFF, 0x10, 0x00, 0x00, 0x06, 0xF9, 0x00, 0x00, 0x00,
  0x00, 0x00, 0x08, 0xFB, 0x00, 0x00, 0x00, 0x06, 0xF9, 0x00, 0x00, 0x00,
  0x00, 0x00, 0x2F, 0xF5, 0x00, 0x00, 0x00, 0x06, 0xF9, 0x00, 0x00, 0x00,
  0x00, 0x00, 0xBF, 0xC0, 0x00, 0x00, 0x00, 0x06, 0xF9, 0x00, 0x00, 0x00,
  0x00, 0x0A, 0xFE, 0x30, 0x00, 0x00, 0x00, 0x06, 0xF9, 0x00, 0x00, 0x00,
  0x01, 0xBF, 0xF5, 0x00, 0x00, 0x00, 0x00, 0x06, 0xF9, 0x00, 0x00, 0x00,
  0x0C, 0xFF, 0x50, 0x00, 0x00, 0x00, 0x00, 0x06, 0xF9, 0x00, 0x00, 0x00,
  0x04, 0xD3, 0x00, 0x00, 0x00, 0x00, 0x00, 0x06, 0xF9, 0x00, 0x00, 0x00,
  0x00, 0x00, 0x00, 0x00, 0x00, 0x00, 0x00, 0x01, 0x42, 0x00, 0x00, 0x00
};

GUI_CONST_STORAGE unsigned char acGUI_FontWQY24_5382[276] = { /* code 5382 */
  0x01, 0x77, 0x77, 0x77, 0x77, 0x77, 0x77, 0x77, 0x77, 0x77, 0x77, 0x20,
  0x02, 0xFF, 0xFF, 0xFF, 0xFF, 0xFF, 0xFF, 0xFF, 0xFF, 0xFF, 0xFF, 0x40,
  0x02, 0xFD, 0x66, 0x66, 0x66, 0x66, 0x66, 0x66, 0x66, 0x66, 0x66, 0x10,
  0x02, 0xFB, 0x00, 0x00, 0x00, 0x00, 0x00, 0x00, 0x00, 0x00, 0x00, 0x00,
  0x02, 0xFB, 0x00, 0x00, 0x00, 0x00, 0x00, 0x00, 0x00, 0x00, 0x00, 0x00,
  0x02, 0xFB, 0x00, 0x00, 0x00, 0x00, 0x00, 0x00, 0x00, 0x00, 0x00, 0x00,
  0x02, 0xFB, 0x00, 0x00, 0x00, 0x00, 0x00, 0x00, 0x00, 0x00, 0x00, 0x00,
  0x02, 0xFB, 0x00, 0x00, 0x00, 0x00, 0x00, 0x00, 0x00, 0x00, 0x00, 0x00,
  0x02, 0xFB, 0x00, 0x00, 0x00, 0x00, 0x00, 0x00, 0x00, 0x00, 0x00, 0x00,
  0x02, 0xFB, 0x00, 0x00, 0x00, 0x00, 0x00, 0x00, 0x00, 0x00, 0x00, 0x00,
  0x02, 0xFB, 0x00, 0x00, 0x00, 0x00, 0x00, 0x00, 0x00, 0x00, 0x00, 0x00,
  0x03, 0xFB, 0x00, 0x00, 0x00, 0x00, 0x00, 0x00, 0x00, 0x00, 0x00, 0x00,
  0x04, 0xFB, 0x00, 0x00, 0x00, 0x00, 0x00, 0x00, 0x00, 0x00, 0x00, 0x00,
  0x05, 0xFA, 0x00, 0x00, 0x00, 0x00, 0x00, 0x00, 0x00, 0x00, 0x00, 0x00,
  0x07, 0xF9, 0x00, 0x00, 0x00, 0x00, 0x00, 0x00, 0x00, 0x00, 0x00, 0x00,
  0x09, 0xF7, 0x00, 0x00, 0x00, 0x00, 0x00, 0x00, 0x00, 0x00, 0x00, 0x00,
  0x0B, 0xF5, 0x00, 0x00, 0x00, 0x00, 0x00, 0x00, 0x00, 0x00, 0x00, 0x00,
  0x0E, 0xF2, 0x00, 0x00, 0x00, 0x00, 0x00, 0x00, 0x00, 0x00, 0x00, 0x00,
  0x3F, 0xE0, 0x00, 0x00, 0x00, 0x00, 0x00, 0x00, 0x00, 0x00, 0x00, 0x00,
  0x7F, 0xA0, 0x00, 0x00, 0x00, 0x00, 0x00, 0x00, 0x00, 0x00, 0x00, 0x00,
  0xBF, 0x60, 0x00, 0x00, 0x00, 0x00, 0x00, 0x00, 0x00, 0x00, 0x00, 0x00,
  0x9E, 0x10, 0x00, 0x00, 0x00, 0x00, 0x00, 0x00, 0x00, 0x00, 0x00, 0x00,
  0x02, 0x00, 0x00, 0x00, 0x00, 0x00, 0x00, 0x00, 0x00, 0x00, 0x00, 0x00
};

GUI_CONST_STORAGE unsigned char acGUI_FontWQY24_542F[264] = { /* code 542F */
  0x00, 0x00, 0x00, 0x00, 0x00, 0x00, 0x20, 0x00, 0x00, 0x00, 0x00,
  0x00, 0x00, 0x00, 0x00, 0x00, 0x3E, 0xB0, 0x00, 0x00, 0x00, 0x00,
  0x00, 0x00, 0x00, 0x00, 0x00, 0x0E, 0xF1, 0x00, 0x00, 0x00, 0x00,
  0x00, 0x05, 0x99, 0x99, 0x99, 0x9E, 0xFB, 0x99, 0x99, 0x99, 0x90,
  0x00, 0x07, 0xFF, 0xFF, 0xFF, 0xFF, 0xFF, 0xFF, 0xFF, 0xFF, 0xF0,
  0x00, 0x07, 0xF9, 0x44, 0x44, 0x44, 0x44, 0x44, 0x44, 0x4F, 0xF0,
  0x00, 0x07, 0xF7, 0x00, 0x00, 0x00, 0x00, 0x00, 0x00, 0x0F, 0xF0,
  0x00, 0x07, 0xF7, 0x00, 0x00, 0x00, 0x00, 0x00, 0x00, 0x0F, 0xF0,
  0x00, 0x07, 0xF7, 0x00, 0x00, 0x00, 0x00, 0x00, 0x00, 0x0F, 0xF0,
  0x00, 0x07, 0xFE, 0xDD, 0xDD, 0xDD, 0xDD, 0xDD, 0xDD, 0xDF, 0xF0,
  0x00, 0x07, 0xFF, 0xFF, 0xFF, 0xFF, 0xFF, 0xFF, 0xFF, 0xFF, 0xF0,
  0x00, 0x07, 0xF7, 0x00, 0x00, 0x00, 0x00, 0x00, 0x00, 0x00, 0x00,
  0x00, 0x08, 0xF7, 0x00, 0x00, 0x00, 0x00, 0x00, 0x00, 0x00, 0x00,
  0x00, 0x09, 0xF6, 0x02, 0x22, 0x22, 0x22, 0x22, 0x22, 0x22, 0x21,
  0x00, 0x0B, 0xF5, 0x2F, 0xFF, 0xFF, 0xFF, 0xFF, 0xFF, 0xFF, 0xF7,
  0x00, 0x0D, 0xF3, 0x2F, 0xE9, 0x99, 0x99, 0x99, 0x99, 0x9C, 0xF7,
  0x00, 0x1F, 0xF1, 0x2F, 0xD0, 0x00, 0x00, 0x00, 0x00, 0x07, 0xF7,
  0x00, 0x6F, 0xD0, 0x2F, 0xD0, 0x00, 0x00, 0x00, 0x00, 0x07, 0xF7,
  0x00, 0xBF, 0x80, 0x2F, 0xD0, 0x00, 0x00, 0x00, 0x00, 0x07, 0xF7,
  0x04, 0xFF, 0x20, 0x2F, 0xD2, 0x22, 0x22, 0x22, 0x22, 0x28, 0xF7,
  0x1D, 0xF9, 0x00, 0x2F, 0xFF, 0xFF, 0xFF, 0xFF, 0xFF, 0xFF, 0xF7,
  0xAF, 0xE1, 0x00, 0x2F, 0xFB, 0xBB, 0xBB, 0xBB, 0xBB, 0xBD, 0xF7,
  0x4F, 0x30, 0x00, 0x2F, 0xD0, 0x00, 0x00, 0x00, 0x00, 0x07, 0xF7,
  0x02, 0x00, 0x00, 0x16, 0x50, 0x00, 0x00, 0x00, 0x00, 0x02, 0x42
};

GUI_CONST_STORAGE unsigned char acGUI_FontWQY24_5668[276] = { /* code 5668 */
  0x00, 0x77, 0x77, 0x77, 0x77, 0x00, 0x27, 0x77, 0x77, 0x77, 0x70, 0x00,
  0x00, 0xDF, 0xFF, 0xFF, 0xFF, 0x00, 0x4F, 0xFF, 0xFF, 0xFF, 0xD0, 0x00,
  0x00, 0xDE, 0x44, 0x44, 0xCF, 0x00, 0x4F, 0xB4, 0x44, 0x5F, 0xD0, 0x00,
  0x00, 0xDD, 0x00, 0x00, 0xBF, 0x00, 0x4F, 0x90, 0x00, 0x2F, 0xD0, 0x00,
  0x00, 0xDE, 0x44, 0x44, 0xCF, 0x00, 0x4F, 0xB4, 0x44, 0x5F, 0xD0, 0x00,
  0x00, 0xDF, 0xFF, 0xFF, 0xFF, 0x00, 0x4F, 0xFF, 0xFF, 0xFF, 0xD0, 0x00,
  0x00, 0x77, 0x77, 0x77, 0x77, 0x32, 0x27, 0x77, 0x88, 0x77, 0x70, 0x00,
  0x00, 0x00, 0x00, 0x00, 0x00, 0xEF, 0x10, 0x01, 0xBB, 0x10, 0x00, 0x00,
  0x02, 0x66, 0x66, 0x66, 0x67, 0xFE, 0x66, 0x66, 0xEF, 0xA6, 0x66, 0x00,
  0x06, 0xFF, 0xFF, 0xFF, 0xFF, 0xFF, 0xFF, 0xFF, 0xFF, 0xFF, 0xFF, 0x00,
  0x02, 0x66, 0x66, 0x69, 0xFF, 0xC6, 0x9F, 0xE7, 0x66, 0x66, 0x66, 0x00,
  0x00, 0x00, 0x15, 0xBF, 0xFB, 0x10, 0x09, 0xFE, 0x82, 0x00, 0x00, 0x00,
  0x36, 0x9C, 0xFF, 0xFE, 0x60, 0x00, 0x00, 0x5D, 0xFF, 0xD9, 0x64, 0x20,
  0x6F, 0xFF, 0xEA, 0x50, 0x00, 0x00, 0x00, 0x00, 0x5B, 0xFF, 0xFF, 0x70,
  0x07, 0x77, 0x44, 0x44, 0x44, 0x10, 0x14, 0x44, 0x44, 0x47, 0x98, 0x20,
  0x00, 0x6F, 0xFF, 0xFF, 0xFF, 0x60, 0x6F, 0xFF, 0xFF, 0xFF, 0xB0, 0x00,
  0x00, 0x6F, 0xB7, 0x77, 0xBF, 0x60, 0x6F, 0xB7, 0x77, 0x8F, 0xB0, 0x00,
  0x00, 0x6F, 0x70, 0x00, 0x7F, 0x60, 0x6F, 0x70, 0x00, 0x2F, 0xB0, 0x00,
  0x00, 0x6F, 0x70, 0x00, 0x7F, 0x60, 0x6F, 0x70, 0x00, 0x2F, 0xB0, 0x00,
  0x00, 0x6F, 0xA6, 0x66, 0xAF, 0x60, 0x6F, 0xA6, 0x66, 0x7F, 0xB0, 0x00,
  0x00, 0x6F, 0xFF, 0xFF, 0xFF, 0x60, 0x6F, 0xFF, 0xFF, 0xFF, 0xB0, 0x00,
  0x00, 0x6F, 0xA6, 0x66, 0xAF, 0x60, 0x6F, 0xA6, 0x66, 0x7F, 0xB0, 0x00,
  0x00, 0x14, 0x20, 0x00, 0x24, 0x10, 0x14, 0x20, 0x00, 0x04, 0x30, 0x00
};

GUI_CONST_STORAGE unsigned char acGUI_FontWQY24_590D[264] = { /* code 590D */
  0x00, 0x00, 0x13, 0x00, 0x00, 0x00, 0x00, 0x00, 0x00, 0x00, 0x00,
  0x00, 0x00, 0x8F, 0x70, 0x00, 0x00, 0x00, 0x00, 0x00, 0x00, 0x00,
  0x00, 0x01, 0xEF, 0xB9, 0x99, 0x99, 0x99, 0x99, 0x99, 0x97, 0x00,
  0x00, 0x09, 0xFF, 0xFF, 0xFF, 0xFF, 0xFF, 0xFF, 0xFF, 0xFB, 0x00,
  0x00, 0x5F, 0xE4, 0x44, 0x44, 0x44, 0x44, 0x44, 0x44, 0x43, 0x00,
  0x03, 0xEF, 0x84, 0x44, 0x44, 0x44, 0x44, 0x44, 0x44, 0x00, 0x00,
  0x3E, 0xFF, 0xFF, 0xFF, 0xFF, 0xFF, 0xFF, 0xFF, 0xFF, 0x00, 0x00,
  0xCF, 0xAB, 0xF8, 0x66, 0x66, 0x66, 0x66, 0x66, 0xEF, 0x00, 0x00,
  0x18, 0x0B, 0xF8, 0x66, 0x66, 0x66, 0x66, 0x66, 0xEF, 0x00, 0x00,
  0x00, 0x0B, 0xFF, 0xFF, 0xFF, 0xFF, 0xFF, 0xFF, 0xFF, 0x00, 0x00,
  0x00, 0x0B, 0xF7, 0x44, 0x44, 0x44, 0x44, 0x44, 0xEF, 0x00, 0x00,
  0x00, 0x0B, 0xFB, 0x99, 0x99, 0x99, 0x99, 0x99, 0xEF, 0x00, 0x00,
  0x00, 0x0B, 0xFF, 0xFF, 0xFF, 0xFF, 0xFF, 0xFF, 0xFF, 0x00, 0x00,
  0x00, 0x03, 0x44, 0xEF, 0x74, 0x44, 0x44, 0x44, 0x44, 0x00, 0x00,
  0x00, 0x00, 0x1B, 0xFC, 0x44, 0x44, 0x44, 0x44, 0x43, 0x00, 0x00,
  0x00, 0x05, 0xEF, 0xFF, 0xFF, 0xFF, 0xFF, 0xFF, 0xFD, 0x00, 0x00,
  0x04, 0xBF, 0xFF, 0xFA, 0x77, 0x77, 0x77, 0xAF, 0xFB, 0x00, 0x00,
  0x3F, 0xFE, 0x64, 0xFE, 0x50, 0x00, 0x06, 0xEF, 0xC1, 0x00, 0x00,
  0x06, 0xA2, 0x00, 0x4E, 0xFB, 0x35, 0xCF, 0xF9, 0x10, 0x00, 0x00,
  0x00, 0x00, 0x00, 0x03, 0xEF, 0xFF, 0xFC, 0x40, 0x00, 0x00, 0x00,
  0x00, 0x01, 0x47, 0xBF, 0xFF, 0xFF, 0xFF, 0xB8, 0x53, 0x00, 0x00,
  0x4A, 0xDF, 0xFF, 0xFF, 0xB6, 0x16, 0xBF, 0xFF, 0xFF, 0xFD, 0x90,
  0x1D, 0xFE, 0xB8, 0x40, 0x00, 0x00, 0x01, 0x59, 0xCF, 0xFF, 0x70,
  0x02, 0x30, 0x00, 0x00, 0x00, 0x00, 0x00, 0x00, 0x00, 0x24, 0x10
};

GUI_CONST_STORAGE unsigned char acGUI_FontWQY24_6062[288] = { /* code 6062 */
  0x00, 0x02, 0x41, 0x00, 0x00, 0x02, 0x20, 0x00, 0x00, 0x00, 0x00, 0x00,
  0x00, 0x07, 0xF4, 0x00, 0x00, 0x0A, 0xF4, 0x00, 0x00, 0x00, 0x00, 0x00,
  0x00, 0x07, 0xF4, 0x00, 0x00, 0x0B, 0xF2, 0x00, 0x00, 0x00, 0x00, 0x00,
  0x00, 0x07, 0xF4, 0x02, 0x77, 0x7E, 0xF8, 0x77, 0x77, 0x77, 0x77, 0x10,
  0x00, 0x07, 0xF6, 0x04, 0xFF, 0xFF, 0xFF, 0xFF, 0xFF, 0xFF, 0xFF, 0x20,
  0x03, 0x07, 0xFF, 0x51, 0x66, 0x7F, 0xE6, 0x66, 0x66, 0x66, 0x66, 0x10,
  0x2F, 0x97, 0xFF, 0xF5, 0x00, 0x4F, 0xB0, 0x00, 0x21, 0x00, 0x00, 0x00,
  0x3F, 0x77, 0xF7, 0xFB, 0x00, 0x6F, 0x80, 0x04, 0xFB, 0x00, 0x00, 0x00,
  0x5F, 0x67, 0xF4, 0x72, 0x00, 0xAF, 0x50, 0x04, 0xFB, 0x00, 0x00, 0x00,
  0x7F, 0x57, 0xF4, 0x00, 0x00, 0xDF, 0x10, 0x04, 0xFB, 0x00, 0x30, 0x00,
  0x9F, 0x37, 0xF4, 0x00, 0x03, 0xFD, 0x2D, 0x54, 0xFB, 0x00, 0xEE, 0x10,
  0xCF, 0x07, 0xF4, 0x00, 0x08, 0xF8, 0x7F, 0x54, 0xFB, 0x03, 0xFD, 0x00,
  0x6A, 0x07, 0xF4, 0x00, 0x0E, 0xF2, 0xDF, 0x14, 0xFB, 0x08, 0xF8, 0x00,
  0x00, 0x07, 0xF4, 0x00, 0x6F, 0xB5, 0xFA, 0x04, 0xFE, 0x0D, 0xF4, 0x00,
  0x00, 0x07, 0xF4, 0x01, 0xEF, 0x4A, 0xF3, 0x07, 0xFF, 0x5F, 0xD0, 0x00,
  0x00, 0x07, 0xF4, 0x08, 0xFB, 0x00, 0x40, 0x0D, 0xFF, 0x82, 0x40, 0x00,
  0x00, 0x07, 0xF4, 0x4F, 0xF3, 0x00, 0x00, 0x5F, 0xCD, 0xE0, 0x00, 0x00,
  0x00, 0x07, 0xF6, 0xEF, 0x80, 0x00, 0x01, 0xDF, 0x47, 0xF7, 0x00, 0x00,
  0x00, 0x07, 0xF6, 0xEB, 0x00, 0x00, 0x1B, 0xFB, 0x01, 0xEE, 0x20, 0x00,
  0x00, 0x07, 0xF4, 0x41, 0x00, 0x01, 0xBF, 0xD1, 0x00, 0x7F, 0xD1, 0x00,
  0x00, 0x07, 0xF4, 0x00, 0x00, 0x3D, 0xFE, 0x20, 0x00, 0x0C, 0xFC, 0x10,
  0x00, 0x07, 0xF4, 0x00, 0x04, 0xFF, 0xC2, 0x00, 0x00, 0x02, 0xEF, 0xC0,
  0x00, 0x07, 0xF4, 0x00, 0x00, 0xC8, 0x00, 0x00, 0x00, 0x00, 0x3E, 0x40,
  0x00, 0x02, 0x41, 0x00, 0x00, 0x00, 0x00, 0x00, 0x00, 0x00, 0x01, 0x00
};

GUI_CONST_STORAGE unsigned char acGUI_FontWQY24_7531[240] = { /* code 7531 */
  0x00, 0x00, 0x00, 0x00, 0x24, 0x20, 0x00, 0x00, 0x00, 0x00,
  0x00, 0x00, 0x00, 0x00, 0x9F, 0x90, 0x00, 0x00, 0x00, 0x00,
  0x00, 0x00, 0x00, 0x00, 0x9F, 0x90, 0x00, 0x00, 0x00, 0x00,
  0x00, 0x00, 0x00, 0x00, 0x9F, 0x90, 0x00, 0x00, 0x00, 0x00,
  0x00, 0x00, 0x00, 0x00, 0x9F, 0x90, 0x00, 0x00, 0x00, 0x00,
  0xBD, 0xDD, 0xDD, 0xDD, 0xEF, 0xED, 0xDD, 0xDD, 0xDD, 0xB0,
  0xDF, 0xFF, 0xFF, 0xFF, 0xFF, 0xFF, 0xFF, 0xFF, 0xFF, 0xD0,
  0xDF, 0x20, 0x00, 0x00, 0x9F, 0x90, 0x00, 0x00, 0x2F, 0xD0,
  0xDF, 0x20, 0x00, 0x00, 0x9F, 0x90, 0x00, 0x00, 0x2F, 0xD0,
  0xDF, 0x20, 0x00, 0x00, 0x9F, 0x90, 0x00, 0x00, 0x2F, 0xD0,
  0xDF, 0x20, 0x00, 0x00, 0x9F, 0x90, 0x00, 0x00, 0x2F, 0xD0,
  0xDF, 0x20, 0x00, 0x00, 0x9F, 0x90, 0x00, 0x00, 0x2F, 0xD0,
  0xDF, 0xA9, 0x99, 0x99, 0xDF, 0xD9, 0x99, 0x99, 0xAF, 0xD0,
  0xDF, 0xFF, 0xFF, 0xFF, 0xFF, 0xFF, 0xFF, 0xFF, 0xFF, 0xD0,
  0xDF, 0x32, 0x22, 0x22, 0xAF, 0xA2, 0x22, 0x22, 0x3F, 0xD0,
  0xDF, 0x20, 0x00, 0x00, 0x9F, 0x90, 0x00, 0x00, 0x2F, 0xD0,
  0xDF, 0x20, 0x00, 0x00, 0x9F, 0x90, 0x00, 0x00, 0x2F, 0xD0,
  0xDF, 0x20, 0x00, 0x00, 0x9F, 0x90, 0x00, 0x00, 0x2F, 0xD0,
  0xDF, 0x20, 0x00, 0x00, 0x9F, 0x90, 0x00, 0x00, 0x2F, 0xD0,
  0xDF, 0x87, 0x77, 0x77, 0xCF, 0xC7, 0x77, 0x77, 0x8F, 0xD0,
  0xDF, 0xFF, 0xFF, 0xFF, 0xFF, 0xFF, 0xFF, 0xFF, 0xFF, 0xD0,
  0xDF, 0x76, 0x66, 0x66, 0x66, 0x66, 0x66, 0x66, 0x7F, 0xD0,
  0xDF, 0x20, 0x00, 0x00, 0x00, 0x00, 0x00, 0x00, 0x2F, 0xD0,
  0x56, 0x10, 0x00, 0x00, 0x00, 0x00, 0x00, 0x00, 0x16, 0x50
};

GUI_CONST_STORAGE unsigned char acGUI_FontWQY24_7CFB[253] = { /* code 7CFB */
  0x00, 0x00, 0x02, 0x22, 0x44, 0x56, 0x67, 0x89, 0xBC, 0xE9, 0x00,
  0x02, 0xFF, 0xFF, 0xFF, 0xFF, 0xFF, 0xFF, 0xFF, 0xFF, 0xDB, 0x30,
  0x00, 0x6B, 0xBB, 0xA9, 0xEF, 0xD7, 0x65, 0x42, 0x10, 0x00, 0x00,
  0x00, 0x00, 0x00, 0x05, 0xFF, 0x30, 0x00, 0x02, 0x00, 0x00, 0x00,
  0x00, 0x00, 0x00, 0x3E, 0xF6, 0x00, 0x00, 0x6F, 0xD1, 0x00, 0x00,
  0x00, 0x00, 0x03, 0xEF, 0x70, 0x00, 0x07, 0xFE, 0x20, 0x00, 0x00,
  0x00, 0x00, 0x6F, 0xF6, 0x00, 0x01, 0xAF, 0xD2, 0x00, 0x00, 0x00,
  0x00, 0x0A, 0xFF, 0x97, 0x9B, 0xDF, 0xFB, 0x10, 0x00, 0x00, 0x00,
  0x00, 0x1F, 0xFF, 0xFF, 0xEF, 0xFF, 0x70, 0x01, 0x93, 0x00, 0x00,
  0x00, 0x07, 0x64, 0x32, 0xAF, 0xD4, 0x00, 0x09, 0xFE, 0x30, 0x00,
  0x00, 0x00, 0x00, 0x5E, 0xF9, 0x10, 0x00, 0x00, 0xAF, 0xE2, 0x00,
  0x00, 0x00, 0x3B, 0xFC, 0x30, 0x00, 0x02, 0x46, 0x8F, 0xFD, 0x10,
  0x00, 0x2A, 0xFF, 0xC8, 0x9B, 0xCE, 0xFF, 0xFF, 0xFD, 0xEF, 0x90,
  0x00, 0x6F, 0xFF, 0xFF, 0xFD, 0xDF, 0xD7, 0x42, 0x00, 0x3F, 0xF4,
  0x00, 0x16, 0x54, 0x21, 0x00, 0x6F, 0xB0, 0x00, 0x00, 0x09, 0xE6,
  0x00, 0x00, 0x01, 0x90, 0x00, 0x6F, 0xB0, 0x04, 0xB1, 0x01, 0x20,
  0x00, 0x00, 0x2D, 0xF7, 0x00, 0x6F, 0xB0, 0x1D, 0xFE, 0x20, 0x00,
  0x00, 0x04, 0xEF, 0xB1, 0x00, 0x6F, 0xB0, 0x01, 0xDF, 0xE2, 0x00,
  0x01, 0x9F, 0xFB, 0x10, 0x00, 0x6F, 0xB0, 0x00, 0x1D, 0xFD, 0x10,
  0x5E, 0xFF, 0x70, 0x00, 0x00, 0x6F, 0xB0, 0x00, 0x02, 0xEF, 0xA0,
  0x5F, 0xD3, 0x00, 0x06, 0xCB, 0xDF, 0xB0, 0x00, 0x00, 0x3F, 0xE2,
  0x05, 0x00, 0x00, 0x03, 0xFF, 0xFF, 0x50, 0x00, 0x00, 0x05, 0x10,
  0x00, 0x00, 0x00, 0x00, 0x13, 0x42, 0x00, 0x00, 0x00, 0x00, 0x00
};

GUI_CONST_STORAGE unsigned char acGUI_FontWQY24_7EA7[288] = { /* code 7EA7 */
  0x00, 0x00, 0x10, 0x00, 0x00, 0x00, 0x00, 0x00, 0x00, 0x00, 0x00, 0x00,
  0x00, 0x02, 0xFA, 0x00, 0x26, 0x66, 0x66, 0x66, 0x66, 0x62, 0x00, 0x00,
  0x00, 0x07, 0xF9, 0x00, 0x6F, 0xFF, 0xFF, 0xFF, 0xFF, 0xF6, 0x00, 0x00,
  0x00, 0x0D, 0xF3, 0x00, 0x26, 0xBF, 0x86, 0x66, 0x6B, 0xF5, 0x00, 0x00,
  0x00, 0x4F, 0xC0, 0x10, 0x00, 0x9F, 0x40, 0x00, 0x0D, 0xF1, 0x00, 0x00,
  0x00, 0xBF, 0x60, 0x8E, 0x40, 0x9F, 0x40, 0x00, 0x3F, 0xB0, 0x00, 0x00,
  0x04, 0xFC, 0x01, 0xEF, 0x20, 0xBF, 0x20, 0x00, 0x8F, 0x60, 0x00, 0x00,
  0x0D, 0xF3, 0x19, 0xF9, 0x00, 0xBF, 0x20, 0x00, 0xDF, 0x10, 0x00, 0x00,
  0x4F, 0xFE, 0xFF, 0xF2, 0x00, 0xCF, 0x20, 0x02, 0xFF, 0xBB, 0xBB, 0x20,
  0x1E, 0xC9, 0xDF, 0x80, 0x00, 0xDF, 0x60, 0x00, 0xDF, 0xFF, 0xFF, 0x00,
  0x00, 0x04, 0xFD, 0x10, 0x00, 0xFF, 0xC0, 0x00, 0x00, 0x03, 0xFC, 0x00,
  0x00, 0x1D, 0xF4, 0x00, 0x01, 0xFF, 0xF4, 0x00, 0x00, 0x07, 0xF8, 0x00,
  0x00, 0xAF, 0x80, 0x00, 0x02, 0xFE, 0xFC, 0x00, 0x00, 0x0B, 0xF4, 0x00,
  0x07, 0xFB, 0x37, 0xC9, 0x04, 0xFA, 0xAF, 0x60, 0x00, 0x1F, 0xE0, 0x00,
  0x4F, 0xFE, 0xFF, 0xD7, 0x07, 0xF8, 0x2E, 0xE2, 0x00, 0x7F, 0x90, 0x00,
  0x4F, 0xFC, 0x83, 0x00, 0x0A, 0xF5, 0x07, 0xFB, 0x01, 0xEF, 0x20, 0x00,
  0x03, 0x00, 0x00, 0x00, 0x0E, 0xF2, 0x00, 0xBF, 0x99, 0xF9, 0x00, 0x00,
  0x00, 0x00, 0x02, 0x66, 0x3F, 0xD0, 0x00, 0x1E, 0xFF, 0xE1, 0x00, 0x00,
  0x02, 0x69, 0xDF, 0xFB, 0x9F, 0x80, 0x00, 0x08, 0xFF, 0xB1, 0x00, 0x00,
  0x8F, 0xFF, 0xFE, 0x94, 0xFF, 0x20, 0x00, 0x9F, 0xFE, 0xFC, 0x20, 0x00,
  0x3F, 0xC8, 0x40, 0x0A, 0xFA, 0x00, 0x4D, 0xFE, 0x43, 0xEF, 0xE6, 0x00,
  0x01, 0x00, 0x00, 0x4F, 0xF2, 0x08, 0xFF, 0xC2, 0x00, 0x2C, 0xFF, 0x70,
  0x00, 0x00, 0x00, 0x1C, 0x70, 0x03, 0xE6, 0x00, 0x00, 0x01, 0x9B, 0x00,
  0x00, 0x00, 0x00, 0x01, 0x00, 0x00, 0x00, 0x00, 0x00, 0x00, 0x00, 0x00
};

GUI_CONST_STORAGE unsigned char acGUI_FontWQY24_7EDF[288] = { /* code 7EDF */
  0x00, 0x00, 0x10, 0x00, 0x00, 0x00, 0x00, 0x01, 0x00, 0x00, 0x00, 0x00,
  0x00, 0x00, 0xDD, 0x10, 0x00, 0x00, 0x00, 0xBF, 0x30, 0x00, 0x00, 0x00,
  0x00, 0x03, 0xFC, 0x00, 0x00, 0x00, 0x00, 0x8F, 0x90, 0x00, 0x00, 0x00,
  0x00, 0x09, 0xF7, 0x00, 0x02, 0x44, 0x44, 0x6F, 0xE4, 0x44, 0x44, 0x10,
  0x00, 0x1F, 0xE1, 0x02, 0x07, 0xFF, 0xFF, 0xFF, 0xFF, 0xFF, 0xFF, 0x60,
  0x00, 0x8F, 0x70, 0x2F, 0xC4, 0x77, 0x7D, 0xFB, 0x77, 0x77, 0x77, 0x30,
  0x02, 0xFD, 0x00, 0xAF, 0x70, 0x00, 0x1E, 0xF2, 0x02, 0x80, 0x00, 0x00,
  0x0C, 0xF4, 0x04, 0xFE, 0x10, 0x00, 0x8F, 0x90, 0x0B, 0xF6, 0x00, 0x00,
  0x4F, 0xFE, 0xFF, 0xF7, 0x00, 0x03, 0xFF, 0x20, 0x02, 0xFE, 0x10, 0x00,
  0x1F, 0xDA, 0xCF, 0xC0, 0x00, 0x1C, 0xF7, 0x00, 0x00, 0x9F, 0x80, 0x00,
  0x00, 0x02, 0xFF, 0x30, 0x00, 0xAF, 0xA0, 0x25, 0x7A, 0xDF, 0xF1, 0x00,
  0x00, 0x0C, 0xF8, 0x00, 0x06, 0xFF, 0xEF, 0xFF, 0xFF, 0xCC, 0xF7, 0x00,
  0x00, 0x9F, 0xB0, 0x01, 0x03, 0xDB, 0xDF, 0xA5, 0xFF, 0x03, 0xFD, 0x00,
  0x07, 0xFD, 0x47, 0xBF, 0x30, 0x00, 0x8F, 0x50, 0xFF, 0x00, 0xB7, 0x00,
  0x4F, 0xFF, 0xFF, 0xFB, 0x30, 0x00, 0xAF, 0x30, 0xFF, 0x00, 0x00, 0x00,
  0x3F, 0xFC, 0x95, 0x10, 0x00, 0x00, 0xEF, 0x10, 0xFF, 0x00, 0x00, 0x00,
  0x03, 0x10, 0x00, 0x00, 0x00, 0x03, 0xFC, 0x00, 0xFF, 0x00, 0x00, 0x00,
  0x00, 0x00, 0x00, 0x48, 0x60, 0x08, 0xF8, 0x00, 0xFF, 0x00, 0x6D, 0x70,
  0x02, 0x58, 0xBF, 0xFF, 0xB0, 0x1E, 0xF3, 0x00, 0xFF, 0x00, 0x6F, 0xB0,
  0x8F, 0xFF, 0xFF, 0xB7, 0x10, 0x8F, 0xB0, 0x00, 0xFF, 0x00, 0x7F, 0x90,
  0x3F, 0xD9, 0x51, 0x00, 0x05, 0xFF, 0x30, 0x00, 0xFF, 0x00, 0x9F, 0x80,
  0x01, 0x00, 0x00, 0x00, 0x4F, 0xF8, 0x00, 0x00, 0xEF, 0xED, 0xFF, 0x50,
  0x00, 0x00, 0x00, 0x00, 0x0C, 0x90, 0x00, 0x00, 0x5C, 0xEF, 0xDA, 0x00,
  0x00, 0x00, 0x00, 0x00, 0x01, 0x00, 0x00, 0x00, 0x00, 0x00, 0x00, 0x00
};

GUI_CONST_STORAGE unsigned char acGUI_FontWQY24_7F6E[264] = { /* code 7F6E */
  0x00, 0x7B, 0xBB, 0xBB, 0xBB, 0xBB, 0xBB, 0xBB, 0xBB, 0xBB, 0x60, 0x00,
  0x00, 0x9F, 0xDD, 0xDD, 0xFE, 0xDD, 0xDF, 0xFD, 0xDD, 0xEF, 0x70, 0x00,
  0x00, 0x9F, 0x20, 0x02, 0xF9, 0x00, 0x0B, 0xF0, 0x00, 0x4F, 0x70, 0x00,
  0x00, 0x9F, 0x76, 0x67, 0xFB, 0x66, 0x6D, 0xF6, 0x66, 0x8F, 0x70, 0x00,
  0x00, 0x9F, 0xFF, 0xFF, 0xFF, 0xFF, 0xFF, 0xFF, 0xFF, 0xFF, 0x70, 0x00,
  0x00, 0x24, 0x44, 0x44, 0x44, 0x9F, 0x84, 0x44, 0x44, 0x44, 0x20, 0x00,
  0x03, 0x44, 0x44, 0x44, 0x44, 0xAF, 0x84, 0x44, 0x44, 0x44, 0x42, 0x00,
  0x0B, 0xFF, 0xFF, 0xFF, 0xFF, 0xFF, 0xFF, 0xFF, 0xFF, 0xFF, 0xF9, 0x00,
  0x04, 0x66, 0x66, 0x66, 0x66, 0xCF, 0x76, 0x66, 0x66, 0x66, 0x63, 0x00,
  0x00, 0x01, 0x77, 0x77, 0x77, 0xEF, 0x87, 0x77, 0x77, 0x73, 0x00, 0x00,
  0x00, 0x02, 0xFF, 0xFF, 0xFF, 0xFF, 0xFF, 0xFF, 0xFF, 0xF6, 0x00, 0x00,
  0x00, 0x02, 0xFC, 0x44, 0x44, 0x44, 0x44, 0x44, 0x49, 0xF6, 0x00, 0x00,
  0x00, 0x02, 0xFE, 0xBB, 0xBB, 0xBB, 0xBB, 0xBB, 0xBD, 0xF6, 0x00, 0x00,
  0x00, 0x02, 0xFE, 0xBB, 0xBB, 0xBB, 0xBB, 0xBB, 0xBD, 0xF6, 0x00, 0x00,
  0x00, 0x02, 0xFC, 0x22, 0x22, 0x22, 0x22, 0x22, 0x28, 0xF6, 0x00, 0x00,
  0x00, 0x02, 0xFF, 0xFF, 0xFF, 0xFF, 0xFF, 0xFF, 0xFF, 0xF6, 0x00, 0x00,
  0x00, 0x02, 0xFC, 0x44, 0x44, 0x44, 0x44, 0x44, 0x49, 0xF6, 0x00, 0x00,
  0x00, 0x02, 0xFE, 0x99, 0x99, 0x99, 0x99, 0x99, 0x9C, 0xF6, 0x00, 0x00,
  0x00, 0x02, 0xFF, 0xDD, 0xDD, 0xDD, 0xDD, 0xDD, 0xDE, 0xF6, 0x00, 0x00,
  0x00, 0x02, 0xFB, 0x00, 0x00, 0x00, 0x00, 0x00, 0x07, 0xF6, 0x00, 0x00,
  0x7F, 0xFF, 0xFF, 0xFF, 0xFF, 0xFF, 0xFF, 0xFF, 0xFF, 0xFF, 0xFF, 0x90,
  0x59, 0x99, 0x99, 0x99, 0x99, 0x99, 0x99, 0x99, 0x99, 0x99, 0x99, 0x60
};

GUI_CONST_STORAGE unsigned char acGUI_FontWQY24_8BBE[288] = { /* code 8BBE */
  0x00, 0x01, 0x00, 0x00, 0x00, 0x00, 0x00, 0x00, 0x00, 0x00, 0x00, 0x00,
  0x00, 0x4D, 0x80, 0x00, 0x00, 0x05, 0x77, 0x77, 0x77, 0x73, 0x00, 0x00,
  0x00, 0x4F, 0xF4, 0x00, 0x00, 0x09, 0xFF, 0xFF, 0xFF, 0xF6, 0x00, 0x00,
  0x00, 0x08, 0xFD, 0x10, 0x00, 0x0A, 0xF7, 0x66, 0x6A, 0xF6, 0x00, 0x00,
  0x00, 0x00, 0xDF, 0x70, 0x00, 0x0B, 0xF2, 0x00, 0x07, 0xF6, 0x00, 0x00,
  0x00, 0x00, 0x59, 0x10, 0x00, 0x0E, 0xF0, 0x00, 0x07, 0xF6, 0x00, 0x00,
  0x00, 0x00, 0x00, 0x00, 0x00, 0x2F, 0xD0, 0x00, 0x07, 0xF6, 0x00, 0x00,
  0x00, 0x00, 0x00, 0x00, 0x00, 0x9F, 0x90, 0x00, 0x07, 0xF6, 0x00, 0x00,
  0xBF, 0xFF, 0xF7, 0x00, 0x07, 0xFF, 0x30, 0x00, 0x07, 0xFC, 0x77, 0x30,
  0x8B, 0xBD, 0xF7, 0x00, 0x4F, 0xF6, 0x00, 0x00, 0x03, 0xEF, 0xFF, 0x60,
  0x00, 0x06, 0xF7, 0x00, 0x07, 0x50, 0x00, 0x00, 0x00, 0x02, 0x22, 0x10,
  0x00, 0x06, 0xF7, 0x00, 0x05, 0x99, 0x99, 0x99, 0x99, 0x99, 0x80, 0x00,
  0x00, 0x06, 0xF7, 0x00, 0x07, 0xFF, 0xFF, 0xFF, 0xFF, 0xFF, 0xD0, 0x00,
  0x00, 0x06, 0xF7, 0x00, 0x01, 0x3F, 0xE2, 0x22, 0x22, 0xCF, 0x80, 0x00,
  0x00, 0x06, 0xF7, 0x00, 0x00, 0x0A, 0xF6, 0x00, 0x04, 0xFE, 0x10, 0x00,
  0x00, 0x06, 0xF7, 0x00, 0x00, 0x04, 0xFD, 0x10, 0x1D, 0xF7, 0x00, 0x00,
  0x00, 0x06, 0xF7, 0x00, 0x00, 0x00, 0xAF, 0x90, 0xBF, 0xC0, 0x00, 0x00,
  0x00, 0x06, 0xF7, 0x0A, 0x20, 0x00, 0x2E, 0xFD, 0xFE, 0x20, 0x00, 0x00,
  0x00, 0x06, 0xF8, 0xAF, 0x90, 0x00, 0x07, 0xFF, 0xF5, 0x00, 0x00, 0x00,
  0x00, 0x06, 0xFE, 0xFB, 0x10, 0x02, 0x9F, 0xFF, 0xFE, 0x60, 0x00, 0x00,
  0x00, 0x04, 0xFF, 0xB1, 0x04, 0xAF, 0xFF, 0xA3, 0xCF, 0xFD, 0x61, 0x00,
  0x00, 0x00, 0x6A, 0x13, 0xEF, 0xFF, 0xC4, 0x00, 0x07, 0xEF, 0xFF, 0x30,
  0x00, 0x00, 0x00, 0x00, 0xBF, 0xA4, 0x00, 0x00, 0x00, 0x17, 0xEB, 0x00,
  0x00, 0x00, 0x00, 0x00, 0x11, 0x00, 0x00, 0x00, 0x00, 0x00, 0x01, 0x00
};

GUI_CONST_STORAGE unsigned char acGUI_FontWQY24_8DEF[288] = { /* code 8DEF */
  0x00, 0x00, 0x00, 0x00, 0x00, 0x00, 0x01, 0x10, 0x00, 0x00, 0x00, 0x00,
  0x00, 0x00, 0x00, 0x00, 0x00, 0x00, 0x09, 0xF7, 0x00, 0x00, 0x00, 0x00,
  0x09, 0xFF, 0xFF, 0xFF, 0xF7, 0x00, 0x1E, 0xF2, 0x00, 0x00, 0x00, 0x00,
  0x09, 0xFC, 0xBB, 0xBD, 0xF7, 0x00, 0x7F, 0xFF, 0xFF, 0xFF, 0xF4, 0x00,
  0x09, 0xF4, 0x00, 0x07, 0xF7, 0x01, 0xEF, 0xBB, 0xBB, 0xBF, 0xF4, 0x00,
  0x09, 0xF4, 0x00, 0x07, 0xF7, 0x09, 0xFC, 0x00, 0x00, 0x5F, 0xE0, 0x00,
  0x09, 0xF4, 0x00, 0x07, 0xF7, 0x5F, 0xFF, 0x60, 0x01, 0xDF, 0x60, 0x00,
  0x09, 0xF4, 0x00, 0x07, 0xF7, 0xCF, 0x6E, 0xF3, 0x0B, 0xFB, 0x00, 0x00,
  0x09, 0xFF, 0xFF, 0xFF, 0xF7, 0x25, 0x05, 0xFE, 0xBF, 0xE2, 0x00, 0x00,
  0x07, 0xBB, 0xBF, 0xFB, 0xB6, 0x00, 0x00, 0x8F, 0xFF, 0x30, 0x00, 0x00,
  0x00, 0x00, 0x0F, 0xD0, 0x00, 0x00, 0x05, 0xDF, 0xFF, 0xC5, 0x00, 0x00,
  0x00, 0x00, 0x0F, 0xD0, 0x00, 0x05, 0xCF, 0xFC, 0x5D, 0xFF, 0xC6, 0x10,
  0x09, 0xF4, 0x0F, 0xE4, 0x42, 0xDF, 0xFD, 0x60, 0x00, 0x7E, 0xFF, 0xB0,
  0x09, 0xF4, 0x0F, 0xFF, 0xF7, 0x8A, 0x40, 0x00, 0x00, 0x01, 0x6B, 0x40,
  0x09, 0xF4, 0x0F, 0xE7, 0x74, 0x08, 0xBB, 0xBB, 0xBB, 0xBB, 0xB1, 0x00,
  0x09, 0xF4, 0x0F, 0xD0, 0x00, 0x0B, 0xFD, 0xDD, 0xDD, 0xDF, 0xF2, 0x00,
  0x09, 0xF4, 0x0F, 0xD0, 0x00, 0x0B, 0xF2, 0x00, 0x00, 0x0B, 0xF2, 0x00,
  0x09, 0xF4, 0x0F, 0xD0, 0x00, 0x0B, 0xF2, 0x00, 0x00, 0x0B, 0xF2, 0x00,
  0x09, 0xF4, 0x0F, 0xD0, 0x15, 0x0B, 0xF2, 0x00, 0x00, 0x0B, 0xF2, 0x00,
  0x09, 0xF4, 0x1F, 0xFD, 0xFF, 0x1B, 0xF2, 0x00, 0x00, 0x0B, 0xF2, 0x00,
  0x3B, 0xFD, 0xFF, 0xFF, 0xC7, 0x1B, 0xFD, 0xDD, 0xDD, 0xDF, 0xF2, 0x00,
  0xCF, 0xFF, 0xEA, 0x61, 0x00, 0x0B, 0xFD, 0xDD, 0xDD, 0xDF, 0xF2, 0x00,
  0x6A, 0x73, 0x00, 0x00, 0x00, 0x0B, 0xF2, 0x00, 0x00, 0x0B, 0xF2, 0x00,
  0x00, 0x00, 0x00, 0x00, 0x00, 0x03, 0x40, 0x00, 0x00, 0x03, 0x40, 0x00
};

GUI_CONST_STORAGE unsigned char acGUI_FontWQY24_91CD[264] = { /* code 91CD */
  0x01, 0x44, 0x44, 0x44, 0x56, 0x66, 0x77, 0x79, 0x9A, 0xBC, 0x30, 0x00,
  0x02, 0xFF, 0xFF, 0xFF, 0xFF, 0xFF, 0xFF, 0xFF, 0xFF, 0xFE, 0xA0, 0x00,
  0x00, 0x67, 0x77, 0x66, 0x66, 0xBF, 0x83, 0x22, 0x20, 0x00, 0x00, 0x00,
  0x24, 0x44, 0x44, 0x44, 0x44, 0xBF, 0x84, 0x44, 0x44, 0x44, 0x44, 0x20,
  0x7F, 0xFF, 0xFF, 0xFF, 0xFF, 0xFF, 0xFF, 0xFF, 0xFF, 0xFF, 0xFF, 0x70,
  0x47, 0x77, 0x77, 0x77, 0x77, 0xCF, 0xA7, 0x77, 0x77, 0x77, 0x77, 0x40,
  0x00, 0x12, 0x22, 0x22, 0x22, 0xAF, 0x72, 0x22, 0x22, 0x22, 0x10, 0x00,
  0x00, 0x9F, 0xFF, 0xFF, 0xFF, 0xFF, 0xFF, 0xFF, 0xFF, 0xFF, 0x60, 0x00,
  0x00, 0x9F, 0xA9, 0x99, 0x99, 0xDF, 0xB9, 0x99, 0x99, 0xBF, 0x60, 0x00,
  0x00, 0x9F, 0x20, 0x00, 0x00, 0x9F, 0x60, 0x00, 0x00, 0x6F, 0x60, 0x00,
  0x00, 0x9F, 0xCB, 0xBB, 0xBB, 0xEF, 0xDB, 0xBB, 0xBB, 0xDF, 0x60, 0x00,
  0x00, 0x9F, 0xDD, 0xDD, 0xDD, 0xEF, 0xED, 0xDD, 0xDD, 0xEF, 0x60, 0x00,
  0x00, 0x9F, 0x20, 0x00, 0x00, 0x9F, 0x60, 0x00, 0x00, 0x6F, 0x60, 0x00,
  0x00, 0x9F, 0x87, 0x77, 0x77, 0xCF, 0xA7, 0x77, 0x77, 0xAF, 0x60, 0x00,
  0x00, 0x9F, 0xFF, 0xFF, 0xFF, 0xFF, 0xFF, 0xFF, 0xFF, 0xFF, 0x60, 0x00,
  0x00, 0x24, 0x44, 0x44, 0x44, 0xBF, 0x84, 0x44, 0x44, 0x44, 0x10, 0x00,
  0x03, 0x66, 0x66, 0x66, 0x66, 0xBF, 0x96, 0x66, 0x66, 0x66, 0x63, 0x00,
  0x09, 0xFF, 0xFF, 0xFF, 0xFF, 0xFF, 0xFF, 0xFF, 0xFF, 0xFF, 0xF9, 0x00,
  0x03, 0x66, 0x66, 0x66, 0x66, 0xBF, 0x96, 0x66, 0x66, 0x66, 0x63, 0x00,
  0x24, 0x44, 0x44, 0x44, 0x44, 0xBF, 0x84, 0x44, 0x44, 0x44, 0x44, 0x20,
  0x9F, 0xFF, 0xFF, 0xFF, 0xFF, 0xFF, 0xFF, 0xFF, 0xFF, 0xFF, 0xFF, 0x70,
  0x69, 0x99, 0x99, 0x99, 0x99, 0x99, 0x99, 0x99, 0x99, 0x99, 0x99, 0x50
};

GUI_CONST_STORAGE GUI_CHARINFO_EXT GUI_FontWQY24_CharInfo[111] = {
   {   1,   1,   0,  23,   7, acGUI_FontWQY24_0020 } /* code 0020, SPACE */
  ,{   4,  18,   2,   5,   7, acGUI_FontWQY24_0021 } /* code 0021, EXCLAMATION MARK */
  ,{   7,   6,   2,   5,  10, acGUI_FontWQY24_0022 } /* code 0022, QUOTATION MARK */
  ,{  14,  18,   1,   5,  16, acGUI_FontWQY24_0023 } /* code 0023, NUMBER SIGN */
  ,{  10,  21,   2,   4,  14, acGUI_FontWQY24_0024 } /* code 0024, DOLLAR SIGN */
  ,{  19,  18,   1,   5,  21, acGUI_FontWQY24_0025 } /* code 0025, PERCENT SIGN */
  ,{  17,  18,   1,   5,  18, acGUI_FontWQY24_0026 } /* code 0026, AMPERSAND */
  ,{   3,   6,   2,   5,   6, acGUI_FontWQY24_0027 } /* code 0027, APOSTROPHE */
  ,{   6,  22,   1,   5,   8, acGUI_FontWQY24_0028 } /* code 0028, LEFT PARENTHESIS */
  ,{   6,  22,   1,   5,   8, acGUI_FontWQY24_0029 } /* code 0029, RIGHT PARENTHESIS */
  ,{  12,  11,   1,   4,  14, acGUI_FontWQY24_002A } /* code 002A, ASTERISK */
  ,{  12,  12,   1,   8,  14, acGUI_FontWQY24_002B } /* code 002B, PLUS SIGN */
  ,{   4,   6,   1,  20,   6, acGUI_FontWQY24_002C } /* code 002C, COMMA */
  ,{   6,   2,   1,  15,   8, acGUI_FontWQY24_002D } /* code 002D, HYPHEN-MINUS */
  ,{   3,   3,   2,  20,   7, acGUI_FontWQY24_002E } /* code 002E, FULL STOP */
  ,{  10,  18,  -1,   5,   9, acGUI_FontWQY24_002F } /* code 002F, SOLIDUS */
  ,{  12,  18,   1,   5,  14, acGUI_FontWQY24_0030 } /* code 0030, DIGIT ZERO */
  ,{   7,  18,   3,   5,  14, acGUI_FontWQY24_0031 } /* code 0031, DIGIT ONE */
  ,{  12,  18,   1,   5,  14, acGUI_FontWQY24_0032 } /* code 0032, DIGIT TWO */
  ,{  12,  18,   1,   5,  14, acGUI_FontWQY24_0033 } /* code 0033, DIGIT THREE */
  ,{  14,  18,   0,   5,  14, acGUI_FontWQY24_0034 } /* code 0034, DIGIT FOUR */
  ,{  11,  18,   2,   5,  14, acGUI_FontWQY24_0035 } /* code 0035, DIGIT FIVE */
  ,{  12,  18,   1,   5,  14, acGUI_FontWQY24_0036 } /* code 0036, DIGIT SIX */
  ,{  12,  18,   1,   5,  14, acGUI_FontWQY24_0037 } /* code 0037, DIGIT SEVEN */
  ,{  12,  18,   1,   5,  14, acGUI_FontWQY24_0038 } /* code 0038, DIGIT EIGHT */
  ,{  12,  18,   1,   5,  14, acGUI_FontWQY24_0039 } /* code 0039, DIGIT NINE */
  ,{   3,  13,   2,  10,   7, acGUI_FontWQY24_003A } /* code 003A, COLON */
  ,{   4,  16,   1,  10,   7, acGUI_FontWQY24_003B } /* code 003B, SEMICOLON */
  ,{  12,  12,   1,   8,  14, acGUI_FontWQY24_003C } /* code 003C, LESS-THAN SIGN */
  ,{  12,   7,   1,  11,  14, acGUI_FontWQY24_003D } /* code 003D, EQUALS SIGN */
  ,{  12,  12,   1,   8,  14, acGUI_FontWQY24_003E } /* code 003E, GREATER-THAN SIGN */
  ,{  10,  18,   0,   5,  11, acGUI_FontWQY24_003F } /* code 003F, QUESTION MARK */
  ,{  20,  20,   1,   5,  22, acGUI_FontWQY24_0040 } /* code 0040, COMMERCIAL AT */
  ,{  17,  18,  -1,   5,  15, acGUI_FontWQY24_0041 } /* code 0041, LATIN CAPITAL LETTER A */
  ,{  12,  18,   2,   5,  16, acGUI_FontWQY24_0042 } /* code 0042, LATIN CAPITAL LETTER B */
  ,{  12,  18,   2,   5,  15, acGUI_FontWQY24_0043 } /* code 0043, LATIN CAPITAL LETTER C */
  ,{  13,  18,   2,   5,  17, acGUI_FontWQY24_0044 } /* code 0044, LATIN CAPITAL LETTER D */
  ,{   9,  18,   2,   5,  13, acGUI_FontWQY24_0045 } /* code 0045, LATIN CAPITAL LETTER E */
  ,{   9,  18,   2,   5,  12, acGUI_FontWQY24_0046 } /* code 0046, LATIN CAPITAL LETTER F */
  ,{  13,  18,   2,   5,  17, acGUI_FontWQY24_0047 } /* code 0047, LATIN CAPITAL LETTER G */
  ,{  14,  18,   2,   5,  18, acGUI_FontWQY24_0048 } /* code 0048, LATIN CAPITAL LETTER H */
  ,{   8,  18,   0,   5,   8, acGUI_FontWQY24_0049 } /* code 0049, LATIN CAPITAL LETTER I */
  ,{   8,  23,  -3,   5,   7, acGUI_FontWQY24_004A } /* code 004A, LATIN CAPITAL LETTER J */
  ,{  13,  18,   2,   5,  14, acGUI_FontWQY24_004B } /* code 004B, LATIN CAPITAL LETTER K */
  ,{  10,  18,   2,   5,  12, acGUI_FontWQY24_004C } /* code 004C, LATIN CAPITAL LETTER L */
  ,{  18,  18,   2,   5,  22, acGUI_FontWQY24_004D } /* code 004D, LATIN CAPITAL LETTER M */
  ,{  14,  18,   2,   5,  18, acGUI_FontWQY24_004E } /* code 004E, LATIN CAPITAL LETTER N */
  ,{  15,  18,   2,   5,  19, acGUI_FontWQY24_004F } /* code 004F, LATIN CAPITAL LETTER O */
  ,{  10,  18,   2,   5,  14, acGUI_FontWQY24_0050 } /* code 0050, LATIN CAPITAL LETTER P */
  ,{  15,  23,   2,   5,  19, acGUI_FontWQY24_0051 } /* code 0051, LATIN CAPITAL LETTER Q */
  ,{  13,  18,   2,   5,  15, acGUI_FontWQY24_0052 } /* code 0052, LATIN CAPITAL LETTER R */
  ,{  10,  18,   1,   5,  13, acGUI_FontWQY24_0053 } /* code 0053, LATIN CAPITAL LETTER S */
  ,{  12,  18,   0,   5,  13, acGUI_FontWQY24_0054 } /* code 0054, LATIN CAPITAL LETTER T */
  ,{  13,  18,   2,   5,  17, acGUI_FontWQY24_0055 } /* code 0055, LATIN CAPITAL LETTER U */
  ,{  16,  18,  -1,   5,  14, acGUI_FontWQY24_0056 } /* code 0056, LATIN CAPITAL LETTER V */
  ,{  24,  18,  -1,   5,  22, acGUI_FontWQY24_0057 } /* code 0057, LATIN CAPITAL LETTER W */
  ,{  16,  18,  -1,   5,  14, acGUI_FontWQY24_0058 } /* code 0058, LATIN CAPITAL LETTER X */
  ,{  15,  18,  -1,   5,  13, acGUI_FontWQY24_0059 } /* code 0059, LATIN CAPITAL LETTER Y */
  ,{   9,  18,   2,   5,  13, acGUI_FontWQY24_005A } /* code 005A, LATIN CAPITAL LETTER Z */
  ,{   5,  22,   2,   5,   8, acGUI_FontWQY24_005B } /* code 005B, LEFT SQUARE BRACKET */
  ,{  10,  18,  -1,   5,   9, acGUI_FontWQY24_005C } /* code 005C, REVERSE SOLIDUS */
  ,{   5,  22,   1,   5,   8, acGUI_FontWQY24_005D } /* code 005D, RIGHT SQUARE BRACKET */
  ,{  12,  11,   1,   5,  13, acGUI_FontWQY24_005E } /* code 005E, CIRCUMFLEX ACCENT */
  ,{  10,   2,   0,  25,  10, acGUI_FontWQY24_005F } /* code 005F, LOW LINE */
  ,{   5,   4,   5,   4,  14, acGUI_FontWQY24_0060 } /* code 0060, GRAVE ACCENT */
  ,{  10,  13,   1,  10,  13, acGUI_FontWQY24_0061 } /* code 0061, LATIN SMALL LETTER A */
  ,{  12,  19,   2,   4,  15, acGUI_FontWQY24_0062 } /* code 0062, LATIN SMALL LETTER B */
  ,{  10,  13,   1,  10,  12, acGUI_FontWQY24_0063 } /* code 0063, LATIN SMALL LETTER C */
  ,{  12,  19,   1,   4,  15, acGUI_FontWQY24_0064 } /* code 0064, LATIN SMALL LETTER D */
  ,{  11,  13,   1,  10,  13, acGUI_FontWQY24_0065 } /* code 0065, LATIN SMALL LETTER E */
  ,{   8,  19,   1,   4,   8, acGUI_FontWQY24_0066 } /* code 0066, LATIN SMALL LETTER F */
  ,{  13,  19,   0,  10,  13, acGUI_FontWQY24_0067 } /* code 0067, LATIN SMALL LETTER G */
  ,{  11,  19,   2,   4,  15, acGUI_FontWQY24_0068 } /* code 0068, LATIN SMALL LETTER H */
  ,{   4,  18,   1,   5,   6, acGUI_FontWQY24_0069 } /* code 0069, LATIN SMALL LETTER I */
  ,{   6,  24,  -1,   5,   6, acGUI_FontWQY24_006A } /* code 006A, LATIN SMALL LETTER J */
  ,{  11,  19,   2,   4,  12, acGUI_FontWQY24_006B } /* code 006B, LATIN SMALL LETTER K */
  ,{   3,  19,   2,   4,   6, acGUI_FontWQY24_006C } /* code 006C, LATIN SMALL LETTER L */
  ,{  18,  13,   2,  10,  22, acGUI_FontWQY24_006D } /* code 006D, LATIN SMALL LETTER M */
  ,{  11,  13,   2,  10,  15, acGUI_FontWQY24_006E } /* code 006E, LATIN SMALL LETTER N */
  ,{  12,  13,   1,  10,  14, acGUI_FontWQY24_006F } /* code 006F, LATIN SMALL LETTER O */
  ,{  12,  19,   2,  10,  15, acGUI_FontWQY24_0070 } /* code 0070, LATIN SMALL LETTER P */
  ,{  12,  19,   1,  10,  15, acGUI_FontWQY24_0071 } /* code 0071, LATIN SMALL LETTER Q */
  ,{   8,  13,   2,  10,  10, acGUI_FontWQY24_0072 } /* code 0072, LATIN SMALL LETTER R */
  ,{  10,  13,   0,  10,  11, acGUI_FontWQY24_0073 } /* code 0073, LATIN SMALL LETTER S */
  ,{   8,  17,   0,   6,   8, acGUI_FontWQY24_0074 } /* code 0074, LATIN SMALL LETTER T */
  ,{  11,  13,   2,  10,  15, acGUI_FontWQY24_0075 } /* code 0075, LATIN SMALL LETTER U */
  ,{  14,  13,  -1,  10,  12, acGUI_FontWQY24_0076 } /* code 0076, LATIN SMALL LETTER V */
  ,{  21,  13,  -1,  10,  19, acGUI_FontWQY24_0077 } /* code 0077, LATIN SMALL LETTER W */
  ,{  12,  13,   0,  10,  12, acGUI_FontWQY24_0078 } /* code 0078, LATIN SMALL LETTER X */
  ,{  14,  19,  -1,  10,  12, acGUI_FontWQY24_0079 } /* code 0079, LATIN SMALL LETTER Y */
  ,{  10,  13,   1,  10,  11, acGUI_FontWQY24_007A } /* code 007A, LATIN SMALL LETTER Z */
  ,{   7,  22,   1,   5,   9, acGUI_FontWQY24_007B } /* code 007B, LEFT CURLY BRACKET */
  ,{   2,  25,   6,   4,  14, acGUI_FontWQY24_007C } /* code 007C, VERTICAL LINE */
  ,{   7,  22,   1,   5,   9, acGUI_FontWQY24_007D } /* code 007D, RIGHT CURLY BRACKET */
  ,{  12,   3,   1,  13,  14, acGUI_FontWQY24_007E } /* code 007E, TILDE */
  ,{  21,  24,   2,   2,  25, acGUI_FontWQY24_4E2D } /* code 4E2D */
  ,{  21,  24,   2,   2,  25, acGUI_FontWQY24_51FA } /* code 51FA */
  ,{  23,  24,   1,   2,  25, acGUI_FontWQY24_5347 } /* code 5347 */
  ,{  23,  23,   1,   3,  25, acGUI_FontWQY24_5382 } /* code 5382 */
  ,{  22,  24,   1,   2,  25, acGUI_FontWQY24_542F } /* code 542F */
  ,{  23,  23,   1,   3,  25, acGUI_FontWQY24_5668 } /* code 5668 */
  ,{  21,  24,   2,   2,  25, acGUI_FontWQY24_590D } /* code 590D */
  ,{  23,  24,   1,   2,  25, acGUI_FontWQY24_6062 } /* code 6062 */
  ,{  19,  24,   3,   2,  25, acGUI_FontWQY24_7531 } /* code 7531 */
  ,{  22,  23,   1,   3,  25, acGUI_FontWQY24_7CFB } /* code 7CFB */
  ,{  23,  24,   1,   2,  25, acGUI_FontWQY24_7EA7 } /* code 7EA7 */
  ,{  23,  24,   1,   2,  25, acGUI_FontWQY24_7EDF } /* code 7EDF */
  ,{  23,  22,   1,   3,  25, acGUI_FontWQY24_7F6E } /* code 7F6E */
  ,{  23,  24,   1,   2,  25, acGUI_FontWQY24_8BBE } /* code 8BBE */
  ,{  23,  24,   1,   2,  25, acGUI_FontWQY24_8DEF } /* code 8DEF */
  ,{  23,  22,   1,   3,  25, acGUI_FontWQY24_91CD } /* code 91CD */
};

GUI_CONST_STORAGE GUI_FONT_PROP_EXT GUI_FontWQY24_Prop17 = {
   0x91CD /* first character */
  ,0x91CD /* last character  */
  ,&GUI_FontWQY24_CharInfo[110] /* address of first character */
  ,(GUI_CONST_STORAGE GUI_FONT_PROP_EXT *)0 /* pointer to next GUI_FONT_PROP_EXT */
};

GUI_CONST_STORAGE GUI_FONT_PROP_EXT GUI_FontWQY24_Prop16 = {
   0x8DEF /* first character */
  ,0x8DEF /* last character  */
  ,&GUI_FontWQY24_CharInfo[109] /* address of first character */
  ,&GUI_FontWQY24_Prop17 /* pointer to next GUI_FONT_PROP_EXT */
};

GUI_CONST_STORAGE GUI_FONT_PROP_EXT GUI_FontWQY24_Prop15 = {
   0x8BBE /* first character */
  ,0x8BBE /* last character  */
  ,&GUI_FontWQY24_CharInfo[108] /* address of first character */
  ,&GUI_FontWQY24_Prop16 /* pointer to next GUI_FONT_PROP_EXT */
};

GUI_CONST_STORAGE GUI_FONT_PROP_EXT GUI_FontWQY24_Prop14 = {
   0x7F6E /* first character */
  ,0x7F6E /* last character  */
  ,&GUI_FontWQY24_CharInfo[107] /* address of first character */
  ,&GUI_FontWQY24_Prop15 /* pointer to next GUI_FONT_PROP_EXT */
};

GUI_CONST_STORAGE GUI_FONT_PROP_EXT GUI_FontWQY24_Prop13 = {
   0x7EDF /* first character */
  ,0x7EDF /* last character  */
  ,&GUI_FontWQY24_CharInfo[106] /* address of first character */
  ,&GUI_FontWQY24_Prop14 /* pointer to next GUI_FONT_PROP_EXT */
};

GUI_CONST_STORAGE GUI_FONT_PROP_EXT GUI_FontWQY24_Prop12 = {
   0x7EA7 /* first character */
  ,0x7EA7 /* last character  */
  ,&GUI_FontWQY24_CharInfo[105] /* address of first character */
  ,&GUI_FontWQY24_Prop13 /* pointer to next GUI_FONT_PROP_EXT */
};

GUI_CONST_STORAGE GUI_FONT_PROP_EXT GUI_FontWQY24_Prop11 = {
   0x7CFB /* first character */
  ,0x7CFB /* last character  */
  ,&GUI_FontWQY24_CharInfo[104] /* address of first character */
  ,&GUI_FontWQY24_Prop12 /* pointer to next GUI_FONT_PROP_EXT */
};

GUI_CONST_STORAGE GUI_FONT_PROP_EXT GUI_FontWQY24_Prop10 = {
   0x7531 /* first character */
  ,0x7531 /* last character  */
  ,&GUI_FontWQY24_CharInfo[103] /* address of first character */
  ,&GUI_FontWQY24_Prop11 /* pointer to next GUI_FONT_PROP_EXT */
};

GUI_CONST_STORAGE GUI_FONT_PROP_EXT GUI_FontWQY24_Prop9 = {
   0x6062 /* first character */
  ,0x6062 /* last character  */
  ,&GUI_FontWQY24_CharInfo[102] /* address of first character */
  ,&GUI_FontWQY24_Prop10 /* pointer to next GUI_FONT_PROP_EXT */
};

GUI_CONST_STORAGE GUI_FONT_PROP_EXT GUI_FontWQY24_Prop8 = {
   0x590D /* first character */
  ,0x590D /* last character  */
  ,&GUI_FontWQY24_CharInfo[101] /* address of first character */
  ,&GUI_FontWQY24_Prop9 /* pointer to next GUI_FONT_PROP_EXT */
};

GUI_CONST_STORAGE GUI_FONT_PROP_EXT GUI_FontWQY24_Prop7 = {
   0x5668 /* first character */
  ,0x5668 /* last character  */
  ,&GUI_FontWQY24_CharInfo[100] /* address of first character */
  ,&GUI_FontWQY24_Prop8 /* pointer to next GUI_FONT_PROP_EXT */
};

GUI_CONST_STORAGE GUI_FONT_PROP_EXT GUI_FontWQY24_Prop6 = {
   0x542F /* first character */
  ,0x542F /* last character  */
  ,&GUI_FontWQY24_CharInfo[ 99] /* address of first character */
  ,&GUI_FontWQY24_Prop7 /* pointer to next GUI_FONT_PROP_EXT */
};

GUI_CONST_STORAGE GUI_FONT_PROP_EXT GUI_FontWQY24_Prop5 = {
   0x5382 /* first character */
  ,0x5382 /* last character  */
  ,&GUI_FontWQY24_CharInfo[ 98] /* address of first character */
  ,&GUI_FontWQY24_Prop6 /* pointer to next GUI_FONT_PROP_EXT */
};

GUI_CONST_STORAGE GUI_FONT_PROP_EXT GUI_FontWQY24_Prop4 = {
   0x5347 /* first character */
  ,0x5347 /* last character  */
  ,&GUI_FontWQY24_CharInfo[ 97] /* address of first character */
  ,&GUI_FontWQY24_Prop5 /* pointer to next GUI_FONT_PROP_EXT */
};

GUI_CONST_STORAGE GUI_FONT_PROP_EXT GUI_FontWQY24_Prop3 = {
   0x51FA /* first character */
  ,0x51FA /* last character  */
  ,&GUI_FontWQY24_CharInfo[ 96] /* address of first character */
  ,&GUI_FontWQY24_Prop4 /* pointer to next GUI_FONT_PROP_EXT */
};

GUI_CONST_STORAGE GUI_FONT_PROP_EXT GUI_FontWQY24_Prop2 = {
   0x4E2D /* first character */
  ,0x4E2D /* last character  */
  ,&GUI_FontWQY24_CharInfo[ 95] /* address of first character */
  ,&GUI_FontWQY24_Prop3 /* pointer to next GUI_FONT_PROP_EXT */
};

GUI_CONST_STORAGE GUI_FONT_PROP_EXT GUI_FontWQY24_Prop1 = {
   0x0020 /* first character */
  ,0x007E /* last character  */
  ,&GUI_FontWQY24_CharInfo[  0] /* address of first character */
  ,&GUI_FontWQY24_Prop2 /* pointer to next GUI_FONT_PROP_EXT */
};

GUI_CONST_STORAGE GUI_FONT GUI_FontWQY24 = {
   GUI_FONTTYPE_PROP_AA4_EXT /* type of font    */
  ,29 /* height of font  */
  ,29 /* space of font y */
  ,1 /* magnification x */
  ,1 /* magnification y */
  ,{&GUI_FontWQY24_Prop1}
  ,23 /* Baseline */
  ,13 /* Height of lowercase characters */
  ,18 /* Height of capital characters */
};

